[2026-10-05--23-28-15 INFO actix_server::builder] starting 5 workers
[2026-10-05--23-28-15 INFO actix_server::server] Tokio runtime found; starting in existing Tokio runtime
[2026-10-05--23-28-15 INFO actix_server::server] starting service: "actix-web-service-127.0.0.1:18488", workers: 5, listening on: 127.0.0.1:18488
[2026-10-05--23-28-21 WARN hyper_util::client::legacy::connect::http] tcp set_tcp_user_timeout error: Protocol not available (os error 92)
[2026-10-05--23-28-21 INFO parity_ws] Listening for new connections on 127.0.0.1:8900.
[2026-10-05--23-28-21 WARN hyper_util::client::legacy::connect::http] tcp set_tcp_user_timeout error: Protocol not available (os error 92)
[2026-10-05--23-28-26 WARN hyper_util::client::legacy::connect::http] tcp set_tcp_user_timeout error: Protocol not available (os error 92)
[2026-10-05--23-28-31 WARN hyper_util::client::legacy::connect::http] tcp set_tcp_user_timeout error: Protocol not available (os error 92)
[2026-10-05--23-28-31 WARN hyper_util::client::legacy::connect::http] tcp set_tcp_user_timeout error: Protocol not available (os error 92)
[2026-10-05--23-28-32 WARN hyper_util::client::legacy::connect::http] tcp set_tcp_user_timeout error: Protocol not available (os error 92)
[2026-10-05--23-28-32 WARN hyper_util::client::legacy::connect::http] tcp set_tcp_user_timeout error: Protocol not available (os error 92)
[2026-10-05--23-28-32 WARN hyper_util::client::legacy::connect::http] tcp set_tcp_user_timeout error: Protocol not available (os error 92)
[2026-10-05--23-28-32 INFO txtx::svm::deploy_program] [Recovery Instructions] - An ephemeral authority account will be created and funded to write to the buffer account.
[2026-10-05--23-28-32 INFO txtx::svm::deploy_program] [Recovery Instructions] - Please save the following information in case the deployment fails and the account needs to be recovered:
[2026-10-05--23-28-32 INFO txtx::svm::deploy_program] [Recovery Instructions] - Ephemeral authority public key: 8mFX6riqA1vYFmzjfmf9GXhUJ8THVqz9ViyoF2Pxv2r2
[2026-10-05--23-28-32 INFO txtx::svm::deploy_program] [Recovery Instructions] - Ephemeral authority secret key: [35, 216, 84, 23, 161, 4, 26, 4, 236, 117, 255, 5, 129, 77, 166, 248, 0, 30, 137, 204, 51, 71, 17, 184, 101, 82, 21, 93, 160, 148, 124, 139, 115, 87, 199, 223, 53, 188, 54, 84, 77, 44, 34, 37, 177, 42, 65, 48, 208, 110, 246, 251, 227, 23, 4, 162, 62, 152, 51, 182, 72, 49, 135, 247]
[2026-10-05--23-28-37 WARN hyper_util::client::legacy::connect::http] tcp set_tcp_user_timeout error: Protocol not available (os error 92)
[2026-10-05--23-28-37 WARN hyper_util::client::legacy::connect::http] tcp set_tcp_user_timeout error: Protocol not available (os error 92)
[2026-10-05--23-28-37 WARN hyper_util::client::legacy::connect::http] tcp set_tcp_user_timeout error: Protocol not available (os error 92)
[2026-10-05--23-28-37 INFO txtx::svm::deploy_program] Account Created - Ephemeral authority account created and funded to write to buffer
[2026-10-05--23-28-37 WARN hyper_util::client::legacy::connect::http] tcp set_tcp_user_timeout error: Protocol not available (os error 92)
[2026-10-05--23-28-37 INFO txtx::svm::deploy_program] [Recovery Instructions] - Creating program buffer account at pubkey FfP6b6wL7pMR7K7AUCQobBoRgUrWVVMdo6xpATdLt39m
[2026-10-05--23-28-38 WARN hyper_util::client::legacy::connect::http] tcp set_tcp_user_timeout error: Protocol not available (os error 92)
[2026-10-05--23-28-38 INFO txtx::svm::deploy_program] Account Created - Program buffer account created
[2026-10-05--23-28-38 WARN hyper_util::client::legacy::connect::http] tcp set_tcp_user_timeout error: Protocol not available (os error 92)
[2026-10-05--23-28-38 WARN hyper_util::client::legacy::connect::http] tcp set_tcp_user_timeout error: Protocol not available (os error 92)
[2026-10-05--23-28-38 WARN hyper_util::client::legacy::connect::http] tcp set_tcp_user_timeout error: Protocol not available (os error 92)
[2026-10-05--23-28-38 WARN hyper_util::client::legacy::connect::http] tcp set_tcp_user_timeout error: Protocol not available (os error 92)
[2026-10-05--23-28-38 WARN hyper_util::client::legacy::connect::http] tcp set_tcp_user_timeout error: Protocol not available (os error 92)
[2026-10-05--23-28-38 WARN hyper_util::client::legacy::connect::http] tcp set_tcp_user_timeout error: Protocol not available (os error 92)
[2026-10-05--23-28-38 WARN hyper_util::client::legacy::connect::http] tcp set_tcp_user_timeout error: Protocol not available (os error 92)
[2026-10-05--23-28-38 WARN hyper_util::client::legacy::connect::http] tcp set_tcp_user_timeout error: Protocol not available (os error 92)
[2026-10-05--23-28-38 WARN hyper_util::client::legacy::connect::http] tcp set_tcp_user_timeout error: Protocol not available (os error 92)
[2026-10-05--23-28-38 WARN hyper_util::client::legacy::connect::http] tcp set_tcp_user_timeout error: Protocol not available (os error 92)
[2026-10-05--23-28-38 WARN hyper_util::client::legacy::connect::http] tcp set_tcp_user_timeout error: Protocol not available (os error 92)
[2026-10-05--23-28-38 WARN hyper_util::client::legacy::connect::http] tcp set_tcp_user_timeout error: Protocol not available (os error 92)
[2026-10-05--23-28-38 WARN hyper_util::client::legacy::connect::http] tcp set_tcp_user_timeout error: Protocol not available (os error 92)
[2026-10-05--23-28-38 WARN hyper_util::client::legacy::connect::http] tcp set_tcp_user_timeout error: Protocol not available (os error 92)
[2026-10-05--23-28-38 WARN hyper_util::client::legacy::connect::http] tcp set_tcp_user_timeout error: Protocol not available (os error 92)
[2026-10-05--23-28-38 WARN hyper_util::client::legacy::connect::http] tcp set_tcp_user_timeout error: Protocol not available (os error 92)
[2026-10-05--23-28-38 WARN hyper_util::client::legacy::connect::http] tcp set_tcp_user_timeout error: Protocol not available (os error 92)
[2026-10-05--23-28-38 WARN hyper_util::client::legacy::connect::http] tcp set_tcp_user_timeout error: Protocol not available (os error 92)
[2026-10-05--23-28-38 WARN hyper_util::client::legacy::connect::http] tcp set_tcp_user_timeout error: Protocol not available (os error 92)
[2026-10-05--23-28-38 WARN hyper_util::client::legacy::connect::http] tcp set_tcp_user_timeout error: Protocol not available (os error 92)
[2026-10-05--23-28-38 WARN hyper_util::client::legacy::connect::http] tcp set_tcp_user_timeout error: Protocol not available (os error 92)
[2026-10-05--23-28-38 WARN hyper_util::client::legacy::connect::http] tcp set_tcp_user_timeout error: Protocol not available (os error 92)
[2026-10-05--23-28-38 WARN hyper_util::client::legacy::connect::http] tcp set_tcp_user_timeout error: Protocol not available (os error 92)
[2026-10-05--23-28-38 WARN hyper_util::client::legacy::connect::http] tcp set_tcp_user_timeout error: Protocol not available (os error 92)
[2026-10-05--23-28-38 WARN hyper_util::client::legacy::connect::http] tcp set_tcp_user_timeout error: Protocol not available (os error 92)
[2026-10-05--23-28-38 WARN hyper_util::client::legacy::connect::http] tcp set_tcp_user_timeout error: Protocol not available (os error 92)
[2026-10-05--23-28-38 WARN hyper_util::client::legacy::connect::http] tcp set_tcp_user_timeout error: Protocol not available (os error 92)
[2026-10-05--23-28-38 WARN hyper_util::client::legacy::connect::http] tcp set_tcp_user_timeout error: Protocol not available (os error 92)
[2026-10-05--23-28-38 WARN hyper_util::client::legacy::connect::http] tcp set_tcp_user_timeout error: Protocol not available (os error 92)
[2026-10-05--23-28-38 WARN hyper_util::client::legacy::connect::http] tcp set_tcp_user_timeout error: Protocol not available (os error 92)
[2026-10-05--23-28-38 WARN hyper_util::client::legacy::connect::http] tcp set_tcp_user_timeout error: Protocol not available (os error 92)
[2026-10-05--23-28-38 WARN hyper_util::client::legacy::connect::http] tcp set_tcp_user_timeout error: Protocol not available (os error 92)
[2026-10-05--23-28-38 WARN hyper_util::client::legacy::connect::http] tcp set_tcp_user_timeout error: Protocol not available (os error 92)
[2026-10-05--23-28-38 WARN hyper_util::client::legacy::connect::http] tcp set_tcp_user_timeout error: Protocol not available (os error 92)
[2026-10-05--23-28-38 WARN hyper_util::client::legacy::connect::http] tcp set_tcp_user_timeout error: Protocol not available (os error 92)
[2026-10-05--23-28-38 WARN hyper_util::client::legacy::connect::http] tcp set_tcp_user_timeout error: Protocol not available (os error 92)
[2026-10-05--23-28-38 WARN hyper_util::client::legacy::connect::http] tcp set_tcp_user_timeout error: Protocol not available (os error 92)
[2026-10-05--23-28-38 WARN hyper_util::client::legacy::connect::http] tcp set_tcp_user_timeout error: Protocol not available (os error 92)
[2026-10-05--23-28-38 WARN hyper_util::client::legacy::connect::http] tcp set_tcp_user_timeout error: Protocol not available (os error 92)
[2026-10-05--23-28-38 WARN hyper_util::client::legacy::connect::http] tcp set_tcp_user_timeout error: Protocol not available (os error 92)
[2026-10-05--23-28-38 WARN hyper_util::client::legacy::connect::http] tcp set_tcp_user_timeout error: Protocol not available (os error 92)
[2026-10-05--23-28-38 WARN hyper_util::client::legacy::connect::http] tcp set_tcp_user_timeout error: Protocol not available (os error 92)
[2026-10-05--23-28-38 WARN hyper_util::client::legacy::connect::http] tcp set_tcp_user_timeout error: Protocol not available (os error 92)
[2026-10-05--23-28-38 WARN hyper_util::client::legacy::connect::http] tcp set_tcp_user_timeout error: Protocol not available (os error 92)
[2026-10-05--23-28-38 WARN hyper_util::client::legacy::connect::http] tcp set_tcp_user_timeout error: Protocol not available (os error 92)
[2026-10-05--23-28-38 WARN hyper_util::client::legacy::connect::http] tcp set_tcp_user_timeout error: Protocol not available (os error 92)
[2026-10-05--23-28-38 WARN hyper_util::client::legacy::connect::http] tcp set_tcp_user_timeout error: Protocol not available (os error 92)
[2026-10-05--23-28-38 WARN hyper_util::client::legacy::connect::http] tcp set_tcp_user_timeout error: Protocol not available (os error 92)
[2026-10-05--23-28-38 WARN hyper_util::client::legacy::connect::http] tcp set_tcp_user_timeout error: Protocol not available (os error 92)
[2026-10-05--23-28-38 WARN hyper_util::client::legacy::connect::http] tcp set_tcp_user_timeout error: Protocol not available (os error 92)
[2026-10-05--23-28-38 WARN hyper_util::client::legacy::connect::http] tcp set_tcp_user_timeout error: Protocol not available (os error 92)
[2026-10-05--23-28-38 WARN hyper_util::client::legacy::connect::http] tcp set_tcp_user_timeout error: Protocol not available (os error 92)
[2026-10-05--23-28-38 WARN hyper_util::client::legacy::connect::http] tcp set_tcp_user_timeout error: Protocol not available (os error 92)
[2026-10-05--23-28-38 WARN hyper_util::client::legacy::connect::http] tcp set_tcp_user_timeout error: Protocol not available (os error 92)
[2026-10-05--23-28-39 WARN hyper_util::client::legacy::connect::http] tcp set_tcp_user_timeout error: Protocol not available (os error 92)
[2026-10-05--23-28-39 WARN hyper_util::client::legacy::connect::http] tcp set_tcp_user_timeout error: Protocol not available (os error 92)
[2026-10-05--23-28-39 WARN hyper_util::client::legacy::connect::http] tcp set_tcp_user_timeout error: Protocol not available (os error 92)
[2026-10-05--23-28-39 WARN hyper_util::client::legacy::connect::http] tcp set_tcp_user_timeout error: Protocol not available (os error 92)
[2026-10-05--23-28-39 WARN hyper_util::client::legacy::connect::http] tcp set_tcp_user_timeout error: Protocol not available (os error 92)
[2026-10-05--23-28-39 WARN hyper_util::client::legacy::connect::http] tcp set_tcp_user_timeout error: Protocol not available (os error 92)
[2026-10-05--23-28-39 WARN hyper_util::client::legacy::connect::http] tcp set_tcp_user_timeout error: Protocol not available (os error 92)
[2026-10-05--23-28-39 WARN hyper_util::client::legacy::connect::http] tcp set_tcp_user_timeout error: Protocol not available (os error 92)
[2026-10-05--23-28-39 WARN hyper_util::client::legacy::connect::http] tcp set_tcp_user_timeout error: Protocol not available (os error 92)
[2026-10-05--23-28-39 WARN hyper_util::client::legacy::connect::http] tcp set_tcp_user_timeout error: Protocol not available (os error 92)
[2026-10-05--23-28-39 WARN hyper_util::client::legacy::connect::http] tcp set_tcp_user_timeout error: Protocol not available (os error 92)
[2026-10-05--23-28-39 WARN hyper_util::client::legacy::connect::http] tcp set_tcp_user_timeout error: Protocol not available (os error 92)
[2026-10-05--23-28-39 WARN hyper_util::client::legacy::connect::http] tcp set_tcp_user_timeout error: Protocol not available (os error 92)
[2026-10-05--23-28-39 WARN hyper_util::client::legacy::connect::http] tcp set_tcp_user_timeout error: Protocol not available (os error 92)
[2026-10-05--23-28-39 WARN hyper_util::client::legacy::connect::http] tcp set_tcp_user_timeout error: Protocol not available (os error 92)
[2026-10-05--23-28-39 WARN hyper_util::client::legacy::connect::http] tcp set_tcp_user_timeout error: Protocol not available (os error 92)
[2026-10-05--23-28-39 WARN hyper_util::client::legacy::connect::http] tcp set_tcp_user_timeout error: Protocol not available (os error 92)
[2026-10-05--23-28-39 WARN hyper_util::client::legacy::connect::http] tcp set_tcp_user_timeout error: Protocol not available (os error 92)
[2026-10-05--23-28-39 WARN hyper_util::client::legacy::connect::http] tcp set_tcp_user_timeout error: Protocol not available (os error 92)
[2026-10-05--23-28-39 WARN hyper_util::client::legacy::connect::http] tcp set_tcp_user_timeout error: Protocol not available (os error 92)
[2026-10-05--23-28-39 WARN hyper_util::client::legacy::connect::http] tcp set_tcp_user_timeout error: Protocol not available (os error 92)
[2026-10-05--23-28-39 WARN hyper_util::client::legacy::connect::http] tcp set_tcp_user_timeout error: Protocol not available (os error 92)
[2026-10-05--23-28-39 WARN hyper_util::client::legacy::connect::http] tcp set_tcp_user_timeout error: Protocol not available (os error 92)
[2026-10-05--23-28-39 WARN hyper_util::client::legacy::connect::http] tcp set_tcp_user_timeout error: Protocol not available (os error 92)
[2026-10-05--23-28-39 WARN hyper_util::client::legacy::connect::http] tcp set_tcp_user_timeout error: Protocol not available (os error 92)
[2026-10-05--23-28-39 WARN hyper_util::client::legacy::connect::http] tcp set_tcp_user_timeout error: Protocol not available (os error 92)
[2026-10-05--23-28-39 WARN hyper_util::client::legacy::connect::http] tcp set_tcp_user_timeout error: Protocol not available (os error 92)
[2026-10-05--23-28-39 WARN hyper_util::client::legacy::connect::http] tcp set_tcp_user_timeout error: Protocol not available (os error 92)
[2026-10-05--23-28-39 WARN hyper_util::client::legacy::connect::http] tcp set_tcp_user_timeout error: Protocol not available (os error 92)
[2026-10-05--23-28-39 WARN hyper_util::client::legacy::connect::http] tcp set_tcp_user_timeout error: Protocol not available (os error 92)
[2026-10-05--23-28-39 WARN hyper_util::client::legacy::connect::http] tcp set_tcp_user_timeout error: Protocol not available (os error 92)
[2026-10-05--23-28-39 WARN hyper_util::client::legacy::connect::http] tcp set_tcp_user_timeout error: Protocol not available (os error 92)
[2026-10-05--23-28-39 WARN hyper_util::client::legacy::connect::http] tcp set_tcp_user_timeout error: Protocol not available (os error 92)
[2026-10-05--23-28-39 WARN hyper_util::client::legacy::connect::http] tcp set_tcp_user_timeout error: Protocol not available (os error 92)
[2026-10-05--23-28-39 WARN hyper_util::client::legacy::connect::http] tcp set_tcp_user_timeout error: Protocol not available (os error 92)
[2026-10-05--23-28-39 WARN hyper_util::client::legacy::connect::http] tcp set_tcp_user_timeout error: Protocol not available (os error 92)
[2026-10-05--23-28-39 WARN hyper_util::client::legacy::connect::http] tcp set_tcp_user_timeout error: Protocol not available (os error 92)
[2026-10-05--23-28-39 WARN hyper_util::client::legacy::connect::http] tcp set_tcp_user_timeout error: Protocol not available (os error 92)
[2026-10-05--23-28-39 WARN hyper_util::client::legacy::connect::http] tcp set_tcp_user_timeout error: Protocol not available (os error 92)
[2026-10-05--23-28-39 WARN hyper_util::client::legacy::connect::http] tcp set_tcp_user_timeout error: Protocol not available (os error 92)
[2026-10-05--23-28-39 WARN hyper_util::client::legacy::connect::http] tcp set_tcp_user_timeout error: Protocol not available (os error 92)
[2026-10-05--23-28-39 WARN hyper_util::client::legacy::connect::http] tcp set_tcp_user_timeout error: Protocol not available (os error 92)
[2026-10-05--23-28-39 WARN hyper_util::client::legacy::connect::http] tcp set_tcp_user_timeout error: Protocol not available (os error 92)
[2026-10-05--23-28-39 WARN hyper_util::client::legacy::connect::http] tcp set_tcp_user_timeout error: Protocol not available (os error 92)
[2026-10-05--23-28-39 WARN hyper_util::client::legacy::connect::http] tcp set_tcp_user_timeout error: Protocol not available (os error 92)
[2026-10-05--23-28-39 WARN hyper_util::client::legacy::connect::http] tcp set_tcp_user_timeout error: Protocol not available (os error 92)
[2026-10-05--23-28-39 WARN hyper_util::client::legacy::connect::http] tcp set_tcp_user_timeout error: Protocol not available (os error 92)
[2026-10-05--23-28-39 WARN hyper_util::client::legacy::connect::http] tcp set_tcp_user_timeout error: Protocol not available (os error 92)
[2026-10-05--23-28-39 WARN hyper_util::client::legacy::connect::http] tcp set_tcp_user_timeout error: Protocol not available (os error 92)
[2026-10-05--23-28-39 WARN hyper_util::client::legacy::connect::http] tcp set_tcp_user_timeout error: Protocol not available (os error 92)
[2026-10-05--23-28-39 WARN hyper_util::client::legacy::connect::http] tcp set_tcp_user_timeout error: Protocol not available (os error 92)
[2026-10-05--23-28-39 WARN hyper_util::client::legacy::connect::http] tcp set_tcp_user_timeout error: Protocol not available (os error 92)
[2026-10-05--23-28-39 WARN hyper_util::client::legacy::connect::http] tcp set_tcp_user_timeout error: Protocol not available (os error 92)
[2026-10-05--23-28-39 WARN hyper_util::client::legacy::connect::http] tcp set_tcp_user_timeout error: Protocol not available (os error 92)
[2026-10-05--23-28-39 WARN hyper_util::client::legacy::connect::http] tcp set_tcp_user_timeout error: Protocol not available (os error 92)
[2026-10-05--23-28-39 WARN hyper_util::client::legacy::connect::http] tcp set_tcp_user_timeout error: Protocol not available (os error 92)
[2026-10-05--23-28-39 WARN hyper_util::client::legacy::connect::http] tcp set_tcp_user_timeout error: Protocol not available (os error 92)
[2026-10-05--23-28-39 WARN hyper_util::client::legacy::connect::http] tcp set_tcp_user_timeout error: Protocol not available (os error 92)
[2026-10-05--23-28-39 WARN hyper_util::client::legacy::connect::http] tcp set_tcp_user_timeout error: Protocol not available (os error 92)
[2026-10-05--23-28-39 WARN hyper_util::client::legacy::connect::http] tcp set_tcp_user_timeout error: Protocol not available (os error 92)
[2026-10-05--23-28-40 WARN hyper_util::client::legacy::connect::http] tcp set_tcp_user_timeout error: Protocol not available (os error 92)
[2026-10-05--23-28-40 WARN hyper_util::client::legacy::connect::http] tcp set_tcp_user_timeout error: Protocol not available (os error 92)
[2026-10-05--23-28-40 WARN hyper_util::client::legacy::connect::http] tcp set_tcp_user_timeout error: Protocol not available (os error 92)
[2026-10-05--23-28-40 WARN hyper_util::client::legacy::connect::http] tcp set_tcp_user_timeout error: Protocol not available (os error 92)
[2026-10-05--23-28-40 WARN hyper_util::client::legacy::connect::http] tcp set_tcp_user_timeout error: Protocol not available (os error 92)
[2026-10-05--23-28-40 WARN hyper_util::client::legacy::connect::http] tcp set_tcp_user_timeout error: Protocol not available (os error 92)
[2026-10-05--23-28-40 WARN hyper_util::client::legacy::connect::http] tcp set_tcp_user_timeout error: Protocol not available (os error 92)
[2026-10-05--23-28-40 WARN hyper_util::client::legacy::connect::http] tcp set_tcp_user_timeout error: Protocol not available (os error 92)
[2026-10-05--23-28-40 WARN hyper_util::client::legacy::connect::http] tcp set_tcp_user_timeout error: Protocol not available (os error 92)
[2026-10-05--23-28-40 WARN hyper_util::client::legacy::connect::http] tcp set_tcp_user_timeout error: Protocol not available (os error 92)
[2026-10-05--23-28-40 WARN hyper_util::client::legacy::connect::http] tcp set_tcp_user_timeout error: Protocol not available (os error 92)
[2026-10-05--23-28-40 WARN hyper_util::client::legacy::connect::http] tcp set_tcp_user_timeout error: Protocol not available (os error 92)
[2026-10-05--23-28-40 WARN hyper_util::client::legacy::connect::http] tcp set_tcp_user_timeout error: Protocol not available (os error 92)
[2026-10-05--23-28-40 WARN hyper_util::client::legacy::connect::http] tcp set_tcp_user_timeout error: Protocol not available (os error 92)
[2026-10-05--23-28-40 WARN hyper_util::client::legacy::connect::http] tcp set_tcp_user_timeout error: Protocol not available (os error 92)
[2026-10-05--23-28-40 WARN hyper_util::client::legacy::connect::http] tcp set_tcp_user_timeout error: Protocol not available (os error 92)
[2026-10-05--23-28-40 WARN hyper_util::client::legacy::connect::http] tcp set_tcp_user_timeout error: Protocol not available (os error 92)
[2026-10-05--23-28-40 WARN hyper_util::client::legacy::connect::http] tcp set_tcp_user_timeout error: Protocol not available (os error 92)
[2026-10-05--23-28-40 WARN hyper_util::client::legacy::connect::http] tcp set_tcp_user_timeout error: Protocol not available (os error 92)
[2026-10-05--23-28-40 WARN hyper_util::client::legacy::connect::http] tcp set_tcp_user_timeout error: Protocol not available (os error 92)
[2026-10-05--23-28-40 WARN hyper_util::client::legacy::connect::http] tcp set_tcp_user_timeout error: Protocol not available (os error 92)
[2026-10-05--23-28-40 WARN hyper_util::client::legacy::connect::http] tcp set_tcp_user_timeout error: Protocol not available (os error 92)
[2026-10-05--23-28-40 WARN hyper_util::client::legacy::connect::http] tcp set_tcp_user_timeout error: Protocol not available (os error 92)
[2026-10-05--23-28-40 WARN hyper_util::client::legacy::connect::http] tcp set_tcp_user_timeout error: Protocol not available (os error 92)
[2026-10-05--23-28-40 WARN hyper_util::client::legacy::connect::http] tcp set_tcp_user_timeout error: Protocol not available (os error 92)
[2026-10-05--23-28-40 WARN hyper_util::client::legacy::connect::http] tcp set_tcp_user_timeout error: Protocol not available (os error 92)
[2026-10-05--23-28-40 WARN hyper_util::client::legacy::connect::http] tcp set_tcp_user_timeout error: Protocol not available (os error 92)
[2026-10-05--23-28-40 WARN hyper_util::client::legacy::connect::http] tcp set_tcp_user_timeout error: Protocol not available (os error 92)
[2026-10-05--23-28-40 WARN hyper_util::client::legacy::connect::http] tcp set_tcp_user_timeout error: Protocol not available (os error 92)
[2026-10-05--23-28-40 WARN hyper_util::client::legacy::connect::http] tcp set_tcp_user_timeout error: Protocol not available (os error 92)
[2026-10-05--23-28-40 WARN hyper_util::client::legacy::connect::http] tcp set_tcp_user_timeout error: Protocol not available (os error 92)
[2026-10-05--23-28-40 WARN hyper_util::client::legacy::connect::http] tcp set_tcp_user_timeout error: Protocol not available (os error 92)
[2026-10-05--23-28-40 WARN hyper_util::client::legacy::connect::http] tcp set_tcp_user_timeout error: Protocol not available (os error 92)
[2026-10-05--23-28-40 WARN hyper_util::client::legacy::connect::http] tcp set_tcp_user_timeout error: Protocol not available (os error 92)
[2026-10-05--23-28-40 WARN hyper_util::client::legacy::connect::http] tcp set_tcp_user_timeout error: Protocol not available (os error 92)
[2026-10-05--23-28-40 WARN hyper_util::client::legacy::connect::http] tcp set_tcp_user_timeout error: Protocol not available (os error 92)
[2026-10-05--23-28-40 WARN hyper_util::client::legacy::connect::http] tcp set_tcp_user_timeout error: Protocol not available (os error 92)
[2026-10-05--23-28-40 WARN hyper_util::client::legacy::connect::http] tcp set_tcp_user_timeout error: Protocol not available (os error 92)
[2026-10-05--23-28-40 WARN hyper_util::client::legacy::connect::http] tcp set_tcp_user_timeout error: Protocol not available (os error 92)
[2026-10-05--23-28-40 WARN hyper_util::client::legacy::connect::http] tcp set_tcp_user_timeout error: Protocol not available (os error 92)
[2026-10-05--23-28-40 WARN hyper_util::client::legacy::connect::http] tcp set_tcp_user_timeout error: Protocol not available (os error 92)
[2026-10-05--23-28-40 WARN hyper_util::client::legacy::connect::http] tcp set_tcp_user_timeout error: Protocol not available (os error 92)
[2026-10-05--23-28-40 WARN hyper_util::client::legacy::connect::http] tcp set_tcp_user_timeout error: Protocol not available (os error 92)
[2026-10-05--23-28-40 WARN hyper_util::client::legacy::connect::http] tcp set_tcp_user_timeout error: Protocol not available (os error 92)
[2026-10-05--23-28-40 WARN hyper_util::client::legacy::connect::http] tcp set_tcp_user_timeout error: Protocol not available (os error 92)
[2026-10-05--23-28-40 WARN hyper_util::client::legacy::connect::http] tcp set_tcp_user_timeout error: Protocol not available (os error 92)
[2026-10-05--23-28-40 WARN hyper_util::client::legacy::connect::http] tcp set_tcp_user_timeout error: Protocol not available (os error 92)
[2026-10-05--23-28-40 WARN hyper_util::client::legacy::connect::http] tcp set_tcp_user_timeout error: Protocol not available (os error 92)
[2026-10-05--23-28-40 WARN hyper_util::client::legacy::connect::http] tcp set_tcp_user_timeout error: Protocol not available (os error 92)
[2026-10-05--23-28-40 WARN hyper_util::client::legacy::connect::http] tcp set_tcp_user_timeout error: Protocol not available (os error 92)
[2026-10-05--23-28-40 WARN hyper_util::client::legacy::connect::http] tcp set_tcp_user_timeout error: Protocol not available (os error 92)
[2026-10-05--23-28-40 WARN hyper_util::client::legacy::connect::http] tcp set_tcp_user_timeout error: Protocol not available (os error 92)
[2026-10-05--23-28-40 WARN hyper_util::client::legacy::connect::http] tcp set_tcp_user_timeout error: Protocol not available (os error 92)
[2026-10-05--23-28-40 WARN hyper_util::client::legacy::connect::http] tcp set_tcp_user_timeout error: Protocol not available (os error 92)
[2026-10-05--23-28-40 WARN hyper_util::client::legacy::connect::http] tcp set_tcp_user_timeout error: Protocol not available (os error 92)
[2026-10-05--23-28-40 WARN hyper_util::client::legacy::connect::http] tcp set_tcp_user_timeout error: Protocol not available (os error 92)
[2026-10-05--23-28-40 WARN hyper_util::client::legacy::connect::http] tcp set_tcp_user_timeout error: Protocol not available (os error 92)
[2026-10-05--23-28-40 WARN hyper_util::client::legacy::connect::http] tcp set_tcp_user_timeout error: Protocol not available (os error 92)
[2026-10-05--23-28-40 WARN hyper_util::client::legacy::connect::http] tcp set_tcp_user_timeout error: Protocol not available (os error 92)
[2026-10-05--23-28-40 WARN hyper_util::client::legacy::connect::http] tcp set_tcp_user_timeout error: Protocol not available (os error 92)
[2026-10-05--23-28-40 WARN hyper_util::client::legacy::connect::http] tcp set_tcp_user_timeout error: Protocol not available (os error 92)
[2026-10-05--23-28-40 WARN hyper_util::client::legacy::connect::http] tcp set_tcp_user_timeout error: Protocol not available (os error 92)
[2026-10-05--23-28-40 WARN hyper_util::client::legacy::connect::http] tcp set_tcp_user_timeout error: Protocol not available (os error 92)
[2026-10-05--23-28-40 WARN hyper_util::client::legacy::connect::http] tcp set_tcp_user_timeout error: Protocol not available (os error 92)
[2026-10-05--23-28-40 WARN hyper_util::client::legacy::connect::http] tcp set_tcp_user_timeout error: Protocol not available (os error 92)
[2026-10-05--23-28-40 WARN hyper_util::client::legacy::connect::http] tcp set_tcp_user_timeout error: Protocol not available (os error 92)
[2026-10-05--23-28-40 WARN hyper_util::client::legacy::connect::http] tcp set_tcp_user_timeout error: Protocol not available (os error 92)
[2026-10-05--23-28-40 WARN hyper_util::client::legacy::connect::http] tcp set_tcp_user_timeout error: Protocol not available (os error 92)
[2026-10-05--23-28-40 WARN hyper_util::client::legacy::connect::http] tcp set_tcp_user_timeout error: Protocol not available (os error 92)
[2026-10-05--23-28-40 WARN hyper_util::client::legacy::connect::http] tcp set_tcp_user_timeout error: Protocol not available (os error 92)
[2026-10-05--23-28-40 WARN hyper_util::client::legacy::connect::http] tcp set_tcp_user_timeout error: Protocol not available (os error 92)
[2026-10-05--23-28-40 WARN hyper_util::client::legacy::connect::http] tcp set_tcp_user_timeout error: Protocol not available (os error 92)
[2026-10-05--23-28-40 WARN hyper_util::client::legacy::connect::http] tcp set_tcp_user_timeout error: Protocol not available (os error 92)
[2026-10-05--23-28-40 WARN hyper_util::client::legacy::connect::http] tcp set_tcp_user_timeout error: Protocol not available (os error 92)
[2026-10-05--23-28-40 WARN hyper_util::client::legacy::connect::http] tcp set_tcp_user_timeout error: Protocol not available (os error 92)
[2026-10-05--23-28-41 WARN hyper_util::client::legacy::connect::http] tcp set_tcp_user_timeout error: Protocol not available (os error 92)
[2026-10-05--23-28-41 WARN hyper_util::client::legacy::connect::http] tcp set_tcp_user_timeout error: Protocol not available (os error 92)
[2026-10-05--23-28-41 WARN hyper_util::client::legacy::connect::http] tcp set_tcp_user_timeout error: Protocol not available (os error 92)
[2026-10-05--23-28-41 WARN hyper_util::client::legacy::connect::http] tcp set_tcp_user_timeout error: Protocol not available (os error 92)
[2026-10-05--23-28-41 WARN hyper_util::client::legacy::connect::http] tcp set_tcp_user_timeout error: Protocol not available (os error 92)
[2026-10-05--23-28-41 WARN hyper_util::client::legacy::connect::http] tcp set_tcp_user_timeout error: Protocol not available (os error 92)
[2026-10-05--23-28-41 WARN hyper_util::client::legacy::connect::http] tcp set_tcp_user_timeout error: Protocol not available (os error 92)
[2026-10-05--23-28-41 WARN hyper_util::client::legacy::connect::http] tcp set_tcp_user_timeout error: Protocol not available (os error 92)
[2026-10-05--23-28-41 WARN hyper_util::client::legacy::connect::http] tcp set_tcp_user_timeout error: Protocol not available (os error 92)
[2026-10-05--23-28-41 WARN hyper_util::client::legacy::connect::http] tcp set_tcp_user_timeout error: Protocol not available (os error 92)
[2026-10-05--23-28-41 WARN hyper_util::client::legacy::connect::http] tcp set_tcp_user_timeout error: Protocol not available (os error 92)
[2026-10-05--23-28-41 WARN hyper_util::client::legacy::connect::http] tcp set_tcp_user_timeout error: Protocol not available (os error 92)
[2026-10-05--23-28-41 WARN hyper_util::client::legacy::connect::http] tcp set_tcp_user_timeout error: Protocol not available (os error 92)
[2026-10-05--23-28-41 WARN hyper_util::client::legacy::connect::http] tcp set_tcp_user_timeout error: Protocol not available (os error 92)
[2026-10-05--23-28-41 WARN hyper_util::client::legacy::connect::http] tcp set_tcp_user_timeout error: Protocol not available (os error 92)
[2026-10-05--23-28-41 WARN hyper_util::client::legacy::connect::http] tcp set_tcp_user_timeout error: Protocol not available (os error 92)
[2026-10-05--23-28-41 WARN hyper_util::client::legacy::connect::http] tcp set_tcp_user_timeout error: Protocol not available (os error 92)
[2026-10-05--23-28-41 WARN hyper_util::client::legacy::connect::http] tcp set_tcp_user_timeout error: Protocol not available (os error 92)
[2026-10-05--23-28-41 WARN hyper_util::client::legacy::connect::http] tcp set_tcp_user_timeout error: Protocol not available (os error 92)
[2026-10-05--23-28-41 WARN hyper_util::client::legacy::connect::http] tcp set_tcp_user_timeout error: Protocol not available (os error 92)
[2026-10-05--23-28-41 WARN hyper_util::client::legacy::connect::http] tcp set_tcp_user_timeout error: Protocol not available (os error 92)
[2026-10-05--23-28-41 WARN hyper_util::client::legacy::connect::http] tcp set_tcp_user_timeout error: Protocol not available (os error 92)
[2026-10-05--23-28-41 WARN hyper_util::client::legacy::connect::http] tcp set_tcp_user_timeout error: Protocol not available (os error 92)
[2026-10-05--23-28-41 WARN hyper_util::client::legacy::connect::http] tcp set_tcp_user_timeout error: Protocol not available (os error 92)
[2026-10-05--23-28-41 WARN hyper_util::client::legacy::connect::http] tcp set_tcp_user_timeout error: Protocol not available (os error 92)
[2026-10-05--23-28-41 WARN hyper_util::client::legacy::connect::http] tcp set_tcp_user_timeout error: Protocol not available (os error 92)
[2026-10-05--23-28-41 WARN hyper_util::client::legacy::connect::http] tcp set_tcp_user_timeout error: Protocol not available (os error 92)
[2026-10-05--23-28-41 WARN hyper_util::client::legacy::connect::http] tcp set_tcp_user_timeout error: Protocol not available (os error 92)
[2026-10-05--23-28-41 WARN hyper_util::client::legacy::connect::http] tcp set_tcp_user_timeout error: Protocol not available (os error 92)
[2026-10-05--23-28-41 WARN hyper_util::client::legacy::connect::http] tcp set_tcp_user_timeout error: Protocol not available (os error 92)
[2026-10-05--23-28-41 WARN hyper_util::client::legacy::connect::http] tcp set_tcp_user_timeout error: Protocol not available (os error 92)
[2026-10-05--23-28-41 WARN hyper_util::client::legacy::connect::http] tcp set_tcp_user_timeout error: Protocol not available (os error 92)
[2026-10-05--23-28-41 WARN hyper_util::client::legacy::connect::http] tcp set_tcp_user_timeout error: Protocol not available (os error 92)
[2026-10-05--23-28-41 WARN hyper_util::client::legacy::connect::http] tcp set_tcp_user_timeout error: Protocol not available (os error 92)
[2026-10-05--23-28-41 WARN hyper_util::client::legacy::connect::http] tcp set_tcp_user_timeout error: Protocol not available (os error 92)
[2026-10-05--23-28-41 WARN hyper_util::client::legacy::connect::http] tcp set_tcp_user_timeout error: Protocol not available (os error 92)
[2026-10-05--23-28-41 WARN hyper_util::client::legacy::connect::http] tcp set_tcp_user_timeout error: Protocol not available (os error 92)
[2026-10-05--23-28-41 WARN hyper_util::client::legacy::connect::http] tcp set_tcp_user_timeout error: Protocol not available (os error 92)
[2026-10-05--23-28-41 WARN hyper_util::client::legacy::connect::http] tcp set_tcp_user_timeout error: Protocol not available (os error 92)
[2026-10-05--23-28-41 WARN hyper_util::client::legacy::connect::http] tcp set_tcp_user_timeout error: Protocol not available (os error 92)
[2026-10-05--23-28-41 WARN hyper_util::client::legacy::connect::http] tcp set_tcp_user_timeout error: Protocol not available (os error 92)
[2026-10-05--23-28-41 WARN hyper_util::client::legacy::connect::http] tcp set_tcp_user_timeout error: Protocol not available (os error 92)
[2026-10-05--23-28-41 WARN hyper_util::client::legacy::connect::http] tcp set_tcp_user_timeout error: Protocol not available (os error 92)
[2026-10-05--23-28-41 WARN hyper_util::client::legacy::connect::http] tcp set_tcp_user_timeout error: Protocol not available (os error 92)
[2026-10-05--23-28-41 WARN hyper_util::client::legacy::connect::http] tcp set_tcp_user_timeout error: Protocol not available (os error 92)
[2026-10-05--23-28-41 WARN hyper_util::client::legacy::connect::http] tcp set_tcp_user_timeout error: Protocol not available (os error 92)
[2026-10-05--23-28-41 WARN hyper_util::client::legacy::connect::http] tcp set_tcp_user_timeout error: Protocol not available (os error 92)
[2026-10-05--23-28-41 WARN hyper_util::client::legacy::connect::http] tcp set_tcp_user_timeout error: Protocol not available (os error 92)
[2026-10-05--23-28-41 WARN hyper_util::client::legacy::connect::http] tcp set_tcp_user_timeout error: Protocol not available (os error 92)
[2026-10-05--23-28-41 WARN hyper_util::client::legacy::connect::http] tcp set_tcp_user_timeout error: Protocol not available (os error 92)
[2026-10-05--23-28-41 WARN hyper_util::client::legacy::connect::http] tcp set_tcp_user_timeout error: Protocol not available (os error 92)
[2026-10-05--23-28-41 WARN hyper_util::client::legacy::connect::http] tcp set_tcp_user_timeout error: Protocol not available (os error 92)
[2026-10-05--23-28-41 WARN hyper_util::client::legacy::connect::http] tcp set_tcp_user_timeout error: Protocol not available (os error 92)
[2026-10-05--23-28-41 WARN hyper_util::client::legacy::connect::http] tcp set_tcp_user_timeout error: Protocol not available (os error 92)
[2026-10-05--23-28-41 WARN hyper_util::client::legacy::connect::http] tcp set_tcp_user_timeout error: Protocol not available (os error 92)
[2026-10-05--23-28-41 WARN hyper_util::client::legacy::connect::http] tcp set_tcp_user_timeout error: Protocol not available (os error 92)
[2026-10-05--23-28-41 WARN hyper_util::client::legacy::connect::http] tcp set_tcp_user_timeout error: Protocol not available (os error 92)
[2026-10-05--23-28-41 WARN hyper_util::client::legacy::connect::http] tcp set_tcp_user_timeout error: Protocol not available (os error 92)
[2026-10-05--23-28-41 WARN hyper_util::client::legacy::connect::http] tcp set_tcp_user_timeout error: Protocol not available (os error 92)
[2026-10-05--23-28-41 WARN hyper_util::client::legacy::connect::http] tcp set_tcp_user_timeout error: Protocol not available (os error 92)
[2026-10-05--23-28-41 WARN hyper_util::client::legacy::connect::http] tcp set_tcp_user_timeout error: Protocol not available (os error 92)
[2026-10-05--23-28-41 WARN hyper_util::client::legacy::connect::http] tcp set_tcp_user_timeout error: Protocol not available (os error 92)
[2026-10-05--23-28-41 WARN hyper_util::client::legacy::connect::http] tcp set_tcp_user_timeout error: Protocol not available (os error 92)
[2026-10-05--23-28-41 WARN hyper_util::client::legacy::connect::http] tcp set_tcp_user_timeout error: Protocol not available (os error 92)
[2026-10-05--23-28-41 WARN hyper_util::client::legacy::connect::http] tcp set_tcp_user_timeout error: Protocol not available (os error 92)
[2026-10-05--23-28-41 WARN hyper_util::client::legacy::connect::http] tcp set_tcp_user_timeout error: Protocol not available (os error 92)
[2026-10-05--23-28-41 WARN hyper_util::client::legacy::connect::http] tcp set_tcp_user_timeout error: Protocol not available (os error 92)
[2026-10-05--23-28-41 WARN hyper_util::client::legacy::connect::http] tcp set_tcp_user_timeout error: Protocol not available (os error 92)
[2026-10-05--23-28-41 WARN hyper_util::client::legacy::connect::http] tcp set_tcp_user_timeout error: Protocol not available (os error 92)
[2026-10-05--23-28-41 WARN hyper_util::client::legacy::connect::http] tcp set_tcp_user_timeout error: Protocol not available (os error 92)
[2026-10-05--23-28-41 WARN hyper_util::client::legacy::connect::http] tcp set_tcp_user_timeout error: Protocol not available (os error 92)
[2026-10-05--23-28-41 WARN hyper_util::client::legacy::connect::http] tcp set_tcp_user_timeout error: Protocol not available (os error 92)
[2026-10-05--23-28-41 WARN hyper_util::client::legacy::connect::http] tcp set_tcp_user_timeout error: Protocol not available (os error 92)
[2026-10-05--23-28-41 WARN hyper_util::client::legacy::connect::http] tcp set_tcp_user_timeout error: Protocol not available (os error 92)
[2026-10-05--23-28-41 WARN hyper_util::client::legacy::connect::http] tcp set_tcp_user_timeout error: Protocol not available (os error 92)
[2026-10-05--23-28-41 WARN hyper_util::client::legacy::connect::http] tcp set_tcp_user_timeout error: Protocol not available (os error 92)
[2026-10-05--23-28-41 WARN hyper_util::client::legacy::connect::http] tcp set_tcp_user_timeout error: Protocol not available (os error 92)
[2026-10-05--23-28-41 WARN hyper_util::client::legacy::connect::http] tcp set_tcp_user_timeout error: Protocol not available (os error 92)
[2026-10-05--23-28-42 WARN hyper_util::client::legacy::connect::http] tcp set_tcp_user_timeout error: Protocol not available (os error 92)
[2026-10-05--23-28-42 WARN hyper_util::client::legacy::connect::http] tcp set_tcp_user_timeout error: Protocol not available (os error 92)
[2026-10-05--23-28-42 WARN hyper_util::client::legacy::connect::http] tcp set_tcp_user_timeout error: Protocol not available (os error 92)
[2026-10-05--23-28-42 WARN hyper_util::client::legacy::connect::http] tcp set_tcp_user_timeout error: Protocol not available (os error 92)
[2026-10-05--23-28-42 WARN hyper_util::client::legacy::connect::http] tcp set_tcp_user_timeout error: Protocol not available (os error 92)
[2026-10-05--23-28-42 WARN hyper_util::client::legacy::connect::http] tcp set_tcp_user_timeout error: Protocol not available (os error 92)
[2026-10-05--23-28-42 WARN hyper_util::client::legacy::connect::http] tcp set_tcp_user_timeout error: Protocol not available (os error 92)
[2026-10-05--23-28-42 WARN hyper_util::client::legacy::connect::http] tcp set_tcp_user_timeout error: Protocol not available (os error 92)
[2026-10-05--23-28-42 WARN hyper_util::client::legacy::connect::http] tcp set_tcp_user_timeout error: Protocol not available (os error 92)
[2026-10-05--23-28-42 WARN hyper_util::client::legacy::connect::http] tcp set_tcp_user_timeout error: Protocol not available (os error 92)
[2026-10-05--23-28-42 WARN hyper_util::client::legacy::connect::http] tcp set_tcp_user_timeout error: Protocol not available (os error 92)
[2026-10-05--23-28-42 WARN hyper_util::client::legacy::connect::http] tcp set_tcp_user_timeout error: Protocol not available (os error 92)
[2026-10-05--23-28-42 WARN hyper_util::client::legacy::connect::http] tcp set_tcp_user_timeout error: Protocol not available (os error 92)
[2026-10-05--23-28-42 WARN hyper_util::client::legacy::connect::http] tcp set_tcp_user_timeout error: Protocol not available (os error 92)
[2026-10-05--23-28-42 WARN hyper_util::client::legacy::connect::http] tcp set_tcp_user_timeout error: Protocol not available (os error 92)
[2026-10-05--23-28-42 WARN hyper_util::client::legacy::connect::http] tcp set_tcp_user_timeout error: Protocol not available (os error 92)
[2026-10-05--23-28-42 WARN hyper_util::client::legacy::connect::http] tcp set_tcp_user_timeout error: Protocol not available (os error 92)
[2026-10-05--23-28-42 WARN hyper_util::client::legacy::connect::http] tcp set_tcp_user_timeout error: Protocol not available (os error 92)
[2026-10-05--23-28-42 WARN hyper_util::client::legacy::connect::http] tcp set_tcp_user_timeout error: Protocol not available (os error 92)
[2026-10-05--23-28-42 WARN hyper_util::client::legacy::connect::http] tcp set_tcp_user_timeout error: Protocol not available (os error 92)
[2026-10-05--23-28-42 WARN hyper_util::client::legacy::connect::http] tcp set_tcp_user_timeout error: Protocol not available (os error 92)
[2026-10-05--23-28-42 WARN hyper_util::client::legacy::connect::http] tcp set_tcp_user_timeout error: Protocol not available (os error 92)
[2026-10-05--23-28-42 WARN hyper_util::client::legacy::connect::http] tcp set_tcp_user_timeout error: Protocol not available (os error 92)
[2026-10-05--23-28-42 WARN hyper_util::client::legacy::connect::http] tcp set_tcp_user_timeout error: Protocol not available (os error 92)
[2026-10-05--23-28-42 WARN hyper_util::client::legacy::connect::http] tcp set_tcp_user_timeout error: Protocol not available (os error 92)
[2026-10-05--23-28-42 WARN hyper_util::client::legacy::connect::http] tcp set_tcp_user_timeout error: Protocol not available (os error 92)
[2026-10-05--23-28-42 WARN hyper_util::client::legacy::connect::http] tcp set_tcp_user_timeout error: Protocol not available (os error 92)
[2026-10-05--23-28-42 WARN hyper_util::client::legacy::connect::http] tcp set_tcp_user_timeout error: Protocol not available (os error 92)
[2026-10-05--23-28-42 WARN hyper_util::client::legacy::connect::http] tcp set_tcp_user_timeout error: Protocol not available (os error 92)
[2026-10-05--23-28-42 WARN hyper_util::client::legacy::connect::http] tcp set_tcp_user_timeout error: Protocol not available (os error 92)
[2026-10-05--23-28-42 WARN hyper_util::client::legacy::connect::http] tcp set_tcp_user_timeout error: Protocol not available (os error 92)
[2026-10-05--23-28-42 WARN hyper_util::client::legacy::connect::http] tcp set_tcp_user_timeout error: Protocol not available (os error 92)
[2026-10-05--23-28-42 WARN hyper_util::client::legacy::connect::http] tcp set_tcp_user_timeout error: Protocol not available (os error 92)
[2026-10-05--23-28-42 WARN hyper_util::client::legacy::connect::http] tcp set_tcp_user_timeout error: Protocol not available (os error 92)
[2026-10-05--23-28-42 WARN hyper_util::client::legacy::connect::http] tcp set_tcp_user_timeout error: Protocol not available (os error 92)
[2026-10-05--23-28-42 WARN hyper_util::client::legacy::connect::http] tcp set_tcp_user_timeout error: Protocol not available (os error 92)
[2026-10-05--23-28-42 WARN hyper_util::client::legacy::connect::http] tcp set_tcp_user_timeout error: Protocol not available (os error 92)
[2026-10-05--23-28-42 WARN hyper_util::client::legacy::connect::http] tcp set_tcp_user_timeout error: Protocol not available (os error 92)
[2026-10-05--23-28-42 WARN hyper_util::client::legacy::connect::http] tcp set_tcp_user_timeout error: Protocol not available (os error 92)
[2026-10-05--23-28-42 WARN hyper_util::client::legacy::connect::http] tcp set_tcp_user_timeout error: Protocol not available (os error 92)
[2026-10-05--23-28-42 WARN hyper_util::client::legacy::connect::http] tcp set_tcp_user_timeout error: Protocol not available (os error 92)
[2026-10-05--23-28-42 WARN hyper_util::client::legacy::connect::http] tcp set_tcp_user_timeout error: Protocol not available (os error 92)
[2026-10-05--23-28-42 WARN hyper_util::client::legacy::connect::http] tcp set_tcp_user_timeout error: Protocol not available (os error 92)
[2026-10-05--23-28-42 WARN hyper_util::client::legacy::connect::http] tcp set_tcp_user_timeout error: Protocol not available (os error 92)
[2026-10-05--23-28-42 WARN hyper_util::client::legacy::connect::http] tcp set_tcp_user_timeout error: Protocol not available (os error 92)
[2026-10-05--23-28-42 WARN hyper_util::client::legacy::connect::http] tcp set_tcp_user_timeout error: Protocol not available (os error 92)
[2026-10-05--23-28-42 WARN hyper_util::client::legacy::connect::http] tcp set_tcp_user_timeout error: Protocol not available (os error 92)
[2026-10-05--23-28-42 WARN hyper_util::client::legacy::connect::http] tcp set_tcp_user_timeout error: Protocol not available (os error 92)
[2026-10-05--23-28-42 WARN hyper_util::client::legacy::connect::http] tcp set_tcp_user_timeout error: Protocol not available (os error 92)
[2026-10-05--23-28-42 WARN hyper_util::client::legacy::connect::http] tcp set_tcp_user_timeout error: Protocol not available (os error 92)
[2026-10-05--23-28-42 WARN hyper_util::client::legacy::connect::http] tcp set_tcp_user_timeout error: Protocol not available (os error 92)
[2026-10-05--23-28-42 WARN hyper_util::client::legacy::connect::http] tcp set_tcp_user_timeout error: Protocol not available (os error 92)
[2026-10-05--23-28-42 WARN hyper_util::client::legacy::connect::http] tcp set_tcp_user_timeout error: Protocol not available (os error 92)
[2026-10-05--23-28-42 WARN hyper_util::client::legacy::connect::http] tcp set_tcp_user_timeout error: Protocol not available (os error 92)
[2026-10-05--23-28-42 WARN hyper_util::client::legacy::connect::http] tcp set_tcp_user_timeout error: Protocol not available (os error 92)
[2026-10-05--23-28-42 WARN hyper_util::client::legacy::connect::http] tcp set_tcp_user_timeout error: Protocol not available (os error 92)
[2026-10-05--23-28-42 WARN hyper_util::client::legacy::connect::http] tcp set_tcp_user_timeout error: Protocol not available (os error 92)
[2026-10-05--23-28-42 WARN hyper_util::client::legacy::connect::http] tcp set_tcp_user_timeout error: Protocol not available (os error 92)
[2026-10-05--23-28-42 WARN hyper_util::client::legacy::connect::http] tcp set_tcp_user_timeout error: Protocol not available (os error 92)
[2026-10-05--23-28-42 WARN hyper_util::client::legacy::connect::http] tcp set_tcp_user_timeout error: Protocol not available (os error 92)
[2026-10-05--23-28-42 WARN hyper_util::client::legacy::connect::http] tcp set_tcp_user_timeout error: Protocol not available (os error 92)
[2026-10-05--23-28-42 WARN hyper_util::client::legacy::connect::http] tcp set_tcp_user_timeout error: Protocol not available (os error 92)
[2026-10-05--23-28-42 WARN hyper_util::client::legacy::connect::http] tcp set_tcp_user_timeout error: Protocol not available (os error 92)
[2026-10-05--23-28-43 WARN hyper_util::client::legacy::connect::http] tcp set_tcp_user_timeout error: Protocol not available (os error 92)
[2026-10-05--23-28-43 WARN hyper_util::client::legacy::connect::http] tcp set_tcp_user_timeout error: Protocol not available (os error 92)
[2026-10-05--23-28-43 WARN hyper_util::client::legacy::connect::http] tcp set_tcp_user_timeout error: Protocol not available (os error 92)
[2026-10-05--23-28-43 WARN hyper_util::client::legacy::connect::http] tcp set_tcp_user_timeout error: Protocol not available (os error 92)
[2026-10-05--23-28-43 WARN hyper_util::client::legacy::connect::http] tcp set_tcp_user_timeout error: Protocol not available (os error 92)
[2026-10-05--23-28-43 WARN hyper_util::client::legacy::connect::http] tcp set_tcp_user_timeout error: Protocol not available (os error 92)
[2026-10-05--23-28-43 WARN hyper_util::client::legacy::connect::http] tcp set_tcp_user_timeout error: Protocol not available (os error 92)
[2026-10-05--23-28-43 WARN hyper_util::client::legacy::connect::http] tcp set_tcp_user_timeout error: Protocol not available (os error 92)
[2026-10-05--23-28-43 WARN hyper_util::client::legacy::connect::http] tcp set_tcp_user_timeout error: Protocol not available (os error 92)
[2026-10-05--23-28-43 WARN hyper_util::client::legacy::connect::http] tcp set_tcp_user_timeout error: Protocol not available (os error 92)
[2026-10-05--23-28-43 WARN hyper_util::client::legacy::connect::http] tcp set_tcp_user_timeout error: Protocol not available (os error 92)
[2026-10-05--23-28-43 WARN hyper_util::client::legacy::connect::http] tcp set_tcp_user_timeout error: Protocol not available (os error 92)
[2026-10-05--23-28-43 WARN hyper_util::client::legacy::connect::http] tcp set_tcp_user_timeout error: Protocol not available (os error 92)
[2026-10-05--23-28-43 WARN hyper_util::client::legacy::connect::http] tcp set_tcp_user_timeout error: Protocol not available (os error 92)
[2026-10-05--23-28-43 WARN hyper_util::client::legacy::connect::http] tcp set_tcp_user_timeout error: Protocol not available (os error 92)
[2026-10-05--23-28-43 WARN hyper_util::client::legacy::connect::http] tcp set_tcp_user_timeout error: Protocol not available (os error 92)
[2026-10-05--23-28-43 WARN hyper_util::client::legacy::connect::http] tcp set_tcp_user_timeout error: Protocol not available (os error 92)
[2026-10-05--23-28-43 WARN hyper_util::client::legacy::connect::http] tcp set_tcp_user_timeout error: Protocol not available (os error 92)
[2026-10-05--23-28-43 WARN hyper_util::client::legacy::connect::http] tcp set_tcp_user_timeout error: Protocol not available (os error 92)
[2026-10-05--23-28-43 WARN hyper_util::client::legacy::connect::http] tcp set_tcp_user_timeout error: Protocol not available (os error 92)
[2026-10-05--23-28-43 WARN hyper_util::client::legacy::connect::http] tcp set_tcp_user_timeout error: Protocol not available (os error 92)
[2026-10-05--23-28-43 WARN hyper_util::client::legacy::connect::http] tcp set_tcp_user_timeout error: Protocol not available (os error 92)
[2026-10-05--23-28-43 WARN hyper_util::client::legacy::connect::http] tcp set_tcp_user_timeout error: Protocol not available (os error 92)
[2026-10-05--23-28-43 WARN hyper_util::client::legacy::connect::http] tcp set_tcp_user_timeout error: Protocol not available (os error 92)
[2026-10-05--23-28-43 WARN hyper_util::client::legacy::connect::http] tcp set_tcp_user_timeout error: Protocol not available (os error 92)
[2026-10-05--23-28-43 WARN hyper_util::client::legacy::connect::http] tcp set_tcp_user_timeout error: Protocol not available (os error 92)
[2026-10-05--23-28-43 WARN hyper_util::client::legacy::connect::http] tcp set_tcp_user_timeout error: Protocol not available (os error 92)
[2026-10-05--23-28-43 WARN hyper_util::client::legacy::connect::http] tcp set_tcp_user_timeout error: Protocol not available (os error 92)
[2026-10-05--23-28-43 WARN hyper_util::client::legacy::connect::http] tcp set_tcp_user_timeout error: Protocol not available (os error 92)
[2026-10-05--23-28-43 WARN hyper_util::client::legacy::connect::http] tcp set_tcp_user_timeout error: Protocol not available (os error 92)
[2026-10-05--23-28-43 WARN hyper_util::client::legacy::connect::http] tcp set_tcp_user_timeout error: Protocol not available (os error 92)
[2026-10-05--23-28-43 WARN hyper_util::client::legacy::connect::http] tcp set_tcp_user_timeout error: Protocol not available (os error 92)
[2026-10-05--23-28-43 WARN hyper_util::client::legacy::connect::http] tcp set_tcp_user_timeout error: Protocol not available (os error 92)
[2026-10-05--23-28-43 WARN hyper_util::client::legacy::connect::http] tcp set_tcp_user_timeout error: Protocol not available (os error 92)
[2026-10-05--23-28-43 WARN hyper_util::client::legacy::connect::http] tcp set_tcp_user_timeout error: Protocol not available (os error 92)
[2026-10-05--23-28-43 WARN hyper_util::client::legacy::connect::http] tcp set_tcp_user_timeout error: Protocol not available (os error 92)
[2026-10-05--23-28-43 WARN hyper_util::client::legacy::connect::http] tcp set_tcp_user_timeout error: Protocol not available (os error 92)
[2026-10-05--23-28-43 WARN hyper_util::client::legacy::connect::http] tcp set_tcp_user_timeout error: Protocol not available (os error 92)
[2026-10-05--23-28-43 WARN hyper_util::client::legacy::connect::http] tcp set_tcp_user_timeout error: Protocol not available (os error 92)
[2026-10-05--23-28-43 WARN hyper_util::client::legacy::connect::http] tcp set_tcp_user_timeout error: Protocol not available (os error 92)
[2026-10-05--23-28-43 WARN hyper_util::client::legacy::connect::http] tcp set_tcp_user_timeout error: Protocol not available (os error 92)
[2026-10-05--23-28-43 WARN hyper_util::client::legacy::connect::http] tcp set_tcp_user_timeout error: Protocol not available (os error 92)
[2026-10-05--23-28-43 WARN hyper_util::client::legacy::connect::http] tcp set_tcp_user_timeout error: Protocol not available (os error 92)
[2026-10-05--23-28-43 WARN hyper_util::client::legacy::connect::http] tcp set_tcp_user_timeout error: Protocol not available (os error 92)
[2026-10-05--23-28-43 WARN hyper_util::client::legacy::connect::http] tcp set_tcp_user_timeout error: Protocol not available (os error 92)
[2026-10-05--23-28-43 WARN hyper_util::client::legacy::connect::http] tcp set_tcp_user_timeout error: Protocol not available (os error 92)
[2026-10-05--23-28-43 WARN hyper_util::client::legacy::connect::http] tcp set_tcp_user_timeout error: Protocol not available (os error 92)
[2026-10-05--23-28-43 WARN hyper_util::client::legacy::connect::http] tcp set_tcp_user_timeout error: Protocol not available (os error 92)
[2026-10-05--23-28-43 WARN hyper_util::client::legacy::connect::http] tcp set_tcp_user_timeout error: Protocol not available (os error 92)
[2026-10-05--23-28-43 WARN hyper_util::client::legacy::connect::http] tcp set_tcp_user_timeout error: Protocol not available (os error 92)
[2026-10-05--23-28-43 WARN hyper_util::client::legacy::connect::http] tcp set_tcp_user_timeout error: Protocol not available (os error 92)
[2026-10-05--23-28-43 WARN hyper_util::client::legacy::connect::http] tcp set_tcp_user_timeout error: Protocol not available (os error 92)
[2026-10-05--23-28-43 WARN hyper_util::client::legacy::connect::http] tcp set_tcp_user_timeout error: Protocol not available (os error 92)
[2026-10-05--23-28-43 WARN hyper_util::client::legacy::connect::http] tcp set_tcp_user_timeout error: Protocol not available (os error 92)
[2026-10-05--23-28-43 WARN hyper_util::client::legacy::connect::http] tcp set_tcp_user_timeout error: Protocol not available (os error 92)
[2026-10-05--23-28-43 WARN hyper_util::client::legacy::connect::http] tcp set_tcp_user_timeout error: Protocol not available (os error 92)
[2026-10-05--23-28-43 WARN hyper_util::client::legacy::connect::http] tcp set_tcp_user_timeout error: Protocol not available (os error 92)
[2026-10-05--23-28-43 WARN hyper_util::client::legacy::connect::http] tcp set_tcp_user_timeout error: Protocol not available (os error 92)
[2026-10-05--23-28-43 WARN hyper_util::client::legacy::connect::http] tcp set_tcp_user_timeout error: Protocol not available (os error 92)
[2026-10-05--23-28-43 WARN hyper_util::client::legacy::connect::http] tcp set_tcp_user_timeout error: Protocol not available (os error 92)
[2026-10-05--23-28-43 WARN hyper_util::client::legacy::connect::http] tcp set_tcp_user_timeout error: Protocol not available (os error 92)
[2026-10-05--23-28-43 WARN hyper_util::client::legacy::connect::http] tcp set_tcp_user_timeout error: Protocol not available (os error 92)
[2026-10-05--23-28-43 WARN hyper_util::client::legacy::connect::http] tcp set_tcp_user_timeout error: Protocol not available (os error 92)
[2026-10-05--23-28-43 WARN hyper_util::client::legacy::connect::http] tcp set_tcp_user_timeout error: Protocol not available (os error 92)
[2026-10-05--23-28-43 WARN hyper_util::client::legacy::connect::http] tcp set_tcp_user_timeout error: Protocol not available (os error 92)
[2026-10-05--23-28-43 WARN hyper_util::client::legacy::connect::http] tcp set_tcp_user_timeout error: Protocol not available (os error 92)
[2026-10-05--23-28-43 WARN hyper_util::client::legacy::connect::http] tcp set_tcp_user_timeout error: Protocol not available (os error 92)
[2026-10-05--23-28-43 WARN hyper_util::client::legacy::connect::http] tcp set_tcp_user_timeout error: Protocol not available (os error 92)
[2026-10-05--23-28-43 WARN hyper_util::client::legacy::connect::http] tcp set_tcp_user_timeout error: Protocol not available (os error 92)
[2026-10-05--23-28-43 WARN hyper_util::client::legacy::connect::http] tcp set_tcp_user_timeout error: Protocol not available (os error 92)
[2026-10-05--23-28-43 WARN hyper_util::client::legacy::connect::http] tcp set_tcp_user_timeout error: Protocol not available (os error 92)
[2026-10-05--23-28-43 WARN hyper_util::client::legacy::connect::http] tcp set_tcp_user_timeout error: Protocol not available (os error 92)
[2026-10-05--23-28-43 WARN hyper_util::client::legacy::connect::http] tcp set_tcp_user_timeout error: Protocol not available (os error 92)
[2026-10-05--23-28-43 WARN hyper_util::client::legacy::connect::http] tcp set_tcp_user_timeout error: Protocol not available (os error 92)
[2026-10-05--23-28-43 WARN hyper_util::client::legacy::connect::http] tcp set_tcp_user_timeout error: Protocol not available (os error 92)
[2026-10-05--23-28-44 WARN hyper_util::client::legacy::connect::http] tcp set_tcp_user_timeout error: Protocol not available (os error 92)
[2026-10-05--23-28-44 WARN hyper_util::client::legacy::connect::http] tcp set_tcp_user_timeout error: Protocol not available (os error 92)
[2026-10-05--23-28-44 WARN hyper_util::client::legacy::connect::http] tcp set_tcp_user_timeout error: Protocol not available (os error 92)
[2026-10-05--23-28-44 WARN hyper_util::client::legacy::connect::http] tcp set_tcp_user_timeout error: Protocol not available (os error 92)
[2026-10-05--23-28-44 WARN hyper_util::client::legacy::connect::http] tcp set_tcp_user_timeout error: Protocol not available (os error 92)
[2026-10-05--23-28-44 WARN hyper_util::client::legacy::connect::http] tcp set_tcp_user_timeout error: Protocol not available (os error 92)
[2026-10-05--23-28-44 WARN hyper_util::client::legacy::connect::http] tcp set_tcp_user_timeout error: Protocol not available (os error 92)
[2026-10-05--23-28-44 WARN hyper_util::client::legacy::connect::http] tcp set_tcp_user_timeout error: Protocol not available (os error 92)
[2026-10-05--23-28-44 WARN hyper_util::client::legacy::connect::http] tcp set_tcp_user_timeout error: Protocol not available (os error 92)
[2026-10-05--23-28-44 WARN hyper_util::client::legacy::connect::http] tcp set_tcp_user_timeout error: Protocol not available (os error 92)
[2026-10-05--23-28-44 WARN hyper_util::client::legacy::connect::http] tcp set_tcp_user_timeout error: Protocol not available (os error 92)
[2026-10-05--23-28-44 WARN hyper_util::client::legacy::connect::http] tcp set_tcp_user_timeout error: Protocol not available (os error 92)
[2026-10-05--23-28-44 WARN hyper_util::client::legacy::connect::http] tcp set_tcp_user_timeout error: Protocol not available (os error 92)
[2026-10-05--23-28-44 WARN hyper_util::client::legacy::connect::http] tcp set_tcp_user_timeout error: Protocol not available (os error 92)
[2026-10-05--23-28-44 WARN hyper_util::client::legacy::connect::http] tcp set_tcp_user_timeout error: Protocol not available (os error 92)
[2026-10-05--23-28-44 WARN hyper_util::client::legacy::connect::http] tcp set_tcp_user_timeout error: Protocol not available (os error 92)
[2026-10-05--23-28-44 WARN hyper_util::client::legacy::connect::http] tcp set_tcp_user_timeout error: Protocol not available (os error 92)
[2026-10-05--23-28-44 WARN hyper_util::client::legacy::connect::http] tcp set_tcp_user_timeout error: Protocol not available (os error 92)
[2026-10-05--23-28-44 WARN hyper_util::client::legacy::connect::http] tcp set_tcp_user_timeout error: Protocol not available (os error 92)
[2026-10-05--23-28-44 WARN hyper_util::client::legacy::connect::http] tcp set_tcp_user_timeout error: Protocol not available (os error 92)
[2026-10-05--23-28-44 WARN hyper_util::client::legacy::connect::http] tcp set_tcp_user_timeout error: Protocol not available (os error 92)
[2026-10-05--23-28-44 WARN hyper_util::client::legacy::connect::http] tcp set_tcp_user_timeout error: Protocol not available (os error 92)
[2026-10-05--23-28-44 WARN hyper_util::client::legacy::connect::http] tcp set_tcp_user_timeout error: Protocol not available (os error 92)
[2026-10-05--23-28-44 WARN hyper_util::client::legacy::connect::http] tcp set_tcp_user_timeout error: Protocol not available (os error 92)
[2026-10-05--23-28-44 WARN hyper_util::client::legacy::connect::http] tcp set_tcp_user_timeout error: Protocol not available (os error 92)
[2026-10-05--23-28-44 WARN hyper_util::client::legacy::connect::http] tcp set_tcp_user_timeout error: Protocol not available (os error 92)
[2026-10-05--23-28-44 WARN hyper_util::client::legacy::connect::http] tcp set_tcp_user_timeout error: Protocol not available (os error 92)
[2026-10-05--23-28-44 WARN hyper_util::client::legacy::connect::http] tcp set_tcp_user_timeout error: Protocol not available (os error 92)
[2026-10-05--23-28-44 WARN hyper_util::client::legacy::connect::http] tcp set_tcp_user_timeout error: Protocol not available (os error 92)
[2026-10-05--23-28-44 WARN hyper_util::client::legacy::connect::http] tcp set_tcp_user_timeout error: Protocol not available (os error 92)
[2026-10-05--23-28-44 WARN hyper_util::client::legacy::connect::http] tcp set_tcp_user_timeout error: Protocol not available (os error 92)
[2026-10-05--23-28-44 WARN hyper_util::client::legacy::connect::http] tcp set_tcp_user_timeout error: Protocol not available (os error 92)
[2026-10-05--23-28-44 WARN hyper_util::client::legacy::connect::http] tcp set_tcp_user_timeout error: Protocol not available (os error 92)
[2026-10-05--23-28-44 WARN hyper_util::client::legacy::connect::http] tcp set_tcp_user_timeout error: Protocol not available (os error 92)
[2026-10-05--23-28-44 WARN hyper_util::client::legacy::connect::http] tcp set_tcp_user_timeout error: Protocol not available (os error 92)
[2026-10-05--23-28-44 WARN hyper_util::client::legacy::connect::http] tcp set_tcp_user_timeout error: Protocol not available (os error 92)
[2026-10-05--23-28-44 WARN hyper_util::client::legacy::connect::http] tcp set_tcp_user_timeout error: Protocol not available (os error 92)
[2026-10-05--23-28-44 WARN hyper_util::client::legacy::connect::http] tcp set_tcp_user_timeout error: Protocol not available (os error 92)
[2026-10-05--23-28-44 WARN hyper_util::client::legacy::connect::http] tcp set_tcp_user_timeout error: Protocol not available (os error 92)
[2026-10-05--23-28-44 WARN hyper_util::client::legacy::connect::http] tcp set_tcp_user_timeout error: Protocol not available (os error 92)
[2026-10-05--23-28-44 WARN hyper_util::client::legacy::connect::http] tcp set_tcp_user_timeout error: Protocol not available (os error 92)
[2026-10-05--23-28-44 WARN hyper_util::client::legacy::connect::http] tcp set_tcp_user_timeout error: Protocol not available (os error 92)
[2026-10-05--23-28-44 WARN hyper_util::client::legacy::connect::http] tcp set_tcp_user_timeout error: Protocol not available (os error 92)
[2026-10-05--23-28-44 WARN hyper_util::client::legacy::connect::http] tcp set_tcp_user_timeout error: Protocol not available (os error 92)
[2026-10-05--23-28-44 WARN hyper_util::client::legacy::connect::http] tcp set_tcp_user_timeout error: Protocol not available (os error 92)
[2026-10-05--23-28-44 WARN hyper_util::client::legacy::connect::http] tcp set_tcp_user_timeout error: Protocol not available (os error 92)
[2026-10-05--23-28-44 WARN hyper_util::client::legacy::connect::http] tcp set_tcp_user_timeout error: Protocol not available (os error 92)
[2026-10-05--23-28-44 WARN hyper_util::client::legacy::connect::http] tcp set_tcp_user_timeout error: Protocol not available (os error 92)
[2026-10-05--23-28-44 WARN hyper_util::client::legacy::connect::http] tcp set_tcp_user_timeout error: Protocol not available (os error 92)
[2026-10-05--23-28-44 WARN hyper_util::client::legacy::connect::http] tcp set_tcp_user_timeout error: Protocol not available (os error 92)
[2026-10-05--23-28-44 WARN hyper_util::client::legacy::connect::http] tcp set_tcp_user_timeout error: Protocol not available (os error 92)
[2026-10-05--23-28-44 WARN hyper_util::client::legacy::connect::http] tcp set_tcp_user_timeout error: Protocol not available (os error 92)
[2026-10-05--23-28-44 WARN hyper_util::client::legacy::connect::http] tcp set_tcp_user_timeout error: Protocol not available (os error 92)
[2026-10-05--23-28-44 WARN hyper_util::client::legacy::connect::http] tcp set_tcp_user_timeout error: Protocol not available (os error 92)
[2026-10-05--23-28-44 WARN hyper_util::client::legacy::connect::http] tcp set_tcp_user_timeout error: Protocol not available (os error 92)
[2026-10-05--23-28-44 WARN hyper_util::client::legacy::connect::http] tcp set_tcp_user_timeout error: Protocol not available (os error 92)
[2026-10-05--23-28-44 WARN hyper_util::client::legacy::connect::http] tcp set_tcp_user_timeout error: Protocol not available (os error 92)
[2026-10-05--23-28-44 WARN hyper_util::client::legacy::connect::http] tcp set_tcp_user_timeout error: Protocol not available (os error 92)
[2026-10-05--23-28-44 WARN hyper_util::client::legacy::connect::http] tcp set_tcp_user_timeout error: Protocol not available (os error 92)
[2026-10-05--23-28-44 WARN hyper_util::client::legacy::connect::http] tcp set_tcp_user_timeout error: Protocol not available (os error 92)
[2026-10-05--23-28-44 WARN hyper_util::client::legacy::connect::http] tcp set_tcp_user_timeout error: Protocol not available (os error 92)
[2026-10-05--23-28-44 WARN hyper_util::client::legacy::connect::http] tcp set_tcp_user_timeout error: Protocol not available (os error 92)
[2026-10-05--23-28-44 WARN hyper_util::client::legacy::connect::http] tcp set_tcp_user_timeout error: Protocol not available (os error 92)
[2026-10-05--23-28-44 WARN hyper_util::client::legacy::connect::http] tcp set_tcp_user_timeout error: Protocol not available (os error 92)
[2026-10-05--23-28-44 WARN hyper_util::client::legacy::connect::http] tcp set_tcp_user_timeout error: Protocol not available (os error 92)
[2026-10-05--23-28-44 WARN hyper_util::client::legacy::connect::http] tcp set_tcp_user_timeout error: Protocol not available (os error 92)
[2026-10-05--23-28-45 WARN hyper_util::client::legacy::connect::http] tcp set_tcp_user_timeout error: Protocol not available (os error 92)
[2026-10-05--23-28-45 WARN hyper_util::client::legacy::connect::http] tcp set_tcp_user_timeout error: Protocol not available (os error 92)
[2026-10-05--23-28-45 WARN hyper_util::client::legacy::connect::http] tcp set_tcp_user_timeout error: Protocol not available (os error 92)
[2026-10-05--23-28-45 WARN hyper_util::client::legacy::connect::http] tcp set_tcp_user_timeout error: Protocol not available (os error 92)
[2026-10-05--23-28-45 WARN hyper_util::client::legacy::connect::http] tcp set_tcp_user_timeout error: Protocol not available (os error 92)
[2026-10-05--23-28-45 WARN hyper_util::client::legacy::connect::http] tcp set_tcp_user_timeout error: Protocol not available (os error 92)
[2026-10-05--23-28-45 WARN hyper_util::client::legacy::connect::http] tcp set_tcp_user_timeout error: Protocol not available (os error 92)
[2026-10-05--23-28-45 WARN hyper_util::client::legacy::connect::http] tcp set_tcp_user_timeout error: Protocol not available (os error 92)
[2026-10-05--23-28-45 WARN hyper_util::client::legacy::connect::http] tcp set_tcp_user_timeout error: Protocol not available (os error 92)
[2026-10-05--23-28-45 WARN hyper_util::client::legacy::connect::http] tcp set_tcp_user_timeout error: Protocol not available (os error 92)
[2026-10-05--23-28-45 WARN hyper_util::client::legacy::connect::http] tcp set_tcp_user_timeout error: Protocol not available (os error 92)
[2026-10-05--23-28-45 WARN hyper_util::client::legacy::connect::http] tcp set_tcp_user_timeout error: Protocol not available (os error 92)
[2026-10-05--23-28-45 WARN hyper_util::client::legacy::connect::http] tcp set_tcp_user_timeout error: Protocol not available (os error 92)
[2026-10-05--23-28-45 WARN hyper_util::client::legacy::connect::http] tcp set_tcp_user_timeout error: Protocol not available (os error 92)
[2026-10-05--23-28-45 WARN hyper_util::client::legacy::connect::http] tcp set_tcp_user_timeout error: Protocol not available (os error 92)
[2026-10-05--23-28-45 WARN hyper_util::client::legacy::connect::http] tcp set_tcp_user_timeout error: Protocol not available (os error 92)
[2026-10-05--23-28-45 WARN hyper_util::client::legacy::connect::http] tcp set_tcp_user_timeout error: Protocol not available (os error 92)
[2026-10-05--23-28-45 ERROR litesvm] Program account GVtfTnNDsgcFB89yvS3E98iwWqKeRAx2XHfPQ5GVgZU4 is not executable.
[2026-10-05--23-28-45 WARN hyper_util::client::legacy::connect::http] tcp set_tcp_user_timeout error: Protocol not available (os error 92)
[2026-10-05--23-28-45 WARN hyper_util::client::legacy::connect::http] tcp set_tcp_user_timeout error: Protocol not available (os error 92)
[2026-10-05--23-28-45 WARN hyper_util::client::legacy::connect::http] tcp set_tcp_user_timeout error: Protocol not available (os error 92)
[2026-10-05--23-28-45 WARN hyper_util::client::legacy::connect::http] tcp set_tcp_user_timeout error: Protocol not available (os error 92)
[2026-10-05--23-28-45 WARN hyper_util::client::legacy::connect::http] tcp set_tcp_user_timeout error: Protocol not available (os error 92)
[2026-10-05--23-28-45 WARN hyper_util::client::legacy::connect::http] tcp set_tcp_user_timeout error: Protocol not available (os error 92)
[2026-10-05--23-28-45 WARN hyper_util::client::legacy::connect::http] tcp set_tcp_user_timeout error: Protocol not available (os error 92)
[2026-10-05--23-28-45 WARN hyper_util::client::legacy::connect::http] tcp set_tcp_user_timeout error: Protocol not available (os error 92)
[2026-10-05--23-28-45 WARN hyper_util::client::legacy::connect::http] tcp set_tcp_user_timeout error: Protocol not available (os error 92)
[2026-10-05--23-28-45 WARN hyper_util::client::legacy::connect::http] tcp set_tcp_user_timeout error: Protocol not available (os error 92)
[2026-10-05--23-28-45 WARN hyper_util::client::legacy::connect::http] tcp set_tcp_user_timeout error: Protocol not available (os error 92)
[2026-10-05--23-28-45 WARN hyper_util::client::legacy::connect::http] tcp set_tcp_user_timeout error: Protocol not available (os error 92)
[2026-10-05--23-28-45 WARN hyper_util::client::legacy::connect::http] tcp set_tcp_user_timeout error: Protocol not available (os error 92)
[2026-10-05--23-28-45 WARN hyper_util::client::legacy::connect::http] tcp set_tcp_user_timeout error: Protocol not available (os error 92)
[2026-10-05--23-28-45 WARN hyper_util::client::legacy::connect::http] tcp set_tcp_user_timeout error: Protocol not available (os error 92)
[2026-10-05--23-28-45 WARN hyper_util::client::legacy::connect::http] tcp set_tcp_user_timeout error: Protocol not available (os error 92)
[2026-10-05--23-28-45 WARN hyper_util::client::legacy::connect::http] tcp set_tcp_user_timeout error: Protocol not available (os error 92)
[2026-10-05--23-28-45 WARN hyper_util::client::legacy::connect::http] tcp set_tcp_user_timeout error: Protocol not available (os error 92)
[2026-10-05--23-28-45 WARN hyper_util::client::legacy::connect::http] tcp set_tcp_user_timeout error: Protocol not available (os error 92)
[2026-10-05--23-28-45 WARN hyper_util::client::legacy::connect::http] tcp set_tcp_user_timeout error: Protocol not available (os error 92)
[2026-10-05--23-28-45 WARN hyper_util::client::legacy::connect::http] tcp set_tcp_user_timeout error: Protocol not available (os error 92)
[2026-10-05--23-28-45 WARN hyper_util::client::legacy::connect::http] tcp set_tcp_user_timeout error: Protocol not available (os error 92)
[2026-10-05--23-28-45 WARN hyper_util::client::legacy::connect::http] tcp set_tcp_user_timeout error: Protocol not available (os error 92)
[2026-10-05--23-28-45 WARN hyper_util::client::legacy::connect::http] tcp set_tcp_user_timeout error: Protocol not available (os error 92)
[2026-10-05--23-28-45 WARN hyper_util::client::legacy::connect::http] tcp set_tcp_user_timeout error: Protocol not available (os error 92)
[2026-10-05--23-28-45 WARN hyper_util::client::legacy::connect::http] tcp set_tcp_user_timeout error: Protocol not available (os error 92)
[2026-10-05--23-28-45 WARN hyper_util::client::legacy::connect::http] tcp set_tcp_user_timeout error: Protocol not available (os error 92)
[2026-10-05--23-28-45 WARN hyper_util::client::legacy::connect::http] tcp set_tcp_user_timeout error: Protocol not available (os error 92)
[2026-10-05--23-28-45 WARN hyper_util::client::legacy::connect::http] tcp set_tcp_user_timeout error: Protocol not available (os error 92)
[2026-10-05--23-28-45 WARN hyper_util::client::legacy::connect::http] tcp set_tcp_user_timeout error: Protocol not available (os error 92)
[2026-10-05--23-28-45 WARN hyper_util::client::legacy::connect::http] tcp set_tcp_user_timeout error: Protocol not available (os error 92)
[2026-10-05--23-28-45 WARN hyper_util::client::legacy::connect::http] tcp set_tcp_user_timeout error: Protocol not available (os error 92)
[2026-10-05--23-28-45 WARN hyper_util::client::legacy::connect::http] tcp set_tcp_user_timeout error: Protocol not available (os error 92)
[2026-10-05--23-28-45 WARN hyper_util::client::legacy::connect::http] tcp set_tcp_user_timeout error: Protocol not available (os error 92)
[2026-10-05--23-28-45 WARN hyper_util::client::legacy::connect::http] tcp set_tcp_user_timeout error: Protocol not available (os error 92)
[2026-10-05--23-28-46 WARN hyper_util::client::legacy::connect::http] tcp set_tcp_user_timeout error: Protocol not available (os error 92)
[2026-10-05--23-28-46 WARN hyper_util::client::legacy::connect::http] tcp set_tcp_user_timeout error: Protocol not available (os error 92)
[2026-10-05--23-28-46 WARN hyper_util::client::legacy::connect::http] tcp set_tcp_user_timeout error: Protocol not available (os error 92)
[2026-10-05--23-28-46 WARN hyper_util::client::legacy::connect::http] tcp set_tcp_user_timeout error: Protocol not available (os error 92)
[2026-10-05--23-28-46 WARN hyper_util::client::legacy::connect::http] tcp set_tcp_user_timeout error: Protocol not available (os error 92)
[2026-10-05--23-28-46 WARN hyper_util::client::legacy::connect::http] tcp set_tcp_user_timeout error: Protocol not available (os error 92)
[2026-10-05--23-28-46 WARN hyper_util::client::legacy::connect::http] tcp set_tcp_user_timeout error: Protocol not available (os error 92)
[2026-10-05--23-28-46 WARN hyper_util::client::legacy::connect::http] tcp set_tcp_user_timeout error: Protocol not available (os error 92)
[2026-10-05--23-28-46 WARN hyper_util::client::legacy::connect::http] tcp set_tcp_user_timeout error: Protocol not available (os error 92)
[2026-10-05--23-28-46 WARN hyper_util::client::legacy::connect::http] tcp set_tcp_user_timeout error: Protocol not available (os error 92)
[2026-10-05--23-28-46 WARN hyper_util::client::legacy::connect::http] tcp set_tcp_user_timeout error: Protocol not available (os error 92)
[2026-10-05--23-28-46 WARN hyper_util::client::legacy::connect::http] tcp set_tcp_user_timeout error: Protocol not available (os error 92)
[2026-10-05--23-28-46 WARN hyper_util::client::legacy::connect::http] tcp set_tcp_user_timeout error: Protocol not available (os error 92)
[2026-10-05--23-28-46 WARN hyper_util::client::legacy::connect::http] tcp set_tcp_user_timeout error: Protocol not available (os error 92)
[2026-10-05--23-28-46 WARN hyper_util::client::legacy::connect::http] tcp set_tcp_user_timeout error: Protocol not available (os error 92)
[2026-10-05--23-28-46 WARN hyper_util::client::legacy::connect::http] tcp set_tcp_user_timeout error: Protocol not available (os error 92)
[2026-10-05--23-28-46 WARN hyper_util::client::legacy::connect::http] tcp set_tcp_user_timeout error: Protocol not available (os error 92)
[2026-10-05--23-28-46 WARN hyper_util::client::legacy::connect::http] tcp set_tcp_user_timeout error: Protocol not available (os error 92)
[2026-10-05--23-28-46 WARN hyper_util::client::legacy::connect::http] tcp set_tcp_user_timeout error: Protocol not available (os error 92)
[2026-10-05--23-28-46 WARN hyper_util::client::legacy::connect::http] tcp set_tcp_user_timeout error: Protocol not available (os error 92)
[2026-10-05--23-28-46 WARN hyper_util::client::legacy::connect::http] tcp set_tcp_user_timeout error: Protocol not available (os error 92)
[2026-10-05--23-28-46 WARN hyper_util::client::legacy::connect::http] tcp set_tcp_user_timeout error: Protocol not available (os error 92)
[2026-10-05--23-28-46 WARN hyper_util::client::legacy::connect::http] tcp set_tcp_user_timeout error: Protocol not available (os error 92)
[2026-10-05--23-28-46 WARN hyper_util::client::legacy::connect::http] tcp set_tcp_user_timeout error: Protocol not available (os error 92)
[2026-10-05--23-28-46 WARN hyper_util::client::legacy::connect::http] tcp set_tcp_user_timeout error: Protocol not available (os error 92)
[2026-10-05--23-28-46 WARN hyper_util::client::legacy::connect::http] tcp set_tcp_user_timeout error: Protocol not available (os error 92)
[2026-10-05--23-28-46 WARN hyper_util::client::legacy::connect::http] tcp set_tcp_user_timeout error: Protocol not available (os error 92)
[2026-10-05--23-28-46 WARN hyper_util::client::legacy::connect::http] tcp set_tcp_user_timeout error: Protocol not available (os error 92)
[2026-10-05--23-28-46 WARN hyper_util::client::legacy::connect::http] tcp set_tcp_user_timeout error: Protocol not available (os error 92)
[2026-10-05--23-28-46 WARN hyper_util::client::legacy::connect::http] tcp set_tcp_user_timeout error: Protocol not available (os error 92)
[2026-10-05--23-28-46 WARN hyper_util::client::legacy::connect::http] tcp set_tcp_user_timeout error: Protocol not available (os error 92)
[2026-10-05--23-28-46 WARN hyper_util::client::legacy::connect::http] tcp set_tcp_user_timeout error: Protocol not available (os error 92)
[2026-10-05--23-28-46 WARN hyper_util::client::legacy::connect::http] tcp set_tcp_user_timeout error: Protocol not available (os error 92)
[2026-10-05--23-28-46 WARN hyper_util::client::legacy::connect::http] tcp set_tcp_user_timeout error: Protocol not available (os error 92)
[2026-10-05--23-28-46 WARN hyper_util::client::legacy::connect::http] tcp set_tcp_user_timeout error: Protocol not available (os error 92)
[2026-10-05--23-28-46 WARN hyper_util::client::legacy::connect::http] tcp set_tcp_user_timeout error: Protocol not available (os error 92)
[2026-10-05--23-28-46 WARN hyper_util::client::legacy::connect::http] tcp set_tcp_user_timeout error: Protocol not available (os error 92)
[2026-10-05--23-28-46 WARN hyper_util::client::legacy::connect::http] tcp set_tcp_user_timeout error: Protocol not available (os error 92)
[2026-10-05--23-28-46 WARN hyper_util::client::legacy::connect::http] tcp set_tcp_user_timeout error: Protocol not available (os error 92)
[2026-10-05--23-28-46 WARN hyper_util::client::legacy::connect::http] tcp set_tcp_user_timeout error: Protocol not available (os error 92)
[2026-10-05--23-28-46 WARN hyper_util::client::legacy::connect::http] tcp set_tcp_user_timeout error: Protocol not available (os error 92)
[2026-10-05--23-28-46 WARN hyper_util::client::legacy::connect::http] tcp set_tcp_user_timeout error: Protocol not available (os error 92)
[2026-10-05--23-28-46 WARN hyper_util::client::legacy::connect::http] tcp set_tcp_user_timeout error: Protocol not available (os error 92)
[2026-10-05--23-28-46 WARN hyper_util::client::legacy::connect::http] tcp set_tcp_user_timeout error: Protocol not available (os error 92)
[2026-10-05--23-28-46 WARN hyper_util::client::legacy::connect::http] tcp set_tcp_user_timeout error: Protocol not available (os error 92)
[2026-10-05--23-28-46 WARN hyper_util::client::legacy::connect::http] tcp set_tcp_user_timeout error: Protocol not available (os error 92)
[2026-10-05--23-28-46 WARN hyper_util::client::legacy::connect::http] tcp set_tcp_user_timeout error: Protocol not available (os error 92)
[2026-10-05--23-28-46 WARN hyper_util::client::legacy::connect::http] tcp set_tcp_user_timeout error: Protocol not available (os error 92)
[2026-10-05--23-28-46 WARN hyper_util::client::legacy::connect::http] tcp set_tcp_user_timeout error: Protocol not available (os error 92)
[2026-10-05--23-28-46 WARN hyper_util::client::legacy::connect::http] tcp set_tcp_user_timeout error: Protocol not available (os error 92)
[2026-10-05--23-28-46 WARN hyper_util::client::legacy::connect::http] tcp set_tcp_user_timeout error: Protocol not available (os error 92)
[2026-10-05--23-28-46 WARN hyper_util::client::legacy::connect::http] tcp set_tcp_user_timeout error: Protocol not available (os error 92)
[2026-10-05--23-28-46 WARN hyper_util::client::legacy::connect::http] tcp set_tcp_user_timeout error: Protocol not available (os error 92)
[2026-10-05--23-28-46 WARN hyper_util::client::legacy::connect::http] tcp set_tcp_user_timeout error: Protocol not available (os error 92)
[2026-10-05--23-28-46 WARN hyper_util::client::legacy::connect::http] tcp set_tcp_user_timeout error: Protocol not available (os error 92)
[2026-10-05--23-28-46 WARN hyper_util::client::legacy::connect::http] tcp set_tcp_user_timeout error: Protocol not available (os error 92)
[2026-10-05--23-28-46 WARN hyper_util::client::legacy::connect::http] tcp set_tcp_user_timeout error: Protocol not available (os error 92)
[2026-10-05--23-28-46 WARN hyper_util::client::legacy::connect::http] tcp set_tcp_user_timeout error: Protocol not available (os error 92)
[2026-10-05--23-28-46 WARN hyper_util::client::legacy::connect::http] tcp set_tcp_user_timeout error: Protocol not available (os error 92)
[2026-10-05--23-28-46 WARN hyper_util::client::legacy::connect::http] tcp set_tcp_user_timeout error: Protocol not available (os error 92)
[2026-10-05--23-28-46 WARN hyper_util::client::legacy::connect::http] tcp set_tcp_user_timeout error: Protocol not available (os error 92)
[2026-10-05--23-28-46 WARN hyper_util::client::legacy::connect::http] tcp set_tcp_user_timeout error: Protocol not available (os error 92)
[2026-10-05--23-28-46 WARN hyper_util::client::legacy::connect::http] tcp set_tcp_user_timeout error: Protocol not available (os error 92)
[2026-10-05--23-28-46 WARN hyper_util::client::legacy::connect::http] tcp set_tcp_user_timeout error: Protocol not available (os error 92)
[2026-10-05--23-28-46 WARN hyper_util::client::legacy::connect::http] tcp set_tcp_user_timeout error: Protocol not available (os error 92)
[2026-10-05--23-28-46 WARN hyper_util::client::legacy::connect::http] tcp set_tcp_user_timeout error: Protocol not available (os error 92)
[2026-10-05--23-28-47 WARN hyper_util::client::legacy::connect::http] tcp set_tcp_user_timeout error: Protocol not available (os error 92)
[2026-10-05--23-28-47 WARN hyper_util::client::legacy::connect::http] tcp set_tcp_user_timeout error: Protocol not available (os error 92)
[2026-10-05--23-28-47 WARN hyper_util::client::legacy::connect::http] tcp set_tcp_user_timeout error: Protocol not available (os error 92)
[2026-10-05--23-28-47 WARN hyper_util::client::legacy::connect::http] tcp set_tcp_user_timeout error: Protocol not available (os error 92)
[2026-10-05--23-28-47 WARN hyper_util::client::legacy::connect::http] tcp set_tcp_user_timeout error: Protocol not available (os error 92)
[2026-10-05--23-28-47 WARN hyper_util::client::legacy::connect::http] tcp set_tcp_user_timeout error: Protocol not available (os error 92)
[2026-10-05--23-28-47 WARN hyper_util::client::legacy::connect::http] tcp set_tcp_user_timeout error: Protocol not available (os error 92)
[2026-10-05--23-28-47 WARN hyper_util::client::legacy::connect::http] tcp set_tcp_user_timeout error: Protocol not available (os error 92)
[2026-10-05--23-28-47 WARN hyper_util::client::legacy::connect::http] tcp set_tcp_user_timeout error: Protocol not available (os error 92)
[2026-10-05--23-28-47 WARN hyper_util::client::legacy::connect::http] tcp set_tcp_user_timeout error: Protocol not available (os error 92)
[2026-10-05--23-28-47 WARN hyper_util::client::legacy::connect::http] tcp set_tcp_user_timeout error: Protocol not available (os error 92)
[2026-10-05--23-28-47 WARN hyper_util::client::legacy::connect::http] tcp set_tcp_user_timeout error: Protocol not available (os error 92)
[2026-10-05--23-28-47 WARN hyper_util::client::legacy::connect::http] tcp set_tcp_user_timeout error: Protocol not available (os error 92)
[2026-10-05--23-28-47 WARN hyper_util::client::legacy::connect::http] tcp set_tcp_user_timeout error: Protocol not available (os error 92)
[2026-10-05--23-28-47 WARN hyper_util::client::legacy::connect::http] tcp set_tcp_user_timeout error: Protocol not available (os error 92)
[2026-10-05--23-28-47 WARN hyper_util::client::legacy::connect::http] tcp set_tcp_user_timeout error: Protocol not available (os error 92)
[2026-10-05--23-28-47 WARN hyper_util::client::legacy::connect::http] tcp set_tcp_user_timeout error: Protocol not available (os error 92)
[2026-10-05--23-28-47 WARN hyper_util::client::legacy::connect::http] tcp set_tcp_user_timeout error: Protocol not available (os error 92)
[2026-10-05--23-28-47 WARN hyper_util::client::legacy::connect::http] tcp set_tcp_user_timeout error: Protocol not available (os error 92)
[2026-10-05--23-28-47 WARN hyper_util::client::legacy::connect::http] tcp set_tcp_user_timeout error: Protocol not available (os error 92)
[2026-10-05--23-28-47 WARN hyper_util::client::legacy::connect::http] tcp set_tcp_user_timeout error: Protocol not available (os error 92)
[2026-10-05--23-28-47 WARN hyper_util::client::legacy::connect::http] tcp set_tcp_user_timeout error: Protocol not available (os error 92)
[2026-10-05--23-28-47 WARN hyper_util::client::legacy::connect::http] tcp set_tcp_user_timeout error: Protocol not available (os error 92)
[2026-10-05--23-28-47 WARN hyper_util::client::legacy::connect::http] tcp set_tcp_user_timeout error: Protocol not available (os error 92)
[2026-10-05--23-28-47 WARN hyper_util::client::legacy::connect::http] tcp set_tcp_user_timeout error: Protocol not available (os error 92)
[2026-10-05--23-28-47 WARN hyper_util::client::legacy::connect::http] tcp set_tcp_user_timeout error: Protocol not available (os error 92)
[2026-10-05--23-28-47 WARN hyper_util::client::legacy::connect::http] tcp set_tcp_user_timeout error: Protocol not available (os error 92)
[2026-10-05--23-28-47 WARN hyper_util::client::legacy::connect::http] tcp set_tcp_user_timeout error: Protocol not available (os error 92)
[2026-10-05--23-28-47 WARN hyper_util::client::legacy::connect::http] tcp set_tcp_user_timeout error: Protocol not available (os error 92)
[2026-10-05--23-28-47 WARN hyper_util::client::legacy::connect::http] tcp set_tcp_user_timeout error: Protocol not available (os error 92)
[2026-10-05--23-28-47 WARN hyper_util::client::legacy::connect::http] tcp set_tcp_user_timeout error: Protocol not available (os error 92)
[2026-10-05--23-28-47 WARN hyper_util::client::legacy::connect::http] tcp set_tcp_user_timeout error: Protocol not available (os error 92)
[2026-10-05--23-28-47 WARN hyper_util::client::legacy::connect::http] tcp set_tcp_user_timeout error: Protocol not available (os error 92)
[2026-10-05--23-28-47 WARN hyper_util::client::legacy::connect::http] tcp set_tcp_user_timeout error: Protocol not available (os error 92)
[2026-10-05--23-28-47 WARN hyper_util::client::legacy::connect::http] tcp set_tcp_user_timeout error: Protocol not available (os error 92)
[2026-10-05--23-28-47 WARN hyper_util::client::legacy::connect::http] tcp set_tcp_user_timeout error: Protocol not available (os error 92)
[2026-10-05--23-28-47 WARN hyper_util::client::legacy::connect::http] tcp set_tcp_user_timeout error: Protocol not available (os error 92)
[2026-10-05--23-28-47 WARN hyper_util::client::legacy::connect::http] tcp set_tcp_user_timeout error: Protocol not available (os error 92)
[2026-10-05--23-28-47 WARN hyper_util::client::legacy::connect::http] tcp set_tcp_user_timeout error: Protocol not available (os error 92)
[2026-10-05--23-28-47 WARN hyper_util::client::legacy::connect::http] tcp set_tcp_user_timeout error: Protocol not available (os error 92)
[2026-10-05--23-28-47 WARN hyper_util::client::legacy::connect::http] tcp set_tcp_user_timeout error: Protocol not available (os error 92)
[2026-10-05--23-28-47 WARN hyper_util::client::legacy::connect::http] tcp set_tcp_user_timeout error: Protocol not available (os error 92)
[2026-10-05--23-28-47 WARN hyper_util::client::legacy::connect::http] tcp set_tcp_user_timeout error: Protocol not available (os error 92)
[2026-10-05--23-28-47 WARN hyper_util::client::legacy::connect::http] tcp set_tcp_user_timeout error: Protocol not available (os error 92)
[2026-10-05--23-28-47 WARN hyper_util::client::legacy::connect::http] tcp set_tcp_user_timeout error: Protocol not available (os error 92)
[2026-10-05--23-28-47 WARN hyper_util::client::legacy::connect::http] tcp set_tcp_user_timeout error: Protocol not available (os error 92)
[2026-10-05--23-28-47 WARN hyper_util::client::legacy::connect::http] tcp set_tcp_user_timeout error: Protocol not available (os error 92)
[2026-10-05--23-28-47 WARN hyper_util::client::legacy::connect::http] tcp set_tcp_user_timeout error: Protocol not available (os error 92)
[2026-10-05--23-28-47 WARN hyper_util::client::legacy::connect::http] tcp set_tcp_user_timeout error: Protocol not available (os error 92)
[2026-10-05--23-28-47 WARN hyper_util::client::legacy::connect::http] tcp set_tcp_user_timeout error: Protocol not available (os error 92)
[2026-10-05--23-28-47 WARN hyper_util::client::legacy::connect::http] tcp set_tcp_user_timeout error: Protocol not available (os error 92)
[2026-10-05--23-28-47 WARN hyper_util::client::legacy::connect::http] tcp set_tcp_user_timeout error: Protocol not available (os error 92)
[2026-10-05--23-28-47 WARN hyper_util::client::legacy::connect::http] tcp set_tcp_user_timeout error: Protocol not available (os error 92)
[2026-10-05--23-28-47 WARN hyper_util::client::legacy::connect::http] tcp set_tcp_user_timeout error: Protocol not available (os error 92)
[2026-10-05--23-28-47 WARN hyper_util::client::legacy::connect::http] tcp set_tcp_user_timeout error: Protocol not available (os error 92)
[2026-10-05--23-28-47 WARN hyper_util::client::legacy::connect::http] tcp set_tcp_user_timeout error: Protocol not available (os error 92)
[2026-10-05--23-28-47 WARN hyper_util::client::legacy::connect::http] tcp set_tcp_user_timeout error: Protocol not available (os error 92)
[2026-10-05--23-28-47 WARN hyper_util::client::legacy::connect::http] tcp set_tcp_user_timeout error: Protocol not available (os error 92)
[2026-10-05--23-28-47 WARN hyper_util::client::legacy::connect::http] tcp set_tcp_user_timeout error: Protocol not available (os error 92)
[2026-10-05--23-28-47 WARN hyper_util::client::legacy::connect::http] tcp set_tcp_user_timeout error: Protocol not available (os error 92)
[2026-10-05--23-28-47 WARN hyper_util::client::legacy::connect::http] tcp set_tcp_user_timeout error: Protocol not available (os error 92)
[2026-10-05--23-28-47 WARN hyper_util::client::legacy::connect::http] tcp set_tcp_user_timeout error: Protocol not available (os error 92)
[2026-10-05--23-28-47 WARN hyper_util::client::legacy::connect::http] tcp set_tcp_user_timeout error: Protocol not available (os error 92)
[2026-10-05--23-28-47 WARN hyper_util::client::legacy::connect::http] tcp set_tcp_user_timeout error: Protocol not available (os error 92)
[2026-10-05--23-28-47 WARN hyper_util::client::legacy::connect::http] tcp set_tcp_user_timeout error: Protocol not available (os error 92)
[2026-10-05--23-28-47 WARN hyper_util::client::legacy::connect::http] tcp set_tcp_user_timeout error: Protocol not available (os error 92)
[2026-10-05--23-28-47 WARN hyper_util::client::legacy::connect::http] tcp set_tcp_user_timeout error: Protocol not available (os error 92)
[2026-10-05--23-28-47 WARN hyper_util::client::legacy::connect::http] tcp set_tcp_user_timeout error: Protocol not available (os error 92)
[2026-10-05--23-28-47 WARN hyper_util::client::legacy::connect::http] tcp set_tcp_user_timeout error: Protocol not available (os error 92)
[2026-10-05--23-28-47 WARN hyper_util::client::legacy::connect::http] tcp set_tcp_user_timeout error: Protocol not available (os error 92)
[2026-10-05--23-28-47 WARN hyper_util::client::legacy::connect::http] tcp set_tcp_user_timeout error: Protocol not available (os error 92)
[2026-10-05--23-28-47 WARN hyper_util::client::legacy::connect::http] tcp set_tcp_user_timeout error: Protocol not available (os error 92)
[2026-10-05--23-28-47 WARN hyper_util::client::legacy::connect::http] tcp set_tcp_user_timeout error: Protocol not available (os error 92)
[2026-10-05--23-28-47 WARN hyper_util::client::legacy::connect::http] tcp set_tcp_user_timeout error: Protocol not available (os error 92)
[2026-10-05--23-28-47 WARN hyper_util::client::legacy::connect::http] tcp set_tcp_user_timeout error: Protocol not available (os error 92)
[2026-10-05--23-28-47 WARN hyper_util::client::legacy::connect::http] tcp set_tcp_user_timeout error: Protocol not available (os error 92)
[2026-10-05--23-28-47 WARN hyper_util::client::legacy::connect::http] tcp set_tcp_user_timeout error: Protocol not available (os error 92)
[2026-10-05--23-28-47 WARN hyper_util::client::legacy::connect::http] tcp set_tcp_user_timeout error: Protocol not available (os error 92)
[2026-10-05--23-28-48 WARN hyper_util::client::legacy::connect::http] tcp set_tcp_user_timeout error: Protocol not available (os error 92)
[2026-10-05--23-28-48 WARN hyper_util::client::legacy::connect::http] tcp set_tcp_user_timeout error: Protocol not available (os error 92)
[2026-10-05--23-28-48 WARN hyper_util::client::legacy::connect::http] tcp set_tcp_user_timeout error: Protocol not available (os error 92)
[2026-10-05--23-28-48 WARN hyper_util::client::legacy::connect::http] tcp set_tcp_user_timeout error: Protocol not available (os error 92)
[2026-10-05--23-28-48 WARN hyper_util::client::legacy::connect::http] tcp set_tcp_user_timeout error: Protocol not available (os error 92)
[2026-10-05--23-28-48 WARN hyper_util::client::legacy::connect::http] tcp set_tcp_user_timeout error: Protocol not available (os error 92)
[2026-10-05--23-28-48 WARN hyper_util::client::legacy::connect::http] tcp set_tcp_user_timeout error: Protocol not available (os error 92)
[2026-10-05--23-28-48 WARN hyper_util::client::legacy::connect::http] tcp set_tcp_user_timeout error: Protocol not available (os error 92)
[2026-10-05--23-28-48 WARN hyper_util::client::legacy::connect::http] tcp set_tcp_user_timeout error: Protocol not available (os error 92)
[2026-10-05--23-28-48 WARN hyper_util::client::legacy::connect::http] tcp set_tcp_user_timeout error: Protocol not available (os error 92)
[2026-10-05--23-28-48 WARN hyper_util::client::legacy::connect::http] tcp set_tcp_user_timeout error: Protocol not available (os error 92)
[2026-10-05--23-28-48 WARN hyper_util::client::legacy::connect::http] tcp set_tcp_user_timeout error: Protocol not available (os error 92)
[2026-10-05--23-28-48 WARN hyper_util::client::legacy::connect::http] tcp set_tcp_user_timeout error: Protocol not available (os error 92)
[2026-10-05--23-28-48 WARN hyper_util::client::legacy::connect::http] tcp set_tcp_user_timeout error: Protocol not available (os error 92)
[2026-10-05--23-28-48 WARN hyper_util::client::legacy::connect::http] tcp set_tcp_user_timeout error: Protocol not available (os error 92)
[2026-10-05--23-28-48 WARN hyper_util::client::legacy::connect::http] tcp set_tcp_user_timeout error: Protocol not available (os error 92)
[2026-10-05--23-28-48 WARN hyper_util::client::legacy::connect::http] tcp set_tcp_user_timeout error: Protocol not available (os error 92)
[2026-10-05--23-28-48 WARN hyper_util::client::legacy::connect::http] tcp set_tcp_user_timeout error: Protocol not available (os error 92)
[2026-10-05--23-28-48 WARN hyper_util::client::legacy::connect::http] tcp set_tcp_user_timeout error: Protocol not available (os error 92)
[2026-10-05--23-28-48 WARN hyper_util::client::legacy::connect::http] tcp set_tcp_user_timeout error: Protocol not available (os error 92)
[2026-10-05--23-28-48 WARN hyper_util::client::legacy::connect::http] tcp set_tcp_user_timeout error: Protocol not available (os error 92)
[2026-10-05--23-28-48 WARN hyper_util::client::legacy::connect::http] tcp set_tcp_user_timeout error: Protocol not available (os error 92)
[2026-10-05--23-28-48 WARN hyper_util::client::legacy::connect::http] tcp set_tcp_user_timeout error: Protocol not available (os error 92)
[2026-10-05--23-28-48 WARN hyper_util::client::legacy::connect::http] tcp set_tcp_user_timeout error: Protocol not available (os error 92)
[2026-10-05--23-28-48 WARN hyper_util::client::legacy::connect::http] tcp set_tcp_user_timeout error: Protocol not available (os error 92)
[2026-10-05--23-28-48 WARN hyper_util::client::legacy::connect::http] tcp set_tcp_user_timeout error: Protocol not available (os error 92)
[2026-10-05--23-28-48 WARN hyper_util::client::legacy::connect::http] tcp set_tcp_user_timeout error: Protocol not available (os error 92)
[2026-10-05--23-28-48 WARN hyper_util::client::legacy::connect::http] tcp set_tcp_user_timeout error: Protocol not available (os error 92)
[2026-10-05--23-28-48 WARN hyper_util::client::legacy::connect::http] tcp set_tcp_user_timeout error: Protocol not available (os error 92)
[2026-10-05--23-28-48 WARN hyper_util::client::legacy::connect::http] tcp set_tcp_user_timeout error: Protocol not available (os error 92)
[2026-10-05--23-28-48 WARN hyper_util::client::legacy::connect::http] tcp set_tcp_user_timeout error: Protocol not available (os error 92)
[2026-10-05--23-28-48 WARN hyper_util::client::legacy::connect::http] tcp set_tcp_user_timeout error: Protocol not available (os error 92)
[2026-10-05--23-28-48 WARN hyper_util::client::legacy::connect::http] tcp set_tcp_user_timeout error: Protocol not available (os error 92)
[2026-10-05--23-28-48 WARN hyper_util::client::legacy::connect::http] tcp set_tcp_user_timeout error: Protocol not available (os error 92)
[2026-10-05--23-28-48 WARN hyper_util::client::legacy::connect::http] tcp set_tcp_user_timeout error: Protocol not available (os error 92)
[2026-10-05--23-28-48 WARN hyper_util::client::legacy::connect::http] tcp set_tcp_user_timeout error: Protocol not available (os error 92)
[2026-10-05--23-28-48 WARN hyper_util::client::legacy::connect::http] tcp set_tcp_user_timeout error: Protocol not available (os error 92)
[2026-10-05--23-28-48 WARN hyper_util::client::legacy::connect::http] tcp set_tcp_user_timeout error: Protocol not available (os error 92)
[2026-10-05--23-28-48 WARN hyper_util::client::legacy::connect::http] tcp set_tcp_user_timeout error: Protocol not available (os error 92)
[2026-10-05--23-28-48 WARN hyper_util::client::legacy::connect::http] tcp set_tcp_user_timeout error: Protocol not available (os error 92)
[2026-10-05--23-28-48 WARN hyper_util::client::legacy::connect::http] tcp set_tcp_user_timeout error: Protocol not available (os error 92)
[2026-10-05--23-28-48 WARN hyper_util::client::legacy::connect::http] tcp set_tcp_user_timeout error: Protocol not available (os error 92)
[2026-10-05--23-28-48 WARN hyper_util::client::legacy::connect::http] tcp set_tcp_user_timeout error: Protocol not available (os error 92)
[2026-10-05--23-28-48 WARN hyper_util::client::legacy::connect::http] tcp set_tcp_user_timeout error: Protocol not available (os error 92)
[2026-10-05--23-28-48 WARN hyper_util::client::legacy::connect::http] tcp set_tcp_user_timeout error: Protocol not available (os error 92)
[2026-10-05--23-28-48 WARN hyper_util::client::legacy::connect::http] tcp set_tcp_user_timeout error: Protocol not available (os error 92)
[2026-10-05--23-28-48 WARN hyper_util::client::legacy::connect::http] tcp set_tcp_user_timeout error: Protocol not available (os error 92)
[2026-10-05--23-28-48 WARN hyper_util::client::legacy::connect::http] tcp set_tcp_user_timeout error: Protocol not available (os error 92)
[2026-10-05--23-28-48 WARN hyper_util::client::legacy::connect::http] tcp set_tcp_user_timeout error: Protocol not available (os error 92)
[2026-10-05--23-28-48 WARN hyper_util::client::legacy::connect::http] tcp set_tcp_user_timeout error: Protocol not available (os error 92)
[2026-10-05--23-28-48 WARN hyper_util::client::legacy::connect::http] tcp set_tcp_user_timeout error: Protocol not available (os error 92)
[2026-10-05--23-28-48 WARN hyper_util::client::legacy::connect::http] tcp set_tcp_user_timeout error: Protocol not available (os error 92)
[2026-10-05--23-28-48 WARN hyper_util::client::legacy::connect::http] tcp set_tcp_user_timeout error: Protocol not available (os error 92)
[2026-10-05--23-28-48 WARN hyper_util::client::legacy::connect::http] tcp set_tcp_user_timeout error: Protocol not available (os error 92)
[2026-10-05--23-28-48 WARN hyper_util::client::legacy::connect::http] tcp set_tcp_user_timeout error: Protocol not available (os error 92)
[2026-10-05--23-28-48 WARN hyper_util::client::legacy::connect::http] tcp set_tcp_user_timeout error: Protocol not available (os error 92)
[2026-10-05--23-28-48 WARN hyper_util::client::legacy::connect::http] tcp set_tcp_user_timeout error: Protocol not available (os error 92)
[2026-10-05--23-28-48 WARN hyper_util::client::legacy::connect::http] tcp set_tcp_user_timeout error: Protocol not available (os error 92)
[2026-10-05--23-28-48 WARN hyper_util::client::legacy::connect::http] tcp set_tcp_user_timeout error: Protocol not available (os error 92)
[2026-10-05--23-28-48 WARN hyper_util::client::legacy::connect::http] tcp set_tcp_user_timeout error: Protocol not available (os error 92)
[2026-10-05--23-28-48 WARN hyper_util::client::legacy::connect::http] tcp set_tcp_user_timeout error: Protocol not available (os error 92)
[2026-10-05--23-28-48 WARN hyper_util::client::legacy::connect::http] tcp set_tcp_user_timeout error: Protocol not available (os error 92)
[2026-10-05--23-28-48 WARN hyper_util::client::legacy::connect::http] tcp set_tcp_user_timeout error: Protocol not available (os error 92)
[2026-10-05--23-28-48 WARN hyper_util::client::legacy::connect::http] tcp set_tcp_user_timeout error: Protocol not available (os error 92)
[2026-10-05--23-28-48 WARN hyper_util::client::legacy::connect::http] tcp set_tcp_user_timeout error: Protocol not available (os error 92)
[2026-10-05--23-28-48 WARN hyper_util::client::legacy::connect::http] tcp set_tcp_user_timeout error: Protocol not available (os error 92)
[2026-10-05--23-28-48 WARN hyper_util::client::legacy::connect::http] tcp set_tcp_user_timeout error: Protocol not available (os error 92)
[2026-10-05--23-28-48 WARN hyper_util::client::legacy::connect::http] tcp set_tcp_user_timeout error: Protocol not available (os error 92)
[2026-10-05--23-28-48 WARN hyper_util::client::legacy::connect::http] tcp set_tcp_user_timeout error: Protocol not available (os error 92)
[2026-10-05--23-28-48 WARN hyper_util::client::legacy::connect::http] tcp set_tcp_user_timeout error: Protocol not available (os error 92)
[2026-10-05--23-28-48 WARN hyper_util::client::legacy::connect::http] tcp set_tcp_user_timeout error: Protocol not available (os error 92)
[2026-10-05--23-28-48 WARN hyper_util::client::legacy::connect::http] tcp set_tcp_user_timeout error: Protocol not available (os error 92)
[2026-10-05--23-28-48 WARN hyper_util::client::legacy::connect::http] tcp set_tcp_user_timeout error: Protocol not available (os error 92)
[2026-10-05--23-28-48 WARN hyper_util::client::legacy::connect::http] tcp set_tcp_user_timeout error: Protocol not available (os error 92)
[2026-10-05--23-28-48 WARN hyper_util::client::legacy::connect::http] tcp set_tcp_user_timeout error: Protocol not available (os error 92)
[2026-10-05--23-28-48 WARN hyper_util::client::legacy::connect::http] tcp set_tcp_user_timeout error: Protocol not available (os error 92)
[2026-10-05--23-28-48 WARN hyper_util::client::legacy::connect::http] tcp set_tcp_user_timeout error: Protocol not available (os error 92)
[2026-10-05--23-28-48 WARN hyper_util::client::legacy::connect::http] tcp set_tcp_user_timeout error: Protocol not available (os error 92)
[2026-10-05--23-28-48 WARN hyper_util::client::legacy::connect::http] tcp set_tcp_user_timeout error: Protocol not available (os error 92)
[2026-10-05--23-28-48 WARN hyper_util::client::legacy::connect::http] tcp set_tcp_user_timeout error: Protocol not available (os error 92)
[2026-10-05--23-28-48 WARN hyper_util::client::legacy::connect::http] tcp set_tcp_user_timeout error: Protocol not available (os error 92)
[2026-10-05--23-28-49 WARN hyper_util::client::legacy::connect::http] tcp set_tcp_user_timeout error: Protocol not available (os error 92)
[2026-10-05--23-28-49 WARN hyper_util::client::legacy::connect::http] tcp set_tcp_user_timeout error: Protocol not available (os error 92)
[2026-10-05--23-28-49 WARN hyper_util::client::legacy::connect::http] tcp set_tcp_user_timeout error: Protocol not available (os error 92)
[2026-10-05--23-28-49 WARN hyper_util::client::legacy::connect::http] tcp set_tcp_user_timeout error: Protocol not available (os error 92)
[2026-10-05--23-28-49 WARN hyper_util::client::legacy::connect::http] tcp set_tcp_user_timeout error: Protocol not available (os error 92)
[2026-10-05--23-28-49 WARN hyper_util::client::legacy::connect::http] tcp set_tcp_user_timeout error: Protocol not available (os error 92)
[2026-10-05--23-28-49 WARN hyper_util::client::legacy::connect::http] tcp set_tcp_user_timeout error: Protocol not available (os error 92)
[2026-10-05--23-28-49 WARN hyper_util::client::legacy::connect::http] tcp set_tcp_user_timeout error: Protocol not available (os error 92)
[2026-10-05--23-28-49 WARN hyper_util::client::legacy::connect::http] tcp set_tcp_user_timeout error: Protocol not available (os error 92)
[2026-10-05--23-28-49 WARN hyper_util::client::legacy::connect::http] tcp set_tcp_user_timeout error: Protocol not available (os error 92)
[2026-10-05--23-28-49 WARN hyper_util::client::legacy::connect::http] tcp set_tcp_user_timeout error: Protocol not available (os error 92)
[2026-10-05--23-28-49 WARN hyper_util::client::legacy::connect::http] tcp set_tcp_user_timeout error: Protocol not available (os error 92)
[2026-10-05--23-28-49 WARN hyper_util::client::legacy::connect::http] tcp set_tcp_user_timeout error: Protocol not available (os error 92)
[2026-10-05--23-28-49 WARN hyper_util::client::legacy::connect::http] tcp set_tcp_user_timeout error: Protocol not available (os error 92)
[2026-10-05--23-28-49 WARN hyper_util::client::legacy::connect::http] tcp set_tcp_user_timeout error: Protocol not available (os error 92)
[2026-10-05--23-28-49 WARN hyper_util::client::legacy::connect::http] tcp set_tcp_user_timeout error: Protocol not available (os error 92)
[2026-10-05--23-28-49 WARN hyper_util::client::legacy::connect::http] tcp set_tcp_user_timeout error: Protocol not available (os error 92)
[2026-10-05--23-28-49 WARN hyper_util::client::legacy::connect::http] tcp set_tcp_user_timeout error: Protocol not available (os error 92)
[2026-10-05--23-28-49 WARN hyper_util::client::legacy::connect::http] tcp set_tcp_user_timeout error: Protocol not available (os error 92)
[2026-10-05--23-28-49 WARN hyper_util::client::legacy::connect::http] tcp set_tcp_user_timeout error: Protocol not available (os error 92)
[2026-10-05--23-28-49 WARN hyper_util::client::legacy::connect::http] tcp set_tcp_user_timeout error: Protocol not available (os error 92)
[2026-10-05--23-28-49 WARN hyper_util::client::legacy::connect::http] tcp set_tcp_user_timeout error: Protocol not available (os error 92)
[2026-10-05--23-28-49 WARN hyper_util::client::legacy::connect::http] tcp set_tcp_user_timeout error: Protocol not available (os error 92)
[2026-10-05--23-28-49 WARN hyper_util::client::legacy::connect::http] tcp set_tcp_user_timeout error: Protocol not available (os error 92)
[2026-10-05--23-28-49 WARN hyper_util::client::legacy::connect::http] tcp set_tcp_user_timeout error: Protocol not available (os error 92)
[2026-10-05--23-28-49 WARN hyper_util::client::legacy::connect::http] tcp set_tcp_user_timeout error: Protocol not available (os error 92)
[2026-10-05--23-28-49 WARN hyper_util::client::legacy::connect::http] tcp set_tcp_user_timeout error: Protocol not available (os error 92)
[2026-10-05--23-28-49 WARN hyper_util::client::legacy::connect::http] tcp set_tcp_user_timeout error: Protocol not available (os error 92)
[2026-10-05--23-28-49 WARN hyper_util::client::legacy::connect::http] tcp set_tcp_user_timeout error: Protocol not available (os error 92)
[2026-10-05--23-28-49 WARN hyper_util::client::legacy::connect::http] tcp set_tcp_user_timeout error: Protocol not available (os error 92)
[2026-10-05--23-28-49 WARN hyper_util::client::legacy::connect::http] tcp set_tcp_user_timeout error: Protocol not available (os error 92)
[2026-10-05--23-28-49 WARN hyper_util::client::legacy::connect::http] tcp set_tcp_user_timeout error: Protocol not available (os error 92)
[2026-10-05--23-28-49 WARN hyper_util::client::legacy::connect::http] tcp set_tcp_user_timeout error: Protocol not available (os error 92)
[2026-10-05--23-28-49 WARN hyper_util::client::legacy::connect::http] tcp set_tcp_user_timeout error: Protocol not available (os error 92)
[2026-10-05--23-28-49 WARN hyper_util::client::legacy::connect::http] tcp set_tcp_user_timeout error: Protocol not available (os error 92)
[2026-10-05--23-28-49 WARN hyper_util::client::legacy::connect::http] tcp set_tcp_user_timeout error: Protocol not available (os error 92)
[2026-10-05--23-28-49 WARN hyper_util::client::legacy::connect::http] tcp set_tcp_user_timeout error: Protocol not available (os error 92)
[2026-10-05--23-28-49 WARN hyper_util::client::legacy::connect::http] tcp set_tcp_user_timeout error: Protocol not available (os error 92)
[2026-10-05--23-28-49 WARN hyper_util::client::legacy::connect::http] tcp set_tcp_user_timeout error: Protocol not available (os error 92)
[2026-10-05--23-28-49 WARN hyper_util::client::legacy::connect::http] tcp set_tcp_user_timeout error: Protocol not available (os error 92)
[2026-10-05--23-28-49 WARN hyper_util::client::legacy::connect::http] tcp set_tcp_user_timeout error: Protocol not available (os error 92)
[2026-10-05--23-28-49 WARN hyper_util::client::legacy::connect::http] tcp set_tcp_user_timeout error: Protocol not available (os error 92)
[2026-10-05--23-28-49 WARN hyper_util::client::legacy::connect::http] tcp set_tcp_user_timeout error: Protocol not available (os error 92)
[2026-10-05--23-28-49 WARN hyper_util::client::legacy::connect::http] tcp set_tcp_user_timeout error: Protocol not available (os error 92)
[2026-10-05--23-28-49 WARN hyper_util::client::legacy::connect::http] tcp set_tcp_user_timeout error: Protocol not available (os error 92)
[2026-10-05--23-28-49 WARN hyper_util::client::legacy::connect::http] tcp set_tcp_user_timeout error: Protocol not available (os error 92)
[2026-10-05--23-28-49 WARN hyper_util::client::legacy::connect::http] tcp set_tcp_user_timeout error: Protocol not available (os error 92)
[2026-10-05--23-28-49 WARN hyper_util::client::legacy::connect::http] tcp set_tcp_user_timeout error: Protocol not available (os error 92)
[2026-10-05--23-28-49 WARN hyper_util::client::legacy::connect::http] tcp set_tcp_user_timeout error: Protocol not available (os error 92)
[2026-10-05--23-28-49 WARN hyper_util::client::legacy::connect::http] tcp set_tcp_user_timeout error: Protocol not available (os error 92)
[2026-10-05--23-28-49 WARN hyper_util::client::legacy::connect::http] tcp set_tcp_user_timeout error: Protocol not available (os error 92)
[2026-10-05--23-28-49 WARN hyper_util::client::legacy::connect::http] tcp set_tcp_user_timeout error: Protocol not available (os error 92)
[2026-10-05--23-28-49 WARN hyper_util::client::legacy::connect::http] tcp set_tcp_user_timeout error: Protocol not available (os error 92)
[2026-10-05--23-28-49 WARN hyper_util::client::legacy::connect::http] tcp set_tcp_user_timeout error: Protocol not available (os error 92)
[2026-10-05--23-28-49 WARN hyper_util::client::legacy::connect::http] tcp set_tcp_user_timeout error: Protocol not available (os error 92)
[2026-10-05--23-28-49 WARN hyper_util::client::legacy::connect::http] tcp set_tcp_user_timeout error: Protocol not available (os error 92)
[2026-10-05--23-28-49 WARN hyper_util::client::legacy::connect::http] tcp set_tcp_user_timeout error: Protocol not available (os error 92)
[2026-10-05--23-28-49 WARN hyper_util::client::legacy::connect::http] tcp set_tcp_user_timeout error: Protocol not available (os error 92)
[2026-10-05--23-28-49 WARN hyper_util::client::legacy::connect::http] tcp set_tcp_user_timeout error: Protocol not available (os error 92)
[2026-10-05--23-28-49 WARN hyper_util::client::legacy::connect::http] tcp set_tcp_user_timeout error: Protocol not available (os error 92)
[2026-10-05--23-28-49 WARN hyper_util::client::legacy::connect::http] tcp set_tcp_user_timeout error: Protocol not available (os error 92)
[2026-10-05--23-28-49 WARN hyper_util::client::legacy::connect::http] tcp set_tcp_user_timeout error: Protocol not available (os error 92)
[2026-10-05--23-28-49 WARN hyper_util::client::legacy::connect::http] tcp set_tcp_user_timeout error: Protocol not available (os error 92)
[2026-10-05--23-28-49 WARN hyper_util::client::legacy::connect::http] tcp set_tcp_user_timeout error: Protocol not available (os error 92)
[2026-10-05--23-28-49 WARN hyper_util::client::legacy::connect::http] tcp set_tcp_user_timeout error: Protocol not available (os error 92)
[2026-10-05--23-28-49 WARN hyper_util::client::legacy::connect::http] tcp set_tcp_user_timeout error: Protocol not available (os error 92)
[2026-10-05--23-28-49 WARN hyper_util::client::legacy::connect::http] tcp set_tcp_user_timeout error: Protocol not available (os error 92)
[2026-10-05--23-28-49 WARN hyper_util::client::legacy::connect::http] tcp set_tcp_user_timeout error: Protocol not available (os error 92)
[2026-10-05--23-28-49 WARN hyper_util::client::legacy::connect::http] tcp set_tcp_user_timeout error: Protocol not available (os error 92)
[2026-10-05--23-28-49 WARN hyper_util::client::legacy::connect::http] tcp set_tcp_user_timeout error: Protocol not available (os error 92)
[2026-10-05--23-28-49 WARN hyper_util::client::legacy::connect::http] tcp set_tcp_user_timeout error: Protocol not available (os error 92)
[2026-10-05--23-28-49 WARN hyper_util::client::legacy::connect::http] tcp set_tcp_user_timeout error: Protocol not available (os error 92)
[2026-10-05--23-28-49 WARN hyper_util::client::legacy::connect::http] tcp set_tcp_user_timeout error: Protocol not available (os error 92)
[2026-10-05--23-28-49 WARN hyper_util::client::legacy::connect::http] tcp set_tcp_user_timeout error: Protocol not available (os error 92)
[2026-10-05--23-28-49 WARN hyper_util::client::legacy::connect::http] tcp set_tcp_user_timeout error: Protocol not available (os error 92)
[2026-10-05--23-28-49 WARN hyper_util::client::legacy::connect::http] tcp set_tcp_user_timeout error: Protocol not available (os error 92)
[2026-10-05--23-28-49 WARN hyper_util::client::legacy::connect::http] tcp set_tcp_user_timeout error: Protocol not available (os error 92)
[2026-10-05--23-28-49 WARN hyper_util::client::legacy::connect::http] tcp set_tcp_user_timeout error: Protocol not available (os error 92)
[2026-10-05--23-28-49 WARN hyper_util::client::legacy::connect::http] tcp set_tcp_user_timeout error: Protocol not available (os error 92)
[2026-10-05--23-28-49 WARN hyper_util::client::legacy::connect::http] tcp set_tcp_user_timeout error: Protocol not available (os error 92)
[2026-10-05--23-28-49 WARN hyper_util::client::legacy::connect::http] tcp set_tcp_user_timeout error: Protocol not available (os error 92)
[2026-10-05--23-28-50 WARN hyper_util::client::legacy::connect::http] tcp set_tcp_user_timeout error: Protocol not available (os error 92)
[2026-10-05--23-28-50 WARN hyper_util::client::legacy::connect::http] tcp set_tcp_user_timeout error: Protocol not available (os error 92)
[2026-10-05--23-28-50 WARN hyper_util::client::legacy::connect::http] tcp set_tcp_user_timeout error: Protocol not available (os error 92)
[2026-10-05--23-28-50 WARN hyper_util::client::legacy::connect::http] tcp set_tcp_user_timeout error: Protocol not available (os error 92)
[2026-10-05--23-28-50 WARN hyper_util::client::legacy::connect::http] tcp set_tcp_user_timeout error: Protocol not available (os error 92)
[2026-10-05--23-28-50 WARN hyper_util::client::legacy::connect::http] tcp set_tcp_user_timeout error: Protocol not available (os error 92)
[2026-10-05--23-28-50 WARN hyper_util::client::legacy::connect::http] tcp set_tcp_user_timeout error: Protocol not available (os error 92)
[2026-10-05--23-28-50 WARN hyper_util::client::legacy::connect::http] tcp set_tcp_user_timeout error: Protocol not available (os error 92)
[2026-10-05--23-28-50 WARN hyper_util::client::legacy::connect::http] tcp set_tcp_user_timeout error: Protocol not available (os error 92)
[2026-10-05--23-28-50 WARN hyper_util::client::legacy::connect::http] tcp set_tcp_user_timeout error: Protocol not available (os error 92)
[2026-10-05--23-28-50 WARN hyper_util::client::legacy::connect::http] tcp set_tcp_user_timeout error: Protocol not available (os error 92)
[2026-10-05--23-28-50 WARN hyper_util::client::legacy::connect::http] tcp set_tcp_user_timeout error: Protocol not available (os error 92)
[2026-10-05--23-28-50 WARN hyper_util::client::legacy::connect::http] tcp set_tcp_user_timeout error: Protocol not available (os error 92)
[2026-10-05--23-28-50 WARN hyper_util::client::legacy::connect::http] tcp set_tcp_user_timeout error: Protocol not available (os error 92)
[2026-10-05--23-28-50 WARN hyper_util::client::legacy::connect::http] tcp set_tcp_user_timeout error: Protocol not available (os error 92)
[2026-10-05--23-28-50 WARN hyper_util::client::legacy::connect::http] tcp set_tcp_user_timeout error: Protocol not available (os error 92)
[2026-10-05--23-28-50 WARN hyper_util::client::legacy::connect::http] tcp set_tcp_user_timeout error: Protocol not available (os error 92)
[2026-10-05--23-28-50 WARN hyper_util::client::legacy::connect::http] tcp set_tcp_user_timeout error: Protocol not available (os error 92)
[2026-10-05--23-28-50 WARN hyper_util::client::legacy::connect::http] tcp set_tcp_user_timeout error: Protocol not available (os error 92)
[2026-10-05--23-28-50 WARN hyper_util::client::legacy::connect::http] tcp set_tcp_user_timeout error: Protocol not available (os error 92)
[2026-10-05--23-28-50 WARN hyper_util::client::legacy::connect::http] tcp set_tcp_user_timeout error: Protocol not available (os error 92)
[2026-10-05--23-28-50 WARN hyper_util::client::legacy::connect::http] tcp set_tcp_user_timeout error: Protocol not available (os error 92)
[2026-10-05--23-28-50 WARN hyper_util::client::legacy::connect::http] tcp set_tcp_user_timeout error: Protocol not available (os error 92)
[2026-10-05--23-28-50 WARN hyper_util::client::legacy::connect::http] tcp set_tcp_user_timeout error: Protocol not available (os error 92)
[2026-10-05--23-28-50 WARN hyper_util::client::legacy::connect::http] tcp set_tcp_user_timeout error: Protocol not available (os error 92)
[2026-10-05--23-28-50 WARN hyper_util::client::legacy::connect::http] tcp set_tcp_user_timeout error: Protocol not available (os error 92)
[2026-10-05--23-28-50 WARN hyper_util::client::legacy::connect::http] tcp set_tcp_user_timeout error: Protocol not available (os error 92)
[2026-10-05--23-28-50 WARN hyper_util::client::legacy::connect::http] tcp set_tcp_user_timeout error: Protocol not available (os error 92)
[2026-10-05--23-28-50 WARN hyper_util::client::legacy::connect::http] tcp set_tcp_user_timeout error: Protocol not available (os error 92)
[2026-10-05--23-28-50 WARN hyper_util::client::legacy::connect::http] tcp set_tcp_user_timeout error: Protocol not available (os error 92)
[2026-10-05--23-28-50 WARN hyper_util::client::legacy::connect::http] tcp set_tcp_user_timeout error: Protocol not available (os error 92)
[2026-10-05--23-28-50 WARN hyper_util::client::legacy::connect::http] tcp set_tcp_user_timeout error: Protocol not available (os error 92)
[2026-10-05--23-28-50 WARN hyper_util::client::legacy::connect::http] tcp set_tcp_user_timeout error: Protocol not available (os error 92)
[2026-10-05--23-28-50 WARN hyper_util::client::legacy::connect::http] tcp set_tcp_user_timeout error: Protocol not available (os error 92)
[2026-10-05--23-28-50 WARN hyper_util::client::legacy::connect::http] tcp set_tcp_user_timeout error: Protocol not available (os error 92)
[2026-10-05--23-28-50 WARN hyper_util::client::legacy::connect::http] tcp set_tcp_user_timeout error: Protocol not available (os error 92)
[2026-10-05--23-28-50 WARN hyper_util::client::legacy::connect::http] tcp set_tcp_user_timeout error: Protocol not available (os error 92)
[2026-10-05--23-28-50 WARN hyper_util::client::legacy::connect::http] tcp set_tcp_user_timeout error: Protocol not available (os error 92)
[2026-10-05--23-28-50 WARN hyper_util::client::legacy::connect::http] tcp set_tcp_user_timeout error: Protocol not available (os error 92)
[2026-10-05--23-28-50 WARN hyper_util::client::legacy::connect::http] tcp set_tcp_user_timeout error: Protocol not available (os error 92)
[2026-10-05--23-28-50 WARN hyper_util::client::legacy::connect::http] tcp set_tcp_user_timeout error: Protocol not available (os error 92)
[2026-10-05--23-28-50 WARN hyper_util::client::legacy::connect::http] tcp set_tcp_user_timeout error: Protocol not available (os error 92)
[2026-10-05--23-28-50 WARN hyper_util::client::legacy::connect::http] tcp set_tcp_user_timeout error: Protocol not available (os error 92)
[2026-10-05--23-28-50 WARN hyper_util::client::legacy::connect::http] tcp set_tcp_user_timeout error: Protocol not available (os error 92)
[2026-10-05--23-28-50 WARN hyper_util::client::legacy::connect::http] tcp set_tcp_user_timeout error: Protocol not available (os error 92)
[2026-10-05--23-28-50 WARN hyper_util::client::legacy::connect::http] tcp set_tcp_user_timeout error: Protocol not available (os error 92)
[2026-10-05--23-28-50 WARN hyper_util::client::legacy::connect::http] tcp set_tcp_user_timeout error: Protocol not available (os error 92)
[2026-10-05--23-28-50 WARN hyper_util::client::legacy::connect::http] tcp set_tcp_user_timeout error: Protocol not available (os error 92)
[2026-10-05--23-28-50 WARN hyper_util::client::legacy::connect::http] tcp set_tcp_user_timeout error: Protocol not available (os error 92)
[2026-10-05--23-28-50 WARN hyper_util::client::legacy::connect::http] tcp set_tcp_user_timeout error: Protocol not available (os error 92)
[2026-10-05--23-28-50 WARN hyper_util::client::legacy::connect::http] tcp set_tcp_user_timeout error: Protocol not available (os error 92)
[2026-10-05--23-28-50 WARN hyper_util::client::legacy::connect::http] tcp set_tcp_user_timeout error: Protocol not available (os error 92)
[2026-10-05--23-28-50 WARN hyper_util::client::legacy::connect::http] tcp set_tcp_user_timeout error: Protocol not available (os error 92)
[2026-10-05--23-28-50 WARN hyper_util::client::legacy::connect::http] tcp set_tcp_user_timeout error: Protocol not available (os error 92)
[2026-10-05--23-28-50 WARN hyper_util::client::legacy::connect::http] tcp set_tcp_user_timeout error: Protocol not available (os error 92)
[2026-10-05--23-28-50 WARN hyper_util::client::legacy::connect::http] tcp set_tcp_user_timeout error: Protocol not available (os error 92)
[2026-10-05--23-28-50 WARN hyper_util::client::legacy::connect::http] tcp set_tcp_user_timeout error: Protocol not available (os error 92)
[2026-10-05--23-28-50 WARN hyper_util::client::legacy::connect::http] tcp set_tcp_user_timeout error: Protocol not available (os error 92)
[2026-10-05--23-28-50 WARN hyper_util::client::legacy::connect::http] tcp set_tcp_user_timeout error: Protocol not available (os error 92)
[2026-10-05--23-28-50 WARN hyper_util::client::legacy::connect::http] tcp set_tcp_user_timeout error: Protocol not available (os error 92)
[2026-10-05--23-28-50 WARN hyper_util::client::legacy::connect::http] tcp set_tcp_user_timeout error: Protocol not available (os error 92)
[2026-10-05--23-28-50 WARN hyper_util::client::legacy::connect::http] tcp set_tcp_user_timeout error: Protocol not available (os error 92)
[2026-10-05--23-28-50 WARN hyper_util::client::legacy::connect::http] tcp set_tcp_user_timeout error: Protocol not available (os error 92)
[2026-10-05--23-28-50 WARN hyper_util::client::legacy::connect::http] tcp set_tcp_user_timeout error: Protocol not available (os error 92)
[2026-10-05--23-28-50 WARN hyper_util::client::legacy::connect::http] tcp set_tcp_user_timeout error: Protocol not available (os error 92)
[2026-10-05--23-28-50 WARN hyper_util::client::legacy::connect::http] tcp set_tcp_user_timeout error: Protocol not available (os error 92)
[2026-10-05--23-28-50 WARN hyper_util::client::legacy::connect::http] tcp set_tcp_user_timeout error: Protocol not available (os error 92)
[2026-10-05--23-28-50 WARN hyper_util::client::legacy::connect::http] tcp set_tcp_user_timeout error: Protocol not available (os error 92)
[2026-10-05--23-28-51 WARN hyper_util::client::legacy::connect::http] tcp set_tcp_user_timeout error: Protocol not available (os error 92)
[2026-10-05--23-28-51 WARN hyper_util::client::legacy::connect::http] tcp set_tcp_user_timeout error: Protocol not available (os error 92)
[2026-10-05--23-28-51 WARN hyper_util::client::legacy::connect::http] tcp set_tcp_user_timeout error: Protocol not available (os error 92)
[2026-10-05--23-28-51 WARN hyper_util::client::legacy::connect::http] tcp set_tcp_user_timeout error: Protocol not available (os error 92)
[2026-10-05--23-28-51 WARN hyper_util::client::legacy::connect::http] tcp set_tcp_user_timeout error: Protocol not available (os error 92)
[2026-10-05--23-28-51 WARN hyper_util::client::legacy::connect::http] tcp set_tcp_user_timeout error: Protocol not available (os error 92)
[2026-10-05--23-28-51 WARN hyper_util::client::legacy::connect::http] tcp set_tcp_user_timeout error: Protocol not available (os error 92)
[2026-10-05--23-28-51 WARN hyper_util::client::legacy::connect::http] tcp set_tcp_user_timeout error: Protocol not available (os error 92)
[2026-10-05--23-28-51 WARN hyper_util::client::legacy::connect::http] tcp set_tcp_user_timeout error: Protocol not available (os error 92)
[2026-10-05--23-28-51 WARN hyper_util::client::legacy::connect::http] tcp set_tcp_user_timeout error: Protocol not available (os error 92)
[2026-10-05--23-28-51 WARN hyper_util::client::legacy::connect::http] tcp set_tcp_user_timeout error: Protocol not available (os error 92)
[2026-10-05--23-28-51 WARN hyper_util::client::legacy::connect::http] tcp set_tcp_user_timeout error: Protocol not available (os error 92)
[2026-10-05--23-28-51 WARN hyper_util::client::legacy::connect::http] tcp set_tcp_user_timeout error: Protocol not available (os error 92)
[2026-10-05--23-28-51 WARN hyper_util::client::legacy::connect::http] tcp set_tcp_user_timeout error: Protocol not available (os error 92)
[2026-10-05--23-28-51 WARN hyper_util::client::legacy::connect::http] tcp set_tcp_user_timeout error: Protocol not available (os error 92)
[2026-10-05--23-28-51 WARN hyper_util::client::legacy::connect::http] tcp set_tcp_user_timeout error: Protocol not available (os error 92)
[2026-10-05--23-28-51 WARN hyper_util::client::legacy::connect::http] tcp set_tcp_user_timeout error: Protocol not available (os error 92)
[2026-10-05--23-28-51 WARN hyper_util::client::legacy::connect::http] tcp set_tcp_user_timeout error: Protocol not available (os error 92)
[2026-10-05--23-28-51 WARN hyper_util::client::legacy::connect::http] tcp set_tcp_user_timeout error: Protocol not available (os error 92)
[2026-10-05--23-28-51 WARN hyper_util::client::legacy::connect::http] tcp set_tcp_user_timeout error: Protocol not available (os error 92)
[2026-10-05--23-28-51 WARN hyper_util::client::legacy::connect::http] tcp set_tcp_user_timeout error: Protocol not available (os error 92)
[2026-10-05--23-28-51 WARN hyper_util::client::legacy::connect::http] tcp set_tcp_user_timeout error: Protocol not available (os error 92)
[2026-10-05--23-28-51 WARN hyper_util::client::legacy::connect::http] tcp set_tcp_user_timeout error: Protocol not available (os error 92)
[2026-10-05--23-28-51 WARN hyper_util::client::legacy::connect::http] tcp set_tcp_user_timeout error: Protocol not available (os error 92)
[2026-10-05--23-28-51 WARN hyper_util::client::legacy::connect::http] tcp set_tcp_user_timeout error: Protocol not available (os error 92)
[2026-10-05--23-28-51 WARN hyper_util::client::legacy::connect::http] tcp set_tcp_user_timeout error: Protocol not available (os error 92)
[2026-10-05--23-28-51 WARN hyper_util::client::legacy::connect::http] tcp set_tcp_user_timeout error: Protocol not available (os error 92)
[2026-10-05--23-28-51 WARN hyper_util::client::legacy::connect::http] tcp set_tcp_user_timeout error: Protocol not available (os error 92)
[2026-10-05--23-28-51 WARN hyper_util::client::legacy::connect::http] tcp set_tcp_user_timeout error: Protocol not available (os error 92)
[2026-10-05--23-28-51 WARN hyper_util::client::legacy::connect::http] tcp set_tcp_user_timeout error: Protocol not available (os error 92)
[2026-10-05--23-28-51 WARN hyper_util::client::legacy::connect::http] tcp set_tcp_user_timeout error: Protocol not available (os error 92)
[2026-10-05--23-28-51 WARN hyper_util::client::legacy::connect::http] tcp set_tcp_user_timeout error: Protocol not available (os error 92)
[2026-10-05--23-28-51 WARN hyper_util::client::legacy::connect::http] tcp set_tcp_user_timeout error: Protocol not available (os error 92)
[2026-10-05--23-28-51 WARN hyper_util::client::legacy::connect::http] tcp set_tcp_user_timeout error: Protocol not available (os error 92)
[2026-10-05--23-28-51 WARN hyper_util::client::legacy::connect::http] tcp set_tcp_user_timeout error: Protocol not available (os error 92)
[2026-10-05--23-28-51 WARN hyper_util::client::legacy::connect::http] tcp set_tcp_user_timeout error: Protocol not available (os error 92)
[2026-10-05--23-28-51 WARN hyper_util::client::legacy::connect::http] tcp set_tcp_user_timeout error: Protocol not available (os error 92)
[2026-10-05--23-28-51 WARN hyper_util::client::legacy::connect::http] tcp set_tcp_user_timeout error: Protocol not available (os error 92)
[2026-10-05--23-28-51 WARN hyper_util::client::legacy::connect::http] tcp set_tcp_user_timeout error: Protocol not available (os error 92)
[2026-10-05--23-28-51 WARN hyper_util::client::legacy::connect::http] tcp set_tcp_user_timeout error: Protocol not available (os error 92)
[2026-10-05--23-28-51 WARN hyper_util::client::legacy::connect::http] tcp set_tcp_user_timeout error: Protocol not available (os error 92)
[2026-10-05--23-28-51 WARN hyper_util::client::legacy::connect::http] tcp set_tcp_user_timeout error: Protocol not available (os error 92)
[2026-10-05--23-28-51 WARN hyper_util::client::legacy::connect::http] tcp set_tcp_user_timeout error: Protocol not available (os error 92)
[2026-10-05--23-28-51 WARN hyper_util::client::legacy::connect::http] tcp set_tcp_user_timeout error: Protocol not available (os error 92)
[2026-10-05--23-28-51 WARN hyper_util::client::legacy::connect::http] tcp set_tcp_user_timeout error: Protocol not available (os error 92)
[2026-10-05--23-28-51 WARN hyper_util::client::legacy::connect::http] tcp set_tcp_user_timeout error: Protocol not available (os error 92)
[2026-10-05--23-28-51 WARN hyper_util::client::legacy::connect::http] tcp set_tcp_user_timeout error: Protocol not available (os error 92)
[2026-10-05--23-28-51 WARN hyper_util::client::legacy::connect::http] tcp set_tcp_user_timeout error: Protocol not available (os error 92)
[2026-10-05--23-28-51 WARN hyper_util::client::legacy::connect::http] tcp set_tcp_user_timeout error: Protocol not available (os error 92)
[2026-10-05--23-28-51 WARN hyper_util::client::legacy::connect::http] tcp set_tcp_user_timeout error: Protocol not available (os error 92)
[2026-10-05--23-28-51 WARN hyper_util::client::legacy::connect::http] tcp set_tcp_user_timeout error: Protocol not available (os error 92)
[2026-10-05--23-28-51 WARN hyper_util::client::legacy::connect::http] tcp set_tcp_user_timeout error: Protocol not available (os error 92)
[2026-10-05--23-28-51 WARN hyper_util::client::legacy::connect::http] tcp set_tcp_user_timeout error: Protocol not available (os error 92)
[2026-10-05--23-28-51 WARN hyper_util::client::legacy::connect::http] tcp set_tcp_user_timeout error: Protocol not available (os error 92)
[2026-10-05--23-28-51 WARN hyper_util::client::legacy::connect::http] tcp set_tcp_user_timeout error: Protocol not available (os error 92)
[2026-10-05--23-28-51 WARN hyper_util::client::legacy::connect::http] tcp set_tcp_user_timeout error: Protocol not available (os error 92)
[2026-10-05--23-28-51 WARN hyper_util::client::legacy::connect::http] tcp set_tcp_user_timeout error: Protocol not available (os error 92)
[2026-10-05--23-28-51 WARN hyper_util::client::legacy::connect::http] tcp set_tcp_user_timeout error: Protocol not available (os error 92)
[2026-10-05--23-28-51 WARN hyper_util::client::legacy::connect::http] tcp set_tcp_user_timeout error: Protocol not available (os error 92)
[2026-10-05--23-28-51 WARN hyper_util::client::legacy::connect::http] tcp set_tcp_user_timeout error: Protocol not available (os error 92)
[2026-10-05--23-28-51 WARN hyper_util::client::legacy::connect::http] tcp set_tcp_user_timeout error: Protocol not available (os error 92)
[2026-10-05--23-28-51 WARN hyper_util::client::legacy::connect::http] tcp set_tcp_user_timeout error: Protocol not available (os error 92)
[2026-10-05--23-28-51 WARN hyper_util::client::legacy::connect::http] tcp set_tcp_user_timeout error: Protocol not available (os error 92)
[2026-10-05--23-28-51 WARN hyper_util::client::legacy::connect::http] tcp set_tcp_user_timeout error: Protocol not available (os error 92)
[2026-10-05--23-28-51 WARN hyper_util::client::legacy::connect::http] tcp set_tcp_user_timeout error: Protocol not available (os error 92)
[2026-10-05--23-28-51 WARN hyper_util::client::legacy::connect::http] tcp set_tcp_user_timeout error: Protocol not available (os error 92)
[2026-10-05--23-28-51 WARN hyper_util::client::legacy::connect::http] tcp set_tcp_user_timeout error: Protocol not available (os error 92)
[2026-10-05--23-28-51 WARN hyper_util::client::legacy::connect::http] tcp set_tcp_user_timeout error: Protocol not available (os error 92)
[2026-10-05--23-28-51 WARN hyper_util::client::legacy::connect::http] tcp set_tcp_user_timeout error: Protocol not available (os error 92)
[2026-10-05--23-28-51 WARN hyper_util::client::legacy::connect::http] tcp set_tcp_user_timeout error: Protocol not available (os error 92)
[2026-10-05--23-28-52 WARN hyper_util::client::legacy::connect::http] tcp set_tcp_user_timeout error: Protocol not available (os error 92)
[2026-10-05--23-28-52 WARN hyper_util::client::legacy::connect::http] tcp set_tcp_user_timeout error: Protocol not available (os error 92)
[2026-10-05--23-28-52 WARN hyper_util::client::legacy::connect::http] tcp set_tcp_user_timeout error: Protocol not available (os error 92)
[2026-10-05--23-28-52 WARN hyper_util::client::legacy::connect::http] tcp set_tcp_user_timeout error: Protocol not available (os error 92)
[2026-10-05--23-28-52 WARN hyper_util::client::legacy::connect::http] tcp set_tcp_user_timeout error: Protocol not available (os error 92)
[2026-10-05--23-28-52 WARN hyper_util::client::legacy::connect::http] tcp set_tcp_user_timeout error: Protocol not available (os error 92)
[2026-10-05--23-28-52 WARN hyper_util::client::legacy::connect::http] tcp set_tcp_user_timeout error: Protocol not available (os error 92)
[2026-10-05--23-28-52 WARN hyper_util::client::legacy::connect::http] tcp set_tcp_user_timeout error: Protocol not available (os error 92)
[2026-10-05--23-28-52 WARN hyper_util::client::legacy::connect::http] tcp set_tcp_user_timeout error: Protocol not available (os error 92)
[2026-10-05--23-28-52 WARN hyper_util::client::legacy::connect::http] tcp set_tcp_user_timeout error: Protocol not available (os error 92)
[2026-10-05--23-28-52 WARN hyper_util::client::legacy::connect::http] tcp set_tcp_user_timeout error: Protocol not available (os error 92)
[2026-10-05--23-28-52 WARN hyper_util::client::legacy::connect::http] tcp set_tcp_user_timeout error: Protocol not available (os error 92)
[2026-10-05--23-28-52 WARN hyper_util::client::legacy::connect::http] tcp set_tcp_user_timeout error: Protocol not available (os error 92)
[2026-10-05--23-28-52 WARN hyper_util::client::legacy::connect::http] tcp set_tcp_user_timeout error: Protocol not available (os error 92)
[2026-10-05--23-28-52 WARN hyper_util::client::legacy::connect::http] tcp set_tcp_user_timeout error: Protocol not available (os error 92)
[2026-10-05--23-28-52 WARN hyper_util::client::legacy::connect::http] tcp set_tcp_user_timeout error: Protocol not available (os error 92)
[2026-10-05--23-28-52 WARN hyper_util::client::legacy::connect::http] tcp set_tcp_user_timeout error: Protocol not available (os error 92)
[2026-10-05--23-28-52 WARN hyper_util::client::legacy::connect::http] tcp set_tcp_user_timeout error: Protocol not available (os error 92)
[2026-10-05--23-28-52 WARN hyper_util::client::legacy::connect::http] tcp set_tcp_user_timeout error: Protocol not available (os error 92)
[2026-10-05--23-28-52 WARN hyper_util::client::legacy::connect::http] tcp set_tcp_user_timeout error: Protocol not available (os error 92)
[2026-10-05--23-28-52 WARN hyper_util::client::legacy::connect::http] tcp set_tcp_user_timeout error: Protocol not available (os error 92)
[2026-10-05--23-28-52 WARN hyper_util::client::legacy::connect::http] tcp set_tcp_user_timeout error: Protocol not available (os error 92)
[2026-10-05--23-28-52 WARN hyper_util::client::legacy::connect::http] tcp set_tcp_user_timeout error: Protocol not available (os error 92)
[2026-10-05--23-28-52 WARN hyper_util::client::legacy::connect::http] tcp set_tcp_user_timeout error: Protocol not available (os error 92)
[2026-10-05--23-28-52 WARN hyper_util::client::legacy::connect::http] tcp set_tcp_user_timeout error: Protocol not available (os error 92)
[2026-10-05--23-28-52 WARN hyper_util::client::legacy::connect::http] tcp set_tcp_user_timeout error: Protocol not available (os error 92)
[2026-10-05--23-28-52 WARN hyper_util::client::legacy::connect::http] tcp set_tcp_user_timeout error: Protocol not available (os error 92)
[2026-10-05--23-28-52 WARN hyper_util::client::legacy::connect::http] tcp set_tcp_user_timeout error: Protocol not available (os error 92)
[2026-10-05--23-28-52 WARN hyper_util::client::legacy::connect::http] tcp set_tcp_user_timeout error: Protocol not available (os error 92)
[2026-10-05--23-28-52 WARN hyper_util::client::legacy::connect::http] tcp set_tcp_user_timeout error: Protocol not available (os error 92)
[2026-10-05--23-28-52 WARN hyper_util::client::legacy::connect::http] tcp set_tcp_user_timeout error: Protocol not available (os error 92)
[2026-10-05--23-28-52 WARN hyper_util::client::legacy::connect::http] tcp set_tcp_user_timeout error: Protocol not available (os error 92)
[2026-10-05--23-28-52 WARN hyper_util::client::legacy::connect::http] tcp set_tcp_user_timeout error: Protocol not available (os error 92)
[2026-10-05--23-28-52 WARN hyper_util::client::legacy::connect::http] tcp set_tcp_user_timeout error: Protocol not available (os error 92)
[2026-10-05--23-28-52 WARN hyper_util::client::legacy::connect::http] tcp set_tcp_user_timeout error: Protocol not available (os error 92)
[2026-10-05--23-28-52 WARN hyper_util::client::legacy::connect::http] tcp set_tcp_user_timeout error: Protocol not available (os error 92)
[2026-10-05--23-28-52 WARN hyper_util::client::legacy::connect::http] tcp set_tcp_user_timeout error: Protocol not available (os error 92)
[2026-10-05--23-28-52 WARN hyper_util::client::legacy::connect::http] tcp set_tcp_user_timeout error: Protocol not available (os error 92)
[2026-10-05--23-28-52 WARN hyper_util::client::legacy::connect::http] tcp set_tcp_user_timeout error: Protocol not available (os error 92)
[2026-10-05--23-28-52 WARN hyper_util::client::legacy::connect::http] tcp set_tcp_user_timeout error: Protocol not available (os error 92)
[2026-10-05--23-28-52 WARN hyper_util::client::legacy::connect::http] tcp set_tcp_user_timeout error: Protocol not available (os error 92)
[2026-10-05--23-28-52 WARN hyper_util::client::legacy::connect::http] tcp set_tcp_user_timeout error: Protocol not available (os error 92)
[2026-10-05--23-28-52 WARN hyper_util::client::legacy::connect::http] tcp set_tcp_user_timeout error: Protocol not available (os error 92)
[2026-10-05--23-28-52 WARN hyper_util::client::legacy::connect::http] tcp set_tcp_user_timeout error: Protocol not available (os error 92)
[2026-10-05--23-28-52 WARN hyper_util::client::legacy::connect::http] tcp set_tcp_user_timeout error: Protocol not available (os error 92)
[2026-10-05--23-28-52 WARN hyper_util::client::legacy::connect::http] tcp set_tcp_user_timeout error: Protocol not available (os error 92)
[2026-10-05--23-28-52 WARN hyper_util::client::legacy::connect::http] tcp set_tcp_user_timeout error: Protocol not available (os error 92)
[2026-10-05--23-28-52 WARN hyper_util::client::legacy::connect::http] tcp set_tcp_user_timeout error: Protocol not available (os error 92)
[2026-10-05--23-28-52 WARN hyper_util::client::legacy::connect::http] tcp set_tcp_user_timeout error: Protocol not available (os error 92)
[2026-10-05--23-28-52 WARN hyper_util::client::legacy::connect::http] tcp set_tcp_user_timeout error: Protocol not available (os error 92)
[2026-10-05--23-28-52 WARN hyper_util::client::legacy::connect::http] tcp set_tcp_user_timeout error: Protocol not available (os error 92)
[2026-10-05--23-28-52 WARN hyper_util::client::legacy::connect::http] tcp set_tcp_user_timeout error: Protocol not available (os error 92)
[2026-10-05--23-28-52 WARN hyper_util::client::legacy::connect::http] tcp set_tcp_user_timeout error: Protocol not available (os error 92)
[2026-10-05--23-28-52 WARN hyper_util::client::legacy::connect::http] tcp set_tcp_user_timeout error: Protocol not available (os error 92)
[2026-10-05--23-28-52 WARN hyper_util::client::legacy::connect::http] tcp set_tcp_user_timeout error: Protocol not available (os error 92)
[2026-10-05--23-28-52 WARN hyper_util::client::legacy::connect::http] tcp set_tcp_user_timeout error: Protocol not available (os error 92)
[2026-10-05--23-28-52 WARN hyper_util::client::legacy::connect::http] tcp set_tcp_user_timeout error: Protocol not available (os error 92)
[2026-10-05--23-28-52 WARN hyper_util::client::legacy::connect::http] tcp set_tcp_user_timeout error: Protocol not available (os error 92)
[2026-10-05--23-28-52 WARN hyper_util::client::legacy::connect::http] tcp set_tcp_user_timeout error: Protocol not available (os error 92)
[2026-10-05--23-28-52 WARN hyper_util::client::legacy::connect::http] tcp set_tcp_user_timeout error: Protocol not available (os error 92)
[2026-10-05--23-28-52 WARN hyper_util::client::legacy::connect::http] tcp set_tcp_user_timeout error: Protocol not available (os error 92)
[2026-10-05--23-28-52 WARN hyper_util::client::legacy::connect::http] tcp set_tcp_user_timeout error: Protocol not available (os error 92)
[2026-10-05--23-28-52 WARN hyper_util::client::legacy::connect::http] tcp set_tcp_user_timeout error: Protocol not available (os error 92)
[2026-10-05--23-28-52 WARN hyper_util::client::legacy::connect::http] tcp set_tcp_user_timeout error: Protocol not available (os error 92)
[2026-10-05--23-28-52 WARN hyper_util::client::legacy::connect::http] tcp set_tcp_user_timeout error: Protocol not available (os error 92)
[2026-10-05--23-28-52 WARN hyper_util::client::legacy::connect::http] tcp set_tcp_user_timeout error: Protocol not available (os error 92)
[2026-10-05--23-28-52 WARN hyper_util::client::legacy::connect::http] tcp set_tcp_user_timeout error: Protocol not available (os error 92)
[2026-10-05--23-28-52 WARN hyper_util::client::legacy::connect::http] tcp set_tcp_user_timeout error: Protocol not available (os error 92)
[2026-10-05--23-28-52 WARN hyper_util::client::legacy::connect::http] tcp set_tcp_user_timeout error: Protocol not available (os error 92)
[2026-10-05--23-28-52 WARN hyper_util::client::legacy::connect::http] tcp set_tcp_user_timeout error: Protocol not available (os error 92)
[2026-10-05--23-28-52 WARN hyper_util::client::legacy::connect::http] tcp set_tcp_user_timeout error: Protocol not available (os error 92)
[2026-10-05--23-28-52 WARN hyper_util::client::legacy::connect::http] tcp set_tcp_user_timeout error: Protocol not available (os error 92)
[2026-10-05--23-28-52 WARN hyper_util::client::legacy::connect::http] tcp set_tcp_user_timeout error: Protocol not available (os error 92)
[2026-10-05--23-28-52 WARN hyper_util::client::legacy::connect::http] tcp set_tcp_user_timeout error: Protocol not available (os error 92)
[2026-10-05--23-28-52 WARN hyper_util::client::legacy::connect::http] tcp set_tcp_user_timeout error: Protocol not available (os error 92)
[2026-10-05--23-28-52 WARN hyper_util::client::legacy::connect::http] tcp set_tcp_user_timeout error: Protocol not available (os error 92)
[2026-10-05--23-28-52 WARN hyper_util::client::legacy::connect::http] tcp set_tcp_user_timeout error: Protocol not available (os error 92)
[2026-10-05--23-28-52 WARN hyper_util::client::legacy::connect::http] tcp set_tcp_user_timeout error: Protocol not available (os error 92)
[2026-10-05--23-28-52 WARN hyper_util::client::legacy::connect::http] tcp set_tcp_user_timeout error: Protocol not available (os error 92)
[2026-10-05--23-28-52 WARN hyper_util::client::legacy::connect::http] tcp set_tcp_user_timeout error: Protocol not available (os error 92)
[2026-10-05--23-28-52 WARN hyper_util::client::legacy::connect::http] tcp set_tcp_user_timeout error: Protocol not available (os error 92)
[2026-10-05--23-28-52 WARN hyper_util::client::legacy::connect::http] tcp set_tcp_user_timeout error: Protocol not available (os error 92)
[2026-10-05--23-28-52 WARN hyper_util::client::legacy::connect::http] tcp set_tcp_user_timeout error: Protocol not available (os error 92)
[2026-10-05--23-28-52 WARN hyper_util::client::legacy::connect::http] tcp set_tcp_user_timeout error: Protocol not available (os error 92)
[2026-10-05--23-28-53 WARN hyper_util::client::legacy::connect::http] tcp set_tcp_user_timeout error: Protocol not available (os error 92)
[2026-10-05--23-28-53 WARN hyper_util::client::legacy::connect::http] tcp set_tcp_user_timeout error: Protocol not available (os error 92)
[2026-10-05--23-28-53 WARN hyper_util::client::legacy::connect::http] tcp set_tcp_user_timeout error: Protocol not available (os error 92)
[2026-10-05--23-28-53 WARN hyper_util::client::legacy::connect::http] tcp set_tcp_user_timeout error: Protocol not available (os error 92)
[2026-10-05--23-28-53 WARN hyper_util::client::legacy::connect::http] tcp set_tcp_user_timeout error: Protocol not available (os error 92)
[2026-10-05--23-28-53 WARN hyper_util::client::legacy::connect::http] tcp set_tcp_user_timeout error: Protocol not available (os error 92)
[2026-10-05--23-28-53 WARN hyper_util::client::legacy::connect::http] tcp set_tcp_user_timeout error: Protocol not available (os error 92)
[2026-10-05--23-28-53 WARN hyper_util::client::legacy::connect::http] tcp set_tcp_user_timeout error: Protocol not available (os error 92)
[2026-10-05--23-28-53 WARN hyper_util::client::legacy::connect::http] tcp set_tcp_user_timeout error: Protocol not available (os error 92)
[2026-10-05--23-28-53 WARN hyper_util::client::legacy::connect::http] tcp set_tcp_user_timeout error: Protocol not available (os error 92)
[2026-10-05--23-28-53 WARN hyper_util::client::legacy::connect::http] tcp set_tcp_user_timeout error: Protocol not available (os error 92)
[2026-10-05--23-28-53 WARN hyper_util::client::legacy::connect::http] tcp set_tcp_user_timeout error: Protocol not available (os error 92)
[2026-10-05--23-28-53 WARN hyper_util::client::legacy::connect::http] tcp set_tcp_user_timeout error: Protocol not available (os error 92)
[2026-10-05--23-28-53 WARN hyper_util::client::legacy::connect::http] tcp set_tcp_user_timeout error: Protocol not available (os error 92)
[2026-10-05--23-28-53 WARN hyper_util::client::legacy::connect::http] tcp set_tcp_user_timeout error: Protocol not available (os error 92)
[2026-10-05--23-28-53 WARN hyper_util::client::legacy::connect::http] tcp set_tcp_user_timeout error: Protocol not available (os error 92)
[2026-10-05--23-28-53 WARN hyper_util::client::legacy::connect::http] tcp set_tcp_user_timeout error: Protocol not available (os error 92)
[2026-10-05--23-28-53 WARN hyper_util::client::legacy::connect::http] tcp set_tcp_user_timeout error: Protocol not available (os error 92)
[2026-10-05--23-28-53 WARN hyper_util::client::legacy::connect::http] tcp set_tcp_user_timeout error: Protocol not available (os error 92)
[2026-10-05--23-28-53 WARN hyper_util::client::legacy::connect::http] tcp set_tcp_user_timeout error: Protocol not available (os error 92)
[2026-10-05--23-28-53 WARN hyper_util::client::legacy::connect::http] tcp set_tcp_user_timeout error: Protocol not available (os error 92)
[2026-10-05--23-28-53 WARN hyper_util::client::legacy::connect::http] tcp set_tcp_user_timeout error: Protocol not available (os error 92)
[2026-10-05--23-28-53 WARN hyper_util::client::legacy::connect::http] tcp set_tcp_user_timeout error: Protocol not available (os error 92)
[2026-10-05--23-28-53 WARN hyper_util::client::legacy::connect::http] tcp set_tcp_user_timeout error: Protocol not available (os error 92)
[2026-10-05--23-28-53 WARN hyper_util::client::legacy::connect::http] tcp set_tcp_user_timeout error: Protocol not available (os error 92)
[2026-10-05--23-28-53 WARN hyper_util::client::legacy::connect::http] tcp set_tcp_user_timeout error: Protocol not available (os error 92)
[2026-10-05--23-28-53 WARN hyper_util::client::legacy::connect::http] tcp set_tcp_user_timeout error: Protocol not available (os error 92)
[2026-10-05--23-28-53 WARN hyper_util::client::legacy::connect::http] tcp set_tcp_user_timeout error: Protocol not available (os error 92)
[2026-10-05--23-28-53 WARN hyper_util::client::legacy::connect::http] tcp set_tcp_user_timeout error: Protocol not available (os error 92)
[2026-10-05--23-28-53 WARN hyper_util::client::legacy::connect::http] tcp set_tcp_user_timeout error: Protocol not available (os error 92)
[2026-10-05--23-28-53 WARN hyper_util::client::legacy::connect::http] tcp set_tcp_user_timeout error: Protocol not available (os error 92)
[2026-10-05--23-28-53 WARN hyper_util::client::legacy::connect::http] tcp set_tcp_user_timeout error: Protocol not available (os error 92)
[2026-10-05--23-28-53 WARN hyper_util::client::legacy::connect::http] tcp set_tcp_user_timeout error: Protocol not available (os error 92)
[2026-10-05--23-28-53 WARN hyper_util::client::legacy::connect::http] tcp set_tcp_user_timeout error: Protocol not available (os error 92)
[2026-10-05--23-28-53 WARN hyper_util::client::legacy::connect::http] tcp set_tcp_user_timeout error: Protocol not available (os error 92)
[2026-10-05--23-28-53 WARN hyper_util::client::legacy::connect::http] tcp set_tcp_user_timeout error: Protocol not available (os error 92)
[2026-10-05--23-28-53 WARN hyper_util::client::legacy::connect::http] tcp set_tcp_user_timeout error: Protocol not available (os error 92)
[2026-10-05--23-28-53 WARN hyper_util::client::legacy::connect::http] tcp set_tcp_user_timeout error: Protocol not available (os error 92)
[2026-10-05--23-28-53 WARN hyper_util::client::legacy::connect::http] tcp set_tcp_user_timeout error: Protocol not available (os error 92)
[2026-10-05--23-28-53 WARN hyper_util::client::legacy::connect::http] tcp set_tcp_user_timeout error: Protocol not available (os error 92)
[2026-10-05--23-28-53 WARN hyper_util::client::legacy::connect::http] tcp set_tcp_user_timeout error: Protocol not available (os error 92)
[2026-10-05--23-28-53 WARN hyper_util::client::legacy::connect::http] tcp set_tcp_user_timeout error: Protocol not available (os error 92)
[2026-10-05--23-28-53 WARN hyper_util::client::legacy::connect::http] tcp set_tcp_user_timeout error: Protocol not available (os error 92)
[2026-10-05--23-28-53 WARN hyper_util::client::legacy::connect::http] tcp set_tcp_user_timeout error: Protocol not available (os error 92)
[2026-10-05--23-28-53 WARN hyper_util::client::legacy::connect::http] tcp set_tcp_user_timeout error: Protocol not available (os error 92)
[2026-10-05--23-28-53 WARN hyper_util::client::legacy::connect::http] tcp set_tcp_user_timeout error: Protocol not available (os error 92)
[2026-10-05--23-28-53 WARN hyper_util::client::legacy::connect::http] tcp set_tcp_user_timeout error: Protocol not available (os error 92)
[2026-10-05--23-28-53 WARN hyper_util::client::legacy::connect::http] tcp set_tcp_user_timeout error: Protocol not available (os error 92)
[2026-10-05--23-28-53 WARN hyper_util::client::legacy::connect::http] tcp set_tcp_user_timeout error: Protocol not available (os error 92)
[2026-10-05--23-28-53 WARN hyper_util::client::legacy::connect::http] tcp set_tcp_user_timeout error: Protocol not available (os error 92)
[2026-10-05--23-28-53 WARN hyper_util::client::legacy::connect::http] tcp set_tcp_user_timeout error: Protocol not available (os error 92)
[2026-10-05--23-28-53 WARN hyper_util::client::legacy::connect::http] tcp set_tcp_user_timeout error: Protocol not available (os error 92)
[2026-10-05--23-28-53 WARN hyper_util::client::legacy::connect::http] tcp set_tcp_user_timeout error: Protocol not available (os error 92)
[2026-10-05--23-28-53 WARN hyper_util::client::legacy::connect::http] tcp set_tcp_user_timeout error: Protocol not available (os error 92)
[2026-10-05--23-28-53 WARN hyper_util::client::legacy::connect::http] tcp set_tcp_user_timeout error: Protocol not available (os error 92)
[2026-10-05--23-28-53 WARN hyper_util::client::legacy::connect::http] tcp set_tcp_user_timeout error: Protocol not available (os error 92)
[2026-10-05--23-28-53 WARN hyper_util::client::legacy::connect::http] tcp set_tcp_user_timeout error: Protocol not available (os error 92)
[2026-10-05--23-28-53 WARN hyper_util::client::legacy::connect::http] tcp set_tcp_user_timeout error: Protocol not available (os error 92)
[2026-10-05--23-28-53 WARN hyper_util::client::legacy::connect::http] tcp set_tcp_user_timeout error: Protocol not available (os error 92)
[2026-10-05--23-28-53 WARN hyper_util::client::legacy::connect::http] tcp set_tcp_user_timeout error: Protocol not available (os error 92)
[2026-10-05--23-28-53 WARN hyper_util::client::legacy::connect::http] tcp set_tcp_user_timeout error: Protocol not available (os error 92)
[2026-10-05--23-28-53 WARN hyper_util::client::legacy::connect::http] tcp set_tcp_user_timeout error: Protocol not available (os error 92)
[2026-10-05--23-28-53 WARN hyper_util::client::legacy::connect::http] tcp set_tcp_user_timeout error: Protocol not available (os error 92)
[2026-10-05--23-28-53 WARN hyper_util::client::legacy::connect::http] tcp set_tcp_user_timeout error: Protocol not available (os error 92)
[2026-10-05--23-28-53 WARN hyper_util::client::legacy::connect::http] tcp set_tcp_user_timeout error: Protocol not available (os error 92)
[2026-10-05--23-28-53 WARN hyper_util::client::legacy::connect::http] tcp set_tcp_user_timeout error: Protocol not available (os error 92)
[2026-10-05--23-28-53 WARN hyper_util::client::legacy::connect::http] tcp set_tcp_user_timeout error: Protocol not available (os error 92)
[2026-10-05--23-28-53 WARN hyper_util::client::legacy::connect::http] tcp set_tcp_user_timeout error: Protocol not available (os error 92)
[2026-10-05--23-28-53 WARN hyper_util::client::legacy::connect::http] tcp set_tcp_user_timeout error: Protocol not available (os error 92)
[2026-10-05--23-28-53 WARN hyper_util::client::legacy::connect::http] tcp set_tcp_user_timeout error: Protocol not available (os error 92)
[2026-10-05--23-28-53 WARN hyper_util::client::legacy::connect::http] tcp set_tcp_user_timeout error: Protocol not available (os error 92)
[2026-10-05--23-28-53 WARN hyper_util::client::legacy::connect::http] tcp set_tcp_user_timeout error: Protocol not available (os error 92)
[2026-10-05--23-28-53 WARN hyper_util::client::legacy::connect::http] tcp set_tcp_user_timeout error: Protocol not available (os error 92)
[2026-10-05--23-28-53 WARN hyper_util::client::legacy::connect::http] tcp set_tcp_user_timeout error: Protocol not available (os error 92)
[2026-10-05--23-28-53 WARN hyper_util::client::legacy::connect::http] tcp set_tcp_user_timeout error: Protocol not available (os error 92)
[2026-10-05--23-28-53 WARN hyper_util::client::legacy::connect::http] tcp set_tcp_user_timeout error: Protocol not available (os error 92)
[2026-10-05--23-28-53 WARN hyper_util::client::legacy::connect::http] tcp set_tcp_user_timeout error: Protocol not available (os error 92)
[2026-10-05--23-28-53 WARN hyper_util::client::legacy::connect::http] tcp set_tcp_user_timeout error: Protocol not available (os error 92)
[2026-10-05--23-28-54 WARN hyper_util::client::legacy::connect::http] tcp set_tcp_user_timeout error: Protocol not available (os error 92)
[2026-10-05--23-28-54 WARN hyper_util::client::legacy::connect::http] tcp set_tcp_user_timeout error: Protocol not available (os error 92)
[2026-10-05--23-28-54 WARN hyper_util::client::legacy::connect::http] tcp set_tcp_user_timeout error: Protocol not available (os error 92)
[2026-10-05--23-28-54 WARN hyper_util::client::legacy::connect::http] tcp set_tcp_user_timeout error: Protocol not available (os error 92)
[2026-10-05--23-28-54 WARN hyper_util::client::legacy::connect::http] tcp set_tcp_user_timeout error: Protocol not available (os error 92)
[2026-10-05--23-28-54 WARN hyper_util::client::legacy::connect::http] tcp set_tcp_user_timeout error: Protocol not available (os error 92)
[2026-10-05--23-28-54 WARN hyper_util::client::legacy::connect::http] tcp set_tcp_user_timeout error: Protocol not available (os error 92)
[2026-10-05--23-28-54 WARN hyper_util::client::legacy::connect::http] tcp set_tcp_user_timeout error: Protocol not available (os error 92)
[2026-10-05--23-28-54 WARN hyper_util::client::legacy::connect::http] tcp set_tcp_user_timeout error: Protocol not available (os error 92)
[2026-10-05--23-28-54 WARN hyper_util::client::legacy::connect::http] tcp set_tcp_user_timeout error: Protocol not available (os error 92)
[2026-10-05--23-28-54 WARN hyper_util::client::legacy::connect::http] tcp set_tcp_user_timeout error: Protocol not available (os error 92)
[2026-10-05--23-28-54 WARN hyper_util::client::legacy::connect::http] tcp set_tcp_user_timeout error: Protocol not available (os error 92)
[2026-10-05--23-28-54 WARN hyper_util::client::legacy::connect::http] tcp set_tcp_user_timeout error: Protocol not available (os error 92)
[2026-10-05--23-28-54 WARN hyper_util::client::legacy::connect::http] tcp set_tcp_user_timeout error: Protocol not available (os error 92)
[2026-10-05--23-28-54 WARN hyper_util::client::legacy::connect::http] tcp set_tcp_user_timeout error: Protocol not available (os error 92)
[2026-10-05--23-28-54 WARN hyper_util::client::legacy::connect::http] tcp set_tcp_user_timeout error: Protocol not available (os error 92)
[2026-10-05--23-28-54 WARN hyper_util::client::legacy::connect::http] tcp set_tcp_user_timeout error: Protocol not available (os error 92)
[2026-10-05--23-28-54 WARN hyper_util::client::legacy::connect::http] tcp set_tcp_user_timeout error: Protocol not available (os error 92)
[2026-10-05--23-28-54 WARN hyper_util::client::legacy::connect::http] tcp set_tcp_user_timeout error: Protocol not available (os error 92)
[2026-10-05--23-28-54 WARN hyper_util::client::legacy::connect::http] tcp set_tcp_user_timeout error: Protocol not available (os error 92)
[2026-10-05--23-28-54 WARN hyper_util::client::legacy::connect::http] tcp set_tcp_user_timeout error: Protocol not available (os error 92)
[2026-10-05--23-28-54 WARN hyper_util::client::legacy::connect::http] tcp set_tcp_user_timeout error: Protocol not available (os error 92)
[2026-10-05--23-28-54 WARN hyper_util::client::legacy::connect::http] tcp set_tcp_user_timeout error: Protocol not available (os error 92)
[2026-10-05--23-28-54 WARN hyper_util::client::legacy::connect::http] tcp set_tcp_user_timeout error: Protocol not available (os error 92)
[2026-10-05--23-28-54 WARN hyper_util::client::legacy::connect::http] tcp set_tcp_user_timeout error: Protocol not available (os error 92)
[2026-10-05--23-28-54 WARN hyper_util::client::legacy::connect::http] tcp set_tcp_user_timeout error: Protocol not available (os error 92)
[2026-10-05--23-28-54 WARN hyper_util::client::legacy::connect::http] tcp set_tcp_user_timeout error: Protocol not available (os error 92)
[2026-10-05--23-28-54 WARN hyper_util::client::legacy::connect::http] tcp set_tcp_user_timeout error: Protocol not available (os error 92)
[2026-10-05--23-28-54 WARN hyper_util::client::legacy::connect::http] tcp set_tcp_user_timeout error: Protocol not available (os error 92)
[2026-10-05--23-28-54 WARN hyper_util::client::legacy::connect::http] tcp set_tcp_user_timeout error: Protocol not available (os error 92)
[2026-10-05--23-28-54 WARN hyper_util::client::legacy::connect::http] tcp set_tcp_user_timeout error: Protocol not available (os error 92)
[2026-10-05--23-28-54 WARN hyper_util::client::legacy::connect::http] tcp set_tcp_user_timeout error: Protocol not available (os error 92)
[2026-10-05--23-28-54 WARN hyper_util::client::legacy::connect::http] tcp set_tcp_user_timeout error: Protocol not available (os error 92)
[2026-10-05--23-28-54 WARN hyper_util::client::legacy::connect::http] tcp set_tcp_user_timeout error: Protocol not available (os error 92)
[2026-10-05--23-28-54 WARN hyper_util::client::legacy::connect::http] tcp set_tcp_user_timeout error: Protocol not available (os error 92)
[2026-10-05--23-28-54 WARN hyper_util::client::legacy::connect::http] tcp set_tcp_user_timeout error: Protocol not available (os error 92)
[2026-10-05--23-28-54 WARN hyper_util::client::legacy::connect::http] tcp set_tcp_user_timeout error: Protocol not available (os error 92)
[2026-10-05--23-28-54 WARN hyper_util::client::legacy::connect::http] tcp set_tcp_user_timeout error: Protocol not available (os error 92)
[2026-10-05--23-28-54 WARN hyper_util::client::legacy::connect::http] tcp set_tcp_user_timeout error: Protocol not available (os error 92)
[2026-10-05--23-28-54 WARN hyper_util::client::legacy::connect::http] tcp set_tcp_user_timeout error: Protocol not available (os error 92)
[2026-10-05--23-28-54 WARN hyper_util::client::legacy::connect::http] tcp set_tcp_user_timeout error: Protocol not available (os error 92)
[2026-10-05--23-28-54 WARN hyper_util::client::legacy::connect::http] tcp set_tcp_user_timeout error: Protocol not available (os error 92)
[2026-10-05--23-28-54 WARN hyper_util::client::legacy::connect::http] tcp set_tcp_user_timeout error: Protocol not available (os error 92)
[2026-10-05--23-28-54 WARN hyper_util::client::legacy::connect::http] tcp set_tcp_user_timeout error: Protocol not available (os error 92)
[2026-10-05--23-28-54 WARN hyper_util::client::legacy::connect::http] tcp set_tcp_user_timeout error: Protocol not available (os error 92)
[2026-10-05--23-28-54 WARN hyper_util::client::legacy::connect::http] tcp set_tcp_user_timeout error: Protocol not available (os error 92)
[2026-10-05--23-28-54 WARN hyper_util::client::legacy::connect::http] tcp set_tcp_user_timeout error: Protocol not available (os error 92)
[2026-10-05--23-28-54 WARN hyper_util::client::legacy::connect::http] tcp set_tcp_user_timeout error: Protocol not available (os error 92)
[2026-10-05--23-28-54 WARN hyper_util::client::legacy::connect::http] tcp set_tcp_user_timeout error: Protocol not available (os error 92)
[2026-10-05--23-28-54 WARN hyper_util::client::legacy::connect::http] tcp set_tcp_user_timeout error: Protocol not available (os error 92)
[2026-10-05--23-28-54 WARN hyper_util::client::legacy::connect::http] tcp set_tcp_user_timeout error: Protocol not available (os error 92)
[2026-10-05--23-28-54 WARN hyper_util::client::legacy::connect::http] tcp set_tcp_user_timeout error: Protocol not available (os error 92)
[2026-10-05--23-28-54 WARN hyper_util::client::legacy::connect::http] tcp set_tcp_user_timeout error: Protocol not available (os error 92)
[2026-10-05--23-28-54 WARN hyper_util::client::legacy::connect::http] tcp set_tcp_user_timeout error: Protocol not available (os error 92)
[2026-10-05--23-28-54 WARN hyper_util::client::legacy::connect::http] tcp set_tcp_user_timeout error: Protocol not available (os error 92)
[2026-10-05--23-28-54 WARN hyper_util::client::legacy::connect::http] tcp set_tcp_user_timeout error: Protocol not available (os error 92)
[2026-10-05--23-28-54 WARN hyper_util::client::legacy::connect::http] tcp set_tcp_user_timeout error: Protocol not available (os error 92)
[2026-10-05--23-28-54 WARN hyper_util::client::legacy::connect::http] tcp set_tcp_user_timeout error: Protocol not available (os error 92)
[2026-10-05--23-28-54 WARN hyper_util::client::legacy::connect::http] tcp set_tcp_user_timeout error: Protocol not available (os error 92)
[2026-10-05--23-28-54 WARN hyper_util::client::legacy::connect::http] tcp set_tcp_user_timeout error: Protocol not available (os error 92)
[2026-10-05--23-28-54 WARN hyper_util::client::legacy::connect::http] tcp set_tcp_user_timeout error: Protocol not available (os error 92)
[2026-10-05--23-28-54 WARN hyper_util::client::legacy::connect::http] tcp set_tcp_user_timeout error: Protocol not available (os error 92)
[2026-10-05--23-28-54 WARN hyper_util::client::legacy::connect::http] tcp set_tcp_user_timeout error: Protocol not available (os error 92)
[2026-10-05--23-28-54 WARN hyper_util::client::legacy::connect::http] tcp set_tcp_user_timeout error: Protocol not available (os error 92)
[2026-10-05--23-28-54 WARN hyper_util::client::legacy::connect::http] tcp set_tcp_user_timeout error: Protocol not available (os error 92)
[2026-10-05--23-28-54 WARN hyper_util::client::legacy::connect::http] tcp set_tcp_user_timeout error: Protocol not available (os error 92)
[2026-10-05--23-28-54 WARN hyper_util::client::legacy::connect::http] tcp set_tcp_user_timeout error: Protocol not available (os error 92)
[2026-10-05--23-28-54 WARN hyper_util::client::legacy::connect::http] tcp set_tcp_user_timeout error: Protocol not available (os error 92)
[2026-10-05--23-28-54 WARN hyper_util::client::legacy::connect::http] tcp set_tcp_user_timeout error: Protocol not available (os error 92)
[2026-10-05--23-28-54 WARN hyper_util::client::legacy::connect::http] tcp set_tcp_user_timeout error: Protocol not available (os error 92)
[2026-10-05--23-28-54 WARN hyper_util::client::legacy::connect::http] tcp set_tcp_user_timeout error: Protocol not available (os error 92)
[2026-10-05--23-28-54 WARN hyper_util::client::legacy::connect::http] tcp set_tcp_user_timeout error: Protocol not available (os error 92)
[2026-10-05--23-28-54 WARN hyper_util::client::legacy::connect::http] tcp set_tcp_user_timeout error: Protocol not available (os error 92)
[2026-10-05--23-28-54 WARN hyper_util::client::legacy::connect::http] tcp set_tcp_user_timeout error: Protocol not available (os error 92)
[2026-10-05--23-28-54 WARN hyper_util::client::legacy::connect::http] tcp set_tcp_user_timeout error: Protocol not available (os error 92)
[2026-10-05--23-28-54 WARN hyper_util::client::legacy::connect::http] tcp set_tcp_user_timeout error: Protocol not available (os error 92)
[2026-10-05--23-28-54 WARN hyper_util::client::legacy::connect::http] tcp set_tcp_user_timeout error: Protocol not available (os error 92)
[2026-10-05--23-28-54 WARN hyper_util::client::legacy::connect::http] tcp set_tcp_user_timeout error: Protocol not available (os error 92)
[2026-10-05--23-28-55 WARN hyper_util::client::legacy::connect::http] tcp set_tcp_user_timeout error: Protocol not available (os error 92)
[2026-10-05--23-28-55 WARN hyper_util::client::legacy::connect::http] tcp set_tcp_user_timeout error: Protocol not available (os error 92)
[2026-10-05--23-28-55 WARN hyper_util::client::legacy::connect::http] tcp set_tcp_user_timeout error: Protocol not available (os error 92)
[2026-10-05--23-28-55 WARN hyper_util::client::legacy::connect::http] tcp set_tcp_user_timeout error: Protocol not available (os error 92)
[2026-10-05--23-28-55 WARN hyper_util::client::legacy::connect::http] tcp set_tcp_user_timeout error: Protocol not available (os error 92)
[2026-10-05--23-28-55 WARN hyper_util::client::legacy::connect::http] tcp set_tcp_user_timeout error: Protocol not available (os error 92)
[2026-10-05--23-28-55 WARN hyper_util::client::legacy::connect::http] tcp set_tcp_user_timeout error: Protocol not available (os error 92)
[2026-10-05--23-28-55 WARN hyper_util::client::legacy::connect::http] tcp set_tcp_user_timeout error: Protocol not available (os error 92)
[2026-10-05--23-28-55 WARN hyper_util::client::legacy::connect::http] tcp set_tcp_user_timeout error: Protocol not available (os error 92)
[2026-10-05--23-28-55 WARN hyper_util::client::legacy::connect::http] tcp set_tcp_user_timeout error: Protocol not available (os error 92)
[2026-10-05--23-28-55 WARN hyper_util::client::legacy::connect::http] tcp set_tcp_user_timeout error: Protocol not available (os error 92)
[2026-10-05--23-28-55 WARN hyper_util::client::legacy::connect::http] tcp set_tcp_user_timeout error: Protocol not available (os error 92)
[2026-10-05--23-28-55 WARN hyper_util::client::legacy::connect::http] tcp set_tcp_user_timeout error: Protocol not available (os error 92)
[2026-10-05--23-28-55 WARN hyper_util::client::legacy::connect::http] tcp set_tcp_user_timeout error: Protocol not available (os error 92)
[2026-10-05--23-28-55 WARN hyper_util::client::legacy::connect::http] tcp set_tcp_user_timeout error: Protocol not available (os error 92)
[2026-10-05--23-28-55 WARN hyper_util::client::legacy::connect::http] tcp set_tcp_user_timeout error: Protocol not available (os error 92)
[2026-10-05--23-28-55 WARN hyper_util::client::legacy::connect::http] tcp set_tcp_user_timeout error: Protocol not available (os error 92)
[2026-10-05--23-28-55 WARN hyper_util::client::legacy::connect::http] tcp set_tcp_user_timeout error: Protocol not available (os error 92)
[2026-10-05--23-28-55 WARN hyper_util::client::legacy::connect::http] tcp set_tcp_user_timeout error: Protocol not available (os error 92)
[2026-10-05--23-28-55 WARN hyper_util::client::legacy::connect::http] tcp set_tcp_user_timeout error: Protocol not available (os error 92)
[2026-10-05--23-28-55 WARN hyper_util::client::legacy::connect::http] tcp set_tcp_user_timeout error: Protocol not available (os error 92)
[2026-10-05--23-28-55 WARN hyper_util::client::legacy::connect::http] tcp set_tcp_user_timeout error: Protocol not available (os error 92)
[2026-10-05--23-28-55 WARN hyper_util::client::legacy::connect::http] tcp set_tcp_user_timeout error: Protocol not available (os error 92)
[2026-10-05--23-28-55 WARN hyper_util::client::legacy::connect::http] tcp set_tcp_user_timeout error: Protocol not available (os error 92)
[2026-10-05--23-28-55 WARN hyper_util::client::legacy::connect::http] tcp set_tcp_user_timeout error: Protocol not available (os error 92)
[2026-10-05--23-28-55 WARN hyper_util::client::legacy::connect::http] tcp set_tcp_user_timeout error: Protocol not available (os error 92)
[2026-10-05--23-28-55 WARN hyper_util::client::legacy::connect::http] tcp set_tcp_user_timeout error: Protocol not available (os error 92)
[2026-10-05--23-28-55 WARN hyper_util::client::legacy::connect::http] tcp set_tcp_user_timeout error: Protocol not available (os error 92)
[2026-10-05--23-28-55 WARN hyper_util::client::legacy::connect::http] tcp set_tcp_user_timeout error: Protocol not available (os error 92)
[2026-10-05--23-28-55 WARN hyper_util::client::legacy::connect::http] tcp set_tcp_user_timeout error: Protocol not available (os error 92)
[2026-10-05--23-28-55 WARN hyper_util::client::legacy::connect::http] tcp set_tcp_user_timeout error: Protocol not available (os error 92)
[2026-10-05--23-28-55 WARN hyper_util::client::legacy::connect::http] tcp set_tcp_user_timeout error: Protocol not available (os error 92)
[2026-10-05--23-28-55 WARN hyper_util::client::legacy::connect::http] tcp set_tcp_user_timeout error: Protocol not available (os error 92)
[2026-10-05--23-28-55 WARN hyper_util::client::legacy::connect::http] tcp set_tcp_user_timeout error: Protocol not available (os error 92)
[2026-10-05--23-28-55 WARN hyper_util::client::legacy::connect::http] tcp set_tcp_user_timeout error: Protocol not available (os error 92)
[2026-10-05--23-28-55 WARN hyper_util::client::legacy::connect::http] tcp set_tcp_user_timeout error: Protocol not available (os error 92)
[2026-10-05--23-28-55 WARN hyper_util::client::legacy::connect::http] tcp set_tcp_user_timeout error: Protocol not available (os error 92)
[2026-10-05--23-28-55 WARN hyper_util::client::legacy::connect::http] tcp set_tcp_user_timeout error: Protocol not available (os error 92)
[2026-10-05--23-28-55 WARN hyper_util::client::legacy::connect::http] tcp set_tcp_user_timeout error: Protocol not available (os error 92)
[2026-10-05--23-28-55 WARN hyper_util::client::legacy::connect::http] tcp set_tcp_user_timeout error: Protocol not available (os error 92)
[2026-10-05--23-28-55 WARN hyper_util::client::legacy::connect::http] tcp set_tcp_user_timeout error: Protocol not available (os error 92)
[2026-10-05--23-28-55 WARN hyper_util::client::legacy::connect::http] tcp set_tcp_user_timeout error: Protocol not available (os error 92)
[2026-10-05--23-28-55 WARN hyper_util::client::legacy::connect::http] tcp set_tcp_user_timeout error: Protocol not available (os error 92)
[2026-10-05--23-28-55 WARN hyper_util::client::legacy::connect::http] tcp set_tcp_user_timeout error: Protocol not available (os error 92)
[2026-10-05--23-28-55 WARN hyper_util::client::legacy::connect::http] tcp set_tcp_user_timeout error: Protocol not available (os error 92)
[2026-10-05--23-28-55 WARN hyper_util::client::legacy::connect::http] tcp set_tcp_user_timeout error: Protocol not available (os error 92)
[2026-10-05--23-28-55 WARN hyper_util::client::legacy::connect::http] tcp set_tcp_user_timeout error: Protocol not available (os error 92)
[2026-10-05--23-28-55 WARN hyper_util::client::legacy::connect::http] tcp set_tcp_user_timeout error: Protocol not available (os error 92)
[2026-10-05--23-28-55 WARN hyper_util::client::legacy::connect::http] tcp set_tcp_user_timeout error: Protocol not available (os error 92)
[2026-10-05--23-28-55 WARN hyper_util::client::legacy::connect::http] tcp set_tcp_user_timeout error: Protocol not available (os error 92)
[2026-10-05--23-28-55 WARN hyper_util::client::legacy::connect::http] tcp set_tcp_user_timeout error: Protocol not available (os error 92)
[2026-10-05--23-28-55 WARN hyper_util::client::legacy::connect::http] tcp set_tcp_user_timeout error: Protocol not available (os error 92)
[2026-10-05--23-28-55 WARN hyper_util::client::legacy::connect::http] tcp set_tcp_user_timeout error: Protocol not available (os error 92)
[2026-10-05--23-28-55 WARN hyper_util::client::legacy::connect::http] tcp set_tcp_user_timeout error: Protocol not available (os error 92)
[2026-10-05--23-28-55 WARN hyper_util::client::legacy::connect::http] tcp set_tcp_user_timeout error: Protocol not available (os error 92)
[2026-10-05--23-28-55 WARN hyper_util::client::legacy::connect::http] tcp set_tcp_user_timeout error: Protocol not available (os error 92)
[2026-10-05--23-28-55 WARN hyper_util::client::legacy::connect::http] tcp set_tcp_user_timeout error: Protocol not available (os error 92)
[2026-10-05--23-28-55 WARN hyper_util::client::legacy::connect::http] tcp set_tcp_user_timeout error: Protocol not available (os error 92)
[2026-10-05--23-28-55 WARN hyper_util::client::legacy::connect::http] tcp set_tcp_user_timeout error: Protocol not available (os error 92)
[2026-10-05--23-28-55 WARN hyper_util::client::legacy::connect::http] tcp set_tcp_user_timeout error: Protocol not available (os error 92)
[2026-10-05--23-28-55 WARN hyper_util::client::legacy::connect::http] tcp set_tcp_user_timeout error: Protocol not available (os error 92)
[2026-10-05--23-28-55 WARN hyper_util::client::legacy::connect::http] tcp set_tcp_user_timeout error: Protocol not available (os error 92)
[2026-10-05--23-28-55 WARN hyper_util::client::legacy::connect::http] tcp set_tcp_user_timeout error: Protocol not available (os error 92)
[2026-10-05--23-28-55 WARN hyper_util::client::legacy::connect::http] tcp set_tcp_user_timeout error: Protocol not available (os error 92)
[2026-10-05--23-28-55 WARN hyper_util::client::legacy::connect::http] tcp set_tcp_user_timeout error: Protocol not available (os error 92)
[2026-10-05--23-28-55 WARN hyper_util::client::legacy::connect::http] tcp set_tcp_user_timeout error: Protocol not available (os error 92)
[2026-10-05--23-28-55 WARN hyper_util::client::legacy::connect::http] tcp set_tcp_user_timeout error: Protocol not available (os error 92)
[2026-10-05--23-28-55 WARN hyper_util::client::legacy::connect::http] tcp set_tcp_user_timeout error: Protocol not available (os error 92)
[2026-10-05--23-28-55 WARN hyper_util::client::legacy::connect::http] tcp set_tcp_user_timeout error: Protocol not available (os error 92)
[2026-10-05--23-28-55 WARN hyper_util::client::legacy::connect::http] tcp set_tcp_user_timeout error: Protocol not available (os error 92)
[2026-10-05--23-28-55 WARN hyper_util::client::legacy::connect::http] tcp set_tcp_user_timeout error: Protocol not available (os error 92)
[2026-10-05--23-28-55 WARN hyper_util::client::legacy::connect::http] tcp set_tcp_user_timeout error: Protocol not available (os error 92)
[2026-10-05--23-28-55 WARN hyper_util::client::legacy::connect::http] tcp set_tcp_user_timeout error: Protocol not available (os error 92)
[2026-10-05--23-28-55 WARN hyper_util::client::legacy::connect::http] tcp set_tcp_user_timeout error: Protocol not available (os error 92)
[2026-10-05--23-28-55 WARN hyper_util::client::legacy::connect::http] tcp set_tcp_user_timeout error: Protocol not available (os error 92)
[2026-10-05--23-28-56 WARN hyper_util::client::legacy::connect::http] tcp set_tcp_user_timeout error: Protocol not available (os error 92)
[2026-10-05--23-28-56 WARN hyper_util::client::legacy::connect::http] tcp set_tcp_user_timeout error: Protocol not available (os error 92)
[2026-10-05--23-28-56 WARN hyper_util::client::legacy::connect::http] tcp set_tcp_user_timeout error: Protocol not available (os error 92)
[2026-10-05--23-28-56 WARN hyper_util::client::legacy::connect::http] tcp set_tcp_user_timeout error: Protocol not available (os error 92)
[2026-10-05--23-28-56 WARN hyper_util::client::legacy::connect::http] tcp set_tcp_user_timeout error: Protocol not available (os error 92)
[2026-10-05--23-28-56 WARN hyper_util::client::legacy::connect::http] tcp set_tcp_user_timeout error: Protocol not available (os error 92)
[2026-10-05--23-28-56 WARN hyper_util::client::legacy::connect::http] tcp set_tcp_user_timeout error: Protocol not available (os error 92)
[2026-10-05--23-28-56 WARN hyper_util::client::legacy::connect::http] tcp set_tcp_user_timeout error: Protocol not available (os error 92)
[2026-10-05--23-28-56 WARN hyper_util::client::legacy::connect::http] tcp set_tcp_user_timeout error: Protocol not available (os error 92)
[2026-10-05--23-28-56 WARN hyper_util::client::legacy::connect::http] tcp set_tcp_user_timeout error: Protocol not available (os error 92)
[2026-10-05--23-28-56 WARN hyper_util::client::legacy::connect::http] tcp set_tcp_user_timeout error: Protocol not available (os error 92)
[2026-10-05--23-28-56 WARN hyper_util::client::legacy::connect::http] tcp set_tcp_user_timeout error: Protocol not available (os error 92)
[2026-10-05--23-28-56 WARN hyper_util::client::legacy::connect::http] tcp set_tcp_user_timeout error: Protocol not available (os error 92)
[2026-10-05--23-28-56 WARN hyper_util::client::legacy::connect::http] tcp set_tcp_user_timeout error: Protocol not available (os error 92)
[2026-10-05--23-28-56 WARN hyper_util::client::legacy::connect::http] tcp set_tcp_user_timeout error: Protocol not available (os error 92)
[2026-10-05--23-28-56 WARN hyper_util::client::legacy::connect::http] tcp set_tcp_user_timeout error: Protocol not available (os error 92)
[2026-10-05--23-28-56 WARN hyper_util::client::legacy::connect::http] tcp set_tcp_user_timeout error: Protocol not available (os error 92)
[2026-10-05--23-28-56 WARN hyper_util::client::legacy::connect::http] tcp set_tcp_user_timeout error: Protocol not available (os error 92)
[2026-10-05--23-28-56 WARN hyper_util::client::legacy::connect::http] tcp set_tcp_user_timeout error: Protocol not available (os error 92)
[2026-10-05--23-28-56 WARN hyper_util::client::legacy::connect::http] tcp set_tcp_user_timeout error: Protocol not available (os error 92)
[2026-10-05--23-28-56 WARN hyper_util::client::legacy::connect::http] tcp set_tcp_user_timeout error: Protocol not available (os error 92)
[2026-10-05--23-28-56 WARN hyper_util::client::legacy::connect::http] tcp set_tcp_user_timeout error: Protocol not available (os error 92)
[2026-10-05--23-28-56 WARN hyper_util::client::legacy::connect::http] tcp set_tcp_user_timeout error: Protocol not available (os error 92)
[2026-10-05--23-28-56 WARN hyper_util::client::legacy::connect::http] tcp set_tcp_user_timeout error: Protocol not available (os error 92)
[2026-10-05--23-28-56 WARN hyper_util::client::legacy::connect::http] tcp set_tcp_user_timeout error: Protocol not available (os error 92)
[2026-10-05--23-28-56 WARN hyper_util::client::legacy::connect::http] tcp set_tcp_user_timeout error: Protocol not available (os error 92)
[2026-10-05--23-28-56 WARN hyper_util::client::legacy::connect::http] tcp set_tcp_user_timeout error: Protocol not available (os error 92)
[2026-10-05--23-28-56 WARN hyper_util::client::legacy::connect::http] tcp set_tcp_user_timeout error: Protocol not available (os error 92)
[2026-10-05--23-28-56 WARN hyper_util::client::legacy::connect::http] tcp set_tcp_user_timeout error: Protocol not available (os error 92)
[2026-10-05--23-28-56 WARN hyper_util::client::legacy::connect::http] tcp set_tcp_user_timeout error: Protocol not available (os error 92)
[2026-10-05--23-28-56 WARN hyper_util::client::legacy::connect::http] tcp set_tcp_user_timeout error: Protocol not available (os error 92)
[2026-10-05--23-28-56 WARN hyper_util::client::legacy::connect::http] tcp set_tcp_user_timeout error: Protocol not available (os error 92)
[2026-10-05--23-28-56 WARN hyper_util::client::legacy::connect::http] tcp set_tcp_user_timeout error: Protocol not available (os error 92)
[2026-10-05--23-28-56 WARN hyper_util::client::legacy::connect::http] tcp set_tcp_user_timeout error: Protocol not available (os error 92)
[2026-10-05--23-28-56 WARN hyper_util::client::legacy::connect::http] tcp set_tcp_user_timeout error: Protocol not available (os error 92)
[2026-10-05--23-28-56 WARN hyper_util::client::legacy::connect::http] tcp set_tcp_user_timeout error: Protocol not available (os error 92)
[2026-10-05--23-28-56 WARN hyper_util::client::legacy::connect::http] tcp set_tcp_user_timeout error: Protocol not available (os error 92)
[2026-10-05--23-28-56 WARN hyper_util::client::legacy::connect::http] tcp set_tcp_user_timeout error: Protocol not available (os error 92)
[2026-10-05--23-28-56 WARN hyper_util::client::legacy::connect::http] tcp set_tcp_user_timeout error: Protocol not available (os error 92)
[2026-10-05--23-28-56 WARN hyper_util::client::legacy::connect::http] tcp set_tcp_user_timeout error: Protocol not available (os error 92)
[2026-10-05--23-28-56 WARN hyper_util::client::legacy::connect::http] tcp set_tcp_user_timeout error: Protocol not available (os error 92)
[2026-10-05--23-28-56 WARN hyper_util::client::legacy::connect::http] tcp set_tcp_user_timeout error: Protocol not available (os error 92)
[2026-10-05--23-28-56 WARN hyper_util::client::legacy::connect::http] tcp set_tcp_user_timeout error: Protocol not available (os error 92)
[2026-10-05--23-28-56 WARN hyper_util::client::legacy::connect::http] tcp set_tcp_user_timeout error: Protocol not available (os error 92)
[2026-10-05--23-28-56 WARN hyper_util::client::legacy::connect::http] tcp set_tcp_user_timeout error: Protocol not available (os error 92)
[2026-10-05--23-28-56 WARN hyper_util::client::legacy::connect::http] tcp set_tcp_user_timeout error: Protocol not available (os error 92)
[2026-10-05--23-28-56 WARN hyper_util::client::legacy::connect::http] tcp set_tcp_user_timeout error: Protocol not available (os error 92)
[2026-10-05--23-28-56 WARN hyper_util::client::legacy::connect::http] tcp set_tcp_user_timeout error: Protocol not available (os error 92)
[2026-10-05--23-28-56 WARN hyper_util::client::legacy::connect::http] tcp set_tcp_user_timeout error: Protocol not available (os error 92)
[2026-10-05--23-28-56 WARN hyper_util::client::legacy::connect::http] tcp set_tcp_user_timeout error: Protocol not available (os error 92)
[2026-10-05--23-28-56 WARN hyper_util::client::legacy::connect::http] tcp set_tcp_user_timeout error: Protocol not available (os error 92)
[2026-10-05--23-28-56 WARN hyper_util::client::legacy::connect::http] tcp set_tcp_user_timeout error: Protocol not available (os error 92)
[2026-10-05--23-28-56 WARN hyper_util::client::legacy::connect::http] tcp set_tcp_user_timeout error: Protocol not available (os error 92)
[2026-10-05--23-28-56 WARN hyper_util::client::legacy::connect::http] tcp set_tcp_user_timeout error: Protocol not available (os error 92)
[2026-10-05--23-28-56 WARN hyper_util::client::legacy::connect::http] tcp set_tcp_user_timeout error: Protocol not available (os error 92)
[2026-10-05--23-28-56 WARN hyper_util::client::legacy::connect::http] tcp set_tcp_user_timeout error: Protocol not available (os error 92)
[2026-10-05--23-28-56 WARN hyper_util::client::legacy::connect::http] tcp set_tcp_user_timeout error: Protocol not available (os error 92)
[2026-10-05--23-28-56 WARN hyper_util::client::legacy::connect::http] tcp set_tcp_user_timeout error: Protocol not available (os error 92)
[2026-10-05--23-28-56 WARN hyper_util::client::legacy::connect::http] tcp set_tcp_user_timeout error: Protocol not available (os error 92)
[2026-10-05--23-28-56 WARN hyper_util::client::legacy::connect::http] tcp set_tcp_user_timeout error: Protocol not available (os error 92)
[2026-10-05--23-28-56 WARN hyper_util::client::legacy::connect::http] tcp set_tcp_user_timeout error: Protocol not available (os error 92)
[2026-10-05--23-28-56 WARN hyper_util::client::legacy::connect::http] tcp set_tcp_user_timeout error: Protocol not available (os error 92)
[2026-10-05--23-28-56 WARN hyper_util::client::legacy::connect::http] tcp set_tcp_user_timeout error: Protocol not available (os error 92)
[2026-10-05--23-28-56 WARN hyper_util::client::legacy::connect::http] tcp set_tcp_user_timeout error: Protocol not available (os error 92)
[2026-10-05--23-28-56 WARN hyper_util::client::legacy::connect::http] tcp set_tcp_user_timeout error: Protocol not available (os error 92)
[2026-10-05--23-28-56 WARN hyper_util::client::legacy::connect::http] tcp set_tcp_user_timeout error: Protocol not available (os error 92)
[2026-10-05--23-28-56 WARN hyper_util::client::legacy::connect::http] tcp set_tcp_user_timeout error: Protocol not available (os error 92)
[2026-10-05--23-28-56 WARN hyper_util::client::legacy::connect::http] tcp set_tcp_user_timeout error: Protocol not available (os error 92)
[2026-10-05--23-28-56 WARN hyper_util::client::legacy::connect::http] tcp set_tcp_user_timeout error: Protocol not available (os error 92)
[2026-10-05--23-28-56 WARN hyper_util::client::legacy::connect::http] tcp set_tcp_user_timeout error: Protocol not available (os error 92)
[2026-10-05--23-28-56 WARN hyper_util::client::legacy::connect::http] tcp set_tcp_user_timeout error: Protocol not available (os error 92)
[2026-10-05--23-28-56 WARN hyper_util::client::legacy::connect::http] tcp set_tcp_user_timeout error: Protocol not available (os error 92)
[2026-10-05--23-28-56 WARN hyper_util::client::legacy::connect::http] tcp set_tcp_user_timeout error: Protocol not available (os error 92)
[2026-10-05--23-28-56 WARN hyper_util::client::legacy::connect::http] tcp set_tcp_user_timeout error: Protocol not available (os error 92)
[2026-10-05--23-28-56 WARN hyper_util::client::legacy::connect::http] tcp set_tcp_user_timeout error: Protocol not available (os error 92)
[2026-10-05--23-28-56 WARN hyper_util::client::legacy::connect::http] tcp set_tcp_user_timeout error: Protocol not available (os error 92)
[2026-10-05--23-28-56 WARN hyper_util::client::legacy::connect::http] tcp set_tcp_user_timeout error: Protocol not available (os error 92)
[2026-10-05--23-28-56 WARN hyper_util::client::legacy::connect::http] tcp set_tcp_user_timeout error: Protocol not available (os error 92)
[2026-10-05--23-28-57 WARN hyper_util::client::legacy::connect::http] tcp set_tcp_user_timeout error: Protocol not available (os error 92)
[2026-10-05--23-28-57 WARN hyper_util::client::legacy::connect::http] tcp set_tcp_user_timeout error: Protocol not available (os error 92)
[2026-10-05--23-28-57 WARN hyper_util::client::legacy::connect::http] tcp set_tcp_user_timeout error: Protocol not available (os error 92)
[2026-10-05--23-28-57 WARN hyper_util::client::legacy::connect::http] tcp set_tcp_user_timeout error: Protocol not available (os error 92)
[2026-10-05--23-28-57 WARN hyper_util::client::legacy::connect::http] tcp set_tcp_user_timeout error: Protocol not available (os error 92)
[2026-10-05--23-28-57 WARN hyper_util::client::legacy::connect::http] tcp set_tcp_user_timeout error: Protocol not available (os error 92)
[2026-10-05--23-28-57 WARN hyper_util::client::legacy::connect::http] tcp set_tcp_user_timeout error: Protocol not available (os error 92)
[2026-10-05--23-28-57 WARN hyper_util::client::legacy::connect::http] tcp set_tcp_user_timeout error: Protocol not available (os error 92)
[2026-10-05--23-28-57 WARN hyper_util::client::legacy::connect::http] tcp set_tcp_user_timeout error: Protocol not available (os error 92)
[2026-10-05--23-28-57 WARN hyper_util::client::legacy::connect::http] tcp set_tcp_user_timeout error: Protocol not available (os error 92)
[2026-10-05--23-28-57 WARN hyper_util::client::legacy::connect::http] tcp set_tcp_user_timeout error: Protocol not available (os error 92)
[2026-10-05--23-28-57 WARN hyper_util::client::legacy::connect::http] tcp set_tcp_user_timeout error: Protocol not available (os error 92)
[2026-10-05--23-28-57 WARN hyper_util::client::legacy::connect::http] tcp set_tcp_user_timeout error: Protocol not available (os error 92)
[2026-10-05--23-28-57 WARN hyper_util::client::legacy::connect::http] tcp set_tcp_user_timeout error: Protocol not available (os error 92)
[2026-10-05--23-28-57 WARN hyper_util::client::legacy::connect::http] tcp set_tcp_user_timeout error: Protocol not available (os error 92)
[2026-10-05--23-28-57 WARN hyper_util::client::legacy::connect::http] tcp set_tcp_user_timeout error: Protocol not available (os error 92)
[2026-10-05--23-28-57 WARN hyper_util::client::legacy::connect::http] tcp set_tcp_user_timeout error: Protocol not available (os error 92)
[2026-10-05--23-28-57 WARN hyper_util::client::legacy::connect::http] tcp set_tcp_user_timeout error: Protocol not available (os error 92)
[2026-10-05--23-28-57 WARN hyper_util::client::legacy::connect::http] tcp set_tcp_user_timeout error: Protocol not available (os error 92)
[2026-10-05--23-28-57 WARN hyper_util::client::legacy::connect::http] tcp set_tcp_user_timeout error: Protocol not available (os error 92)
[2026-10-05--23-28-57 WARN hyper_util::client::legacy::connect::http] tcp set_tcp_user_timeout error: Protocol not available (os error 92)
[2026-10-05--23-28-57 WARN hyper_util::client::legacy::connect::http] tcp set_tcp_user_timeout error: Protocol not available (os error 92)
[2026-10-05--23-28-57 WARN hyper_util::client::legacy::connect::http] tcp set_tcp_user_timeout error: Protocol not available (os error 92)
[2026-10-05--23-28-57 WARN hyper_util::client::legacy::connect::http] tcp set_tcp_user_timeout error: Protocol not available (os error 92)
[2026-10-05--23-28-57 WARN hyper_util::client::legacy::connect::http] tcp set_tcp_user_timeout error: Protocol not available (os error 92)
[2026-10-05--23-28-57 WARN hyper_util::client::legacy::connect::http] tcp set_tcp_user_timeout error: Protocol not available (os error 92)
[2026-10-05--23-28-57 WARN hyper_util::client::legacy::connect::http] tcp set_tcp_user_timeout error: Protocol not available (os error 92)
[2026-10-05--23-28-57 WARN hyper_util::client::legacy::connect::http] tcp set_tcp_user_timeout error: Protocol not available (os error 92)
[2026-10-05--23-28-57 WARN hyper_util::client::legacy::connect::http] tcp set_tcp_user_timeout error: Protocol not available (os error 92)
[2026-10-05--23-28-57 WARN hyper_util::client::legacy::connect::http] tcp set_tcp_user_timeout error: Protocol not available (os error 92)
[2026-10-05--23-28-57 WARN hyper_util::client::legacy::connect::http] tcp set_tcp_user_timeout error: Protocol not available (os error 92)
[2026-10-05--23-28-57 WARN hyper_util::client::legacy::connect::http] tcp set_tcp_user_timeout error: Protocol not available (os error 92)
[2026-10-05--23-28-57 WARN hyper_util::client::legacy::connect::http] tcp set_tcp_user_timeout error: Protocol not available (os error 92)
[2026-10-05--23-28-57 WARN hyper_util::client::legacy::connect::http] tcp set_tcp_user_timeout error: Protocol not available (os error 92)
[2026-10-05--23-28-57 WARN hyper_util::client::legacy::connect::http] tcp set_tcp_user_timeout error: Protocol not available (os error 92)
[2026-10-05--23-28-57 WARN hyper_util::client::legacy::connect::http] tcp set_tcp_user_timeout error: Protocol not available (os error 92)
[2026-10-05--23-28-57 WARN hyper_util::client::legacy::connect::http] tcp set_tcp_user_timeout error: Protocol not available (os error 92)
[2026-10-05--23-28-57 WARN hyper_util::client::legacy::connect::http] tcp set_tcp_user_timeout error: Protocol not available (os error 92)
[2026-10-05--23-28-57 WARN hyper_util::client::legacy::connect::http] tcp set_tcp_user_timeout error: Protocol not available (os error 92)
[2026-10-05--23-28-57 WARN hyper_util::client::legacy::connect::http] tcp set_tcp_user_timeout error: Protocol not available (os error 92)
[2026-10-05--23-28-57 WARN hyper_util::client::legacy::connect::http] tcp set_tcp_user_timeout error: Protocol not available (os error 92)
[2026-10-05--23-28-57 WARN hyper_util::client::legacy::connect::http] tcp set_tcp_user_timeout error: Protocol not available (os error 92)
[2026-10-05--23-28-57 WARN hyper_util::client::legacy::connect::http] tcp set_tcp_user_timeout error: Protocol not available (os error 92)
[2026-10-05--23-28-57 WARN hyper_util::client::legacy::connect::http] tcp set_tcp_user_timeout error: Protocol not available (os error 92)
[2026-10-05--23-28-57 WARN hyper_util::client::legacy::connect::http] tcp set_tcp_user_timeout error: Protocol not available (os error 92)
[2026-10-05--23-28-57 WARN hyper_util::client::legacy::connect::http] tcp set_tcp_user_timeout error: Protocol not available (os error 92)
[2026-10-05--23-28-57 WARN hyper_util::client::legacy::connect::http] tcp set_tcp_user_timeout error: Protocol not available (os error 92)
[2026-10-05--23-28-57 WARN hyper_util::client::legacy::connect::http] tcp set_tcp_user_timeout error: Protocol not available (os error 92)
[2026-10-05--23-28-57 WARN hyper_util::client::legacy::connect::http] tcp set_tcp_user_timeout error: Protocol not available (os error 92)
[2026-10-05--23-28-57 WARN hyper_util::client::legacy::connect::http] tcp set_tcp_user_timeout error: Protocol not available (os error 92)
[2026-10-05--23-28-57 WARN hyper_util::client::legacy::connect::http] tcp set_tcp_user_timeout error: Protocol not available (os error 92)
[2026-10-05--23-28-57 WARN hyper_util::client::legacy::connect::http] tcp set_tcp_user_timeout error: Protocol not available (os error 92)
[2026-10-05--23-28-57 WARN hyper_util::client::legacy::connect::http] tcp set_tcp_user_timeout error: Protocol not available (os error 92)
[2026-10-05--23-28-57 WARN hyper_util::client::legacy::connect::http] tcp set_tcp_user_timeout error: Protocol not available (os error 92)
[2026-10-05--23-28-57 WARN hyper_util::client::legacy::connect::http] tcp set_tcp_user_timeout error: Protocol not available (os error 92)
[2026-10-05--23-28-57 WARN hyper_util::client::legacy::connect::http] tcp set_tcp_user_timeout error: Protocol not available (os error 92)
[2026-10-05--23-28-57 WARN hyper_util::client::legacy::connect::http] tcp set_tcp_user_timeout error: Protocol not available (os error 92)
[2026-10-05--23-28-57 WARN hyper_util::client::legacy::connect::http] tcp set_tcp_user_timeout error: Protocol not available (os error 92)
[2026-10-05--23-28-57 WARN hyper_util::client::legacy::connect::http] tcp set_tcp_user_timeout error: Protocol not available (os error 92)
[2026-10-05--23-28-57 WARN hyper_util::client::legacy::connect::http] tcp set_tcp_user_timeout error: Protocol not available (os error 92)
[2026-10-05--23-28-57 WARN hyper_util::client::legacy::connect::http] tcp set_tcp_user_timeout error: Protocol not available (os error 92)
[2026-10-05--23-28-57 WARN hyper_util::client::legacy::connect::http] tcp set_tcp_user_timeout error: Protocol not available (os error 92)
[2026-10-05--23-28-57 WARN hyper_util::client::legacy::connect::http] tcp set_tcp_user_timeout error: Protocol not available (os error 92)
[2026-10-05--23-28-57 WARN hyper_util::client::legacy::connect::http] tcp set_tcp_user_timeout error: Protocol not available (os error 92)
[2026-10-05--23-28-57 WARN hyper_util::client::legacy::connect::http] tcp set_tcp_user_timeout error: Protocol not available (os error 92)
[2026-10-05--23-28-57 WARN hyper_util::client::legacy::connect::http] tcp set_tcp_user_timeout error: Protocol not available (os error 92)
[2026-10-05--23-28-57 WARN hyper_util::client::legacy::connect::http] tcp set_tcp_user_timeout error: Protocol not available (os error 92)
[2026-10-05--23-28-57 WARN hyper_util::client::legacy::connect::http] tcp set_tcp_user_timeout error: Protocol not available (os error 92)
[2026-10-05--23-28-57 WARN hyper_util::client::legacy::connect::http] tcp set_tcp_user_timeout error: Protocol not available (os error 92)
[2026-10-05--23-28-57 WARN hyper_util::client::legacy::connect::http] tcp set_tcp_user_timeout error: Protocol not available (os error 92)
[2026-10-05--23-28-57 WARN hyper_util::client::legacy::connect::http] tcp set_tcp_user_timeout error: Protocol not available (os error 92)
[2026-10-05--23-28-57 WARN hyper_util::client::legacy::connect::http] tcp set_tcp_user_timeout error: Protocol not available (os error 92)
[2026-10-05--23-28-57 WARN hyper_util::client::legacy::connect::http] tcp set_tcp_user_timeout error: Protocol not available (os error 92)
[2026-10-05--23-28-57 WARN hyper_util::client::legacy::connect::http] tcp set_tcp_user_timeout error: Protocol not available (os error 92)
[2026-10-05--23-28-57 WARN hyper_util::client::legacy::connect::http] tcp set_tcp_user_timeout error: Protocol not available (os error 92)
[2026-10-05--23-28-57 WARN hyper_util::client::legacy::connect::http] tcp set_tcp_user_timeout error: Protocol not available (os error 92)
[2026-10-05--23-28-57 WARN hyper_util::client::legacy::connect::http] tcp set_tcp_user_timeout error: Protocol not available (os error 92)
[2026-10-05--23-28-57 WARN hyper_util::client::legacy::connect::http] tcp set_tcp_user_timeout error: Protocol not available (os error 92)
[2026-10-05--23-28-57 WARN hyper_util::client::legacy::connect::http] tcp set_tcp_user_timeout error: Protocol not available (os error 92)
[2026-10-05--23-28-57 WARN hyper_util::client::legacy::connect::http] tcp set_tcp_user_timeout error: Protocol not available (os error 92)
[2026-10-05--23-28-57 WARN hyper_util::client::legacy::connect::http] tcp set_tcp_user_timeout error: Protocol not available (os error 92)
[2026-10-05--23-28-58 WARN hyper_util::client::legacy::connect::http] tcp set_tcp_user_timeout error: Protocol not available (os error 92)
[2026-10-05--23-28-58 WARN hyper_util::client::legacy::connect::http] tcp set_tcp_user_timeout error: Protocol not available (os error 92)
[2026-10-05--23-28-58 WARN hyper_util::client::legacy::connect::http] tcp set_tcp_user_timeout error: Protocol not available (os error 92)
[2026-10-05--23-28-58 WARN hyper_util::client::legacy::connect::http] tcp set_tcp_user_timeout error: Protocol not available (os error 92)
[2026-10-05--23-28-58 WARN hyper_util::client::legacy::connect::http] tcp set_tcp_user_timeout error: Protocol not available (os error 92)
[2026-10-05--23-28-58 WARN hyper_util::client::legacy::connect::http] tcp set_tcp_user_timeout error: Protocol not available (os error 92)
[2026-10-05--23-28-58 WARN hyper_util::client::legacy::connect::http] tcp set_tcp_user_timeout error: Protocol not available (os error 92)
[2026-10-05--23-28-58 WARN hyper_util::client::legacy::connect::http] tcp set_tcp_user_timeout error: Protocol not available (os error 92)
[2026-10-05--23-28-58 WARN hyper_util::client::legacy::connect::http] tcp set_tcp_user_timeout error: Protocol not available (os error 92)
[2026-10-05--23-28-58 WARN hyper_util::client::legacy::connect::http] tcp set_tcp_user_timeout error: Protocol not available (os error 92)
[2026-10-05--23-28-58 WARN hyper_util::client::legacy::connect::http] tcp set_tcp_user_timeout error: Protocol not available (os error 92)
[2026-10-05--23-28-58 WARN hyper_util::client::legacy::connect::http] tcp set_tcp_user_timeout error: Protocol not available (os error 92)
[2026-10-05--23-28-58 WARN hyper_util::client::legacy::connect::http] tcp set_tcp_user_timeout error: Protocol not available (os error 92)
[2026-10-05--23-28-58 WARN hyper_util::client::legacy::connect::http] tcp set_tcp_user_timeout error: Protocol not available (os error 92)
[2026-10-05--23-28-58 WARN hyper_util::client::legacy::connect::http] tcp set_tcp_user_timeout error: Protocol not available (os error 92)
[2026-10-05--23-28-58 WARN hyper_util::client::legacy::connect::http] tcp set_tcp_user_timeout error: Protocol not available (os error 92)
[2026-10-05--23-28-58 WARN hyper_util::client::legacy::connect::http] tcp set_tcp_user_timeout error: Protocol not available (os error 92)
[2026-10-05--23-28-58 WARN hyper_util::client::legacy::connect::http] tcp set_tcp_user_timeout error: Protocol not available (os error 92)
[2026-10-05--23-28-58 WARN hyper_util::client::legacy::connect::http] tcp set_tcp_user_timeout error: Protocol not available (os error 92)
[2026-10-05--23-28-58 WARN hyper_util::client::legacy::connect::http] tcp set_tcp_user_timeout error: Protocol not available (os error 92)
[2026-10-05--23-28-58 WARN hyper_util::client::legacy::connect::http] tcp set_tcp_user_timeout error: Protocol not available (os error 92)
[2026-10-05--23-28-58 WARN hyper_util::client::legacy::connect::http] tcp set_tcp_user_timeout error: Protocol not available (os error 92)
[2026-10-05--23-28-58 WARN hyper_util::client::legacy::connect::http] tcp set_tcp_user_timeout error: Protocol not available (os error 92)
[2026-10-05--23-28-58 WARN hyper_util::client::legacy::connect::http] tcp set_tcp_user_timeout error: Protocol not available (os error 92)
[2026-10-05--23-28-58 WARN hyper_util::client::legacy::connect::http] tcp set_tcp_user_timeout error: Protocol not available (os error 92)
[2026-10-05--23-28-58 WARN hyper_util::client::legacy::connect::http] tcp set_tcp_user_timeout error: Protocol not available (os error 92)
[2026-10-05--23-28-58 WARN hyper_util::client::legacy::connect::http] tcp set_tcp_user_timeout error: Protocol not available (os error 92)
[2026-10-05--23-28-58 WARN hyper_util::client::legacy::connect::http] tcp set_tcp_user_timeout error: Protocol not available (os error 92)
[2026-10-05--23-28-58 WARN hyper_util::client::legacy::connect::http] tcp set_tcp_user_timeout error: Protocol not available (os error 92)
[2026-10-05--23-28-58 WARN hyper_util::client::legacy::connect::http] tcp set_tcp_user_timeout error: Protocol not available (os error 92)
[2026-10-05--23-28-58 WARN hyper_util::client::legacy::connect::http] tcp set_tcp_user_timeout error: Protocol not available (os error 92)
[2026-10-05--23-28-58 WARN hyper_util::client::legacy::connect::http] tcp set_tcp_user_timeout error: Protocol not available (os error 92)
[2026-10-05--23-28-58 WARN hyper_util::client::legacy::connect::http] tcp set_tcp_user_timeout error: Protocol not available (os error 92)
[2026-10-05--23-28-58 WARN hyper_util::client::legacy::connect::http] tcp set_tcp_user_timeout error: Protocol not available (os error 92)
[2026-10-05--23-28-58 WARN hyper_util::client::legacy::connect::http] tcp set_tcp_user_timeout error: Protocol not available (os error 92)
[2026-10-05--23-28-58 WARN hyper_util::client::legacy::connect::http] tcp set_tcp_user_timeout error: Protocol not available (os error 92)
[2026-10-05--23-28-58 WARN hyper_util::client::legacy::connect::http] tcp set_tcp_user_timeout error: Protocol not available (os error 92)
[2026-10-05--23-28-58 WARN hyper_util::client::legacy::connect::http] tcp set_tcp_user_timeout error: Protocol not available (os error 92)
[2026-10-05--23-28-58 WARN hyper_util::client::legacy::connect::http] tcp set_tcp_user_timeout error: Protocol not available (os error 92)
[2026-10-05--23-28-58 WARN hyper_util::client::legacy::connect::http] tcp set_tcp_user_timeout error: Protocol not available (os error 92)
[2026-10-05--23-28-58 WARN hyper_util::client::legacy::connect::http] tcp set_tcp_user_timeout error: Protocol not available (os error 92)
[2026-10-05--23-28-58 WARN hyper_util::client::legacy::connect::http] tcp set_tcp_user_timeout error: Protocol not available (os error 92)
[2026-10-05--23-28-58 WARN hyper_util::client::legacy::connect::http] tcp set_tcp_user_timeout error: Protocol not available (os error 92)
[2026-10-05--23-28-58 WARN hyper_util::client::legacy::connect::http] tcp set_tcp_user_timeout error: Protocol not available (os error 92)
[2026-10-05--23-28-58 WARN hyper_util::client::legacy::connect::http] tcp set_tcp_user_timeout error: Protocol not available (os error 92)
[2026-10-05--23-28-58 WARN hyper_util::client::legacy::connect::http] tcp set_tcp_user_timeout error: Protocol not available (os error 92)
[2026-10-05--23-28-58 WARN hyper_util::client::legacy::connect::http] tcp set_tcp_user_timeout error: Protocol not available (os error 92)
[2026-10-05--23-28-58 WARN hyper_util::client::legacy::connect::http] tcp set_tcp_user_timeout error: Protocol not available (os error 92)
[2026-10-05--23-28-58 WARN hyper_util::client::legacy::connect::http] tcp set_tcp_user_timeout error: Protocol not available (os error 92)
[2026-10-05--23-28-58 WARN hyper_util::client::legacy::connect::http] tcp set_tcp_user_timeout error: Protocol not available (os error 92)
[2026-10-05--23-28-58 WARN hyper_util::client::legacy::connect::http] tcp set_tcp_user_timeout error: Protocol not available (os error 92)
[2026-10-05--23-28-58 WARN hyper_util::client::legacy::connect::http] tcp set_tcp_user_timeout error: Protocol not available (os error 92)
[2026-10-05--23-28-58 WARN hyper_util::client::legacy::connect::http] tcp set_tcp_user_timeout error: Protocol not available (os error 92)
[2026-10-05--23-28-58 WARN hyper_util::client::legacy::connect::http] tcp set_tcp_user_timeout error: Protocol not available (os error 92)
[2026-10-05--23-28-58 WARN hyper_util::client::legacy::connect::http] tcp set_tcp_user_timeout error: Protocol not available (os error 92)
[2026-10-05--23-28-58 WARN hyper_util::client::legacy::connect::http] tcp set_tcp_user_timeout error: Protocol not available (os error 92)
[2026-10-05--23-28-58 WARN hyper_util::client::legacy::connect::http] tcp set_tcp_user_timeout error: Protocol not available (os error 92)
[2026-10-05--23-28-58 WARN hyper_util::client::legacy::connect::http] tcp set_tcp_user_timeout error: Protocol not available (os error 92)
[2026-10-05--23-28-58 WARN hyper_util::client::legacy::connect::http] tcp set_tcp_user_timeout error: Protocol not available (os error 92)
[2026-10-05--23-28-58 WARN hyper_util::client::legacy::connect::http] tcp set_tcp_user_timeout error: Protocol not available (os error 92)
[2026-10-05--23-28-58 WARN hyper_util::client::legacy::connect::http] tcp set_tcp_user_timeout error: Protocol not available (os error 92)
[2026-10-05--23-28-58 WARN hyper_util::client::legacy::connect::http] tcp set_tcp_user_timeout error: Protocol not available (os error 92)
[2026-10-05--23-28-58 WARN hyper_util::client::legacy::connect::http] tcp set_tcp_user_timeout error: Protocol not available (os error 92)
[2026-10-05--23-28-58 WARN hyper_util::client::legacy::connect::http] tcp set_tcp_user_timeout error: Protocol not available (os error 92)
[2026-10-05--23-28-58 WARN hyper_util::client::legacy::connect::http] tcp set_tcp_user_timeout error: Protocol not available (os error 92)
[2026-10-05--23-28-58 WARN hyper_util::client::legacy::connect::http] tcp set_tcp_user_timeout error: Protocol not available (os error 92)
[2026-10-05--23-28-58 WARN hyper_util::client::legacy::connect::http] tcp set_tcp_user_timeout error: Protocol not available (os error 92)
[2026-10-05--23-28-58 WARN hyper_util::client::legacy::connect::http] tcp set_tcp_user_timeout error: Protocol not available (os error 92)
[2026-10-05--23-28-58 WARN hyper_util::client::legacy::connect::http] tcp set_tcp_user_timeout error: Protocol not available (os error 92)
[2026-10-05--23-28-58 WARN hyper_util::client::legacy::connect::http] tcp set_tcp_user_timeout error: Protocol not available (os error 92)
[2026-10-05--23-28-58 WARN hyper_util::client::legacy::connect::http] tcp set_tcp_user_timeout error: Protocol not available (os error 92)
[2026-10-05--23-28-58 WARN hyper_util::client::legacy::connect::http] tcp set_tcp_user_timeout error: Protocol not available (os error 92)
[2026-10-05--23-28-58 WARN hyper_util::client::legacy::connect::http] tcp set_tcp_user_timeout error: Protocol not available (os error 92)
[2026-10-05--23-28-58 WARN hyper_util::client::legacy::connect::http] tcp set_tcp_user_timeout error: Protocol not available (os error 92)
[2026-10-05--23-28-58 WARN hyper_util::client::legacy::connect::http] tcp set_tcp_user_timeout error: Protocol not available (os error 92)
[2026-10-05--23-28-58 WARN hyper_util::client::legacy::connect::http] tcp set_tcp_user_timeout error: Protocol not available (os error 92)
[2026-10-05--23-28-58 WARN hyper_util::client::legacy::connect::http] tcp set_tcp_user_timeout error: Protocol not available (os error 92)
[2026-10-05--23-28-58 WARN hyper_util::client::legacy::connect::http] tcp set_tcp_user_timeout error: Protocol not available (os error 92)
[2026-10-05--23-28-58 WARN hyper_util::client::legacy::connect::http] tcp set_tcp_user_timeout error: Protocol not available (os error 92)
[2026-10-05--23-28-58 WARN hyper_util::client::legacy::connect::http] tcp set_tcp_user_timeout error: Protocol not available (os error 92)
[2026-10-05--23-28-58 WARN hyper_util::client::legacy::connect::http] tcp set_tcp_user_timeout error: Protocol not available (os error 92)
[2026-10-05--23-28-59 WARN hyper_util::client::legacy::connect::http] tcp set_tcp_user_timeout error: Protocol not available (os error 92)
[2026-10-05--23-28-59 WARN hyper_util::client::legacy::connect::http] tcp set_tcp_user_timeout error: Protocol not available (os error 92)
[2026-10-05--23-28-59 WARN hyper_util::client::legacy::connect::http] tcp set_tcp_user_timeout error: Protocol not available (os error 92)
[2026-10-05--23-28-59 WARN hyper_util::client::legacy::connect::http] tcp set_tcp_user_timeout error: Protocol not available (os error 92)
[2026-10-05--23-28-59 WARN hyper_util::client::legacy::connect::http] tcp set_tcp_user_timeout error: Protocol not available (os error 92)
[2026-10-05--23-28-59 WARN hyper_util::client::legacy::connect::http] tcp set_tcp_user_timeout error: Protocol not available (os error 92)
[2026-10-05--23-28-59 WARN hyper_util::client::legacy::connect::http] tcp set_tcp_user_timeout error: Protocol not available (os error 92)
[2026-10-05--23-28-59 WARN hyper_util::client::legacy::connect::http] tcp set_tcp_user_timeout error: Protocol not available (os error 92)
[2026-10-05--23-28-59 WARN hyper_util::client::legacy::connect::http] tcp set_tcp_user_timeout error: Protocol not available (os error 92)
[2026-10-05--23-28-59 WARN hyper_util::client::legacy::connect::http] tcp set_tcp_user_timeout error: Protocol not available (os error 92)
[2026-10-05--23-28-59 WARN hyper_util::client::legacy::connect::http] tcp set_tcp_user_timeout error: Protocol not available (os error 92)
[2026-10-05--23-28-59 WARN hyper_util::client::legacy::connect::http] tcp set_tcp_user_timeout error: Protocol not available (os error 92)
[2026-10-05--23-28-59 WARN hyper_util::client::legacy::connect::http] tcp set_tcp_user_timeout error: Protocol not available (os error 92)
[2026-10-05--23-28-59 WARN hyper_util::client::legacy::connect::http] tcp set_tcp_user_timeout error: Protocol not available (os error 92)
[2026-10-05--23-28-59 WARN hyper_util::client::legacy::connect::http] tcp set_tcp_user_timeout error: Protocol not available (os error 92)
[2026-10-05--23-28-59 WARN hyper_util::client::legacy::connect::http] tcp set_tcp_user_timeout error: Protocol not available (os error 92)
[2026-10-05--23-28-59 WARN hyper_util::client::legacy::connect::http] tcp set_tcp_user_timeout error: Protocol not available (os error 92)
[2026-10-05--23-28-59 WARN hyper_util::client::legacy::connect::http] tcp set_tcp_user_timeout error: Protocol not available (os error 92)
[2026-10-05--23-28-59 WARN hyper_util::client::legacy::connect::http] tcp set_tcp_user_timeout error: Protocol not available (os error 92)
[2026-10-05--23-28-59 WARN hyper_util::client::legacy::connect::http] tcp set_tcp_user_timeout error: Protocol not available (os error 92)
[2026-10-05--23-28-59 WARN hyper_util::client::legacy::connect::http] tcp set_tcp_user_timeout error: Protocol not available (os error 92)
[2026-10-05--23-28-59 WARN hyper_util::client::legacy::connect::http] tcp set_tcp_user_timeout error: Protocol not available (os error 92)
[2026-10-05--23-28-59 WARN hyper_util::client::legacy::connect::http] tcp set_tcp_user_timeout error: Protocol not available (os error 92)
[2026-10-05--23-28-59 WARN hyper_util::client::legacy::connect::http] tcp set_tcp_user_timeout error: Protocol not available (os error 92)
[2026-10-05--23-28-59 WARN hyper_util::client::legacy::connect::http] tcp set_tcp_user_timeout error: Protocol not available (os error 92)
[2026-10-05--23-28-59 WARN hyper_util::client::legacy::connect::http] tcp set_tcp_user_timeout error: Protocol not available (os error 92)
[2026-10-05--23-28-59 WARN hyper_util::client::legacy::connect::http] tcp set_tcp_user_timeout error: Protocol not available (os error 92)
[2026-10-05--23-28-59 WARN hyper_util::client::legacy::connect::http] tcp set_tcp_user_timeout error: Protocol not available (os error 92)
[2026-10-05--23-28-59 WARN hyper_util::client::legacy::connect::http] tcp set_tcp_user_timeout error: Protocol not available (os error 92)
[2026-10-05--23-28-59 WARN hyper_util::client::legacy::connect::http] tcp set_tcp_user_timeout error: Protocol not available (os error 92)
[2026-10-05--23-28-59 WARN hyper_util::client::legacy::connect::http] tcp set_tcp_user_timeout error: Protocol not available (os error 92)
[2026-10-05--23-28-59 WARN hyper_util::client::legacy::connect::http] tcp set_tcp_user_timeout error: Protocol not available (os error 92)
[2026-10-05--23-28-59 WARN hyper_util::client::legacy::connect::http] tcp set_tcp_user_timeout error: Protocol not available (os error 92)
[2026-10-05--23-28-59 WARN hyper_util::client::legacy::connect::http] tcp set_tcp_user_timeout error: Protocol not available (os error 92)
[2026-10-05--23-28-59 WARN hyper_util::client::legacy::connect::http] tcp set_tcp_user_timeout error: Protocol not available (os error 92)
[2026-10-05--23-28-59 WARN hyper_util::client::legacy::connect::http] tcp set_tcp_user_timeout error: Protocol not available (os error 92)
[2026-10-05--23-28-59 WARN hyper_util::client::legacy::connect::http] tcp set_tcp_user_timeout error: Protocol not available (os error 92)
[2026-10-05--23-28-59 WARN hyper_util::client::legacy::connect::http] tcp set_tcp_user_timeout error: Protocol not available (os error 92)
[2026-10-05--23-28-59 WARN hyper_util::client::legacy::connect::http] tcp set_tcp_user_timeout error: Protocol not available (os error 92)
[2026-10-05--23-28-59 WARN hyper_util::client::legacy::connect::http] tcp set_tcp_user_timeout error: Protocol not available (os error 92)
[2026-10-05--23-28-59 WARN hyper_util::client::legacy::connect::http] tcp set_tcp_user_timeout error: Protocol not available (os error 92)
[2026-10-05--23-28-59 WARN hyper_util::client::legacy::connect::http] tcp set_tcp_user_timeout error: Protocol not available (os error 92)
[2026-10-05--23-28-59 WARN hyper_util::client::legacy::connect::http] tcp set_tcp_user_timeout error: Protocol not available (os error 92)
[2026-10-05--23-28-59 WARN hyper_util::client::legacy::connect::http] tcp set_tcp_user_timeout error: Protocol not available (os error 92)
[2026-10-05--23-28-59 WARN hyper_util::client::legacy::connect::http] tcp set_tcp_user_timeout error: Protocol not available (os error 92)
[2026-10-05--23-28-59 WARN hyper_util::client::legacy::connect::http] tcp set_tcp_user_timeout error: Protocol not available (os error 92)
[2026-10-05--23-28-59 WARN hyper_util::client::legacy::connect::http] tcp set_tcp_user_timeout error: Protocol not available (os error 92)
[2026-10-05--23-28-59 WARN hyper_util::client::legacy::connect::http] tcp set_tcp_user_timeout error: Protocol not available (os error 92)
[2026-10-05--23-28-59 WARN hyper_util::client::legacy::connect::http] tcp set_tcp_user_timeout error: Protocol not available (os error 92)
[2026-10-05--23-28-59 WARN hyper_util::client::legacy::connect::http] tcp set_tcp_user_timeout error: Protocol not available (os error 92)
[2026-10-05--23-28-59 WARN hyper_util::client::legacy::connect::http] tcp set_tcp_user_timeout error: Protocol not available (os error 92)
[2026-10-05--23-28-59 WARN hyper_util::client::legacy::connect::http] tcp set_tcp_user_timeout error: Protocol not available (os error 92)
[2026-10-05--23-29-00 WARN hyper_util::client::legacy::connect::http] tcp set_tcp_user_timeout error: Protocol not available (os error 92)
[2026-10-05--23-29-00 WARN hyper_util::client::legacy::connect::http] tcp set_tcp_user_timeout error: Protocol not available (os error 92)
[2026-10-05--23-29-00 WARN hyper_util::client::legacy::connect::http] tcp set_tcp_user_timeout error: Protocol not available (os error 92)
[2026-10-05--23-29-00 WARN hyper_util::client::legacy::connect::http] tcp set_tcp_user_timeout error: Protocol not available (os error 92)
[2026-10-05--23-29-00 WARN hyper_util::client::legacy::connect::http] tcp set_tcp_user_timeout error: Protocol not available (os error 92)
[2026-10-05--23-29-00 WARN hyper_util::client::legacy::connect::http] tcp set_tcp_user_timeout error: Protocol not available (os error 92)
[2026-10-05--23-29-00 WARN hyper_util::client::legacy::connect::http] tcp set_tcp_user_timeout error: Protocol not available (os error 92)
[2026-10-05--23-29-00 WARN hyper_util::client::legacy::connect::http] tcp set_tcp_user_timeout error: Protocol not available (os error 92)
[2026-10-05--23-29-00 WARN hyper_util::client::legacy::connect::http] tcp set_tcp_user_timeout error: Protocol not available (os error 92)
[2026-10-05--23-29-00 WARN hyper_util::client::legacy::connect::http] tcp set_tcp_user_timeout error: Protocol not available (os error 92)
[2026-10-05--23-29-00 WARN hyper_util::client::legacy::connect::http] tcp set_tcp_user_timeout error: Protocol not available (os error 92)
[2026-10-05--23-29-00 WARN hyper_util::client::legacy::connect::http] tcp set_tcp_user_timeout error: Protocol not available (os error 92)
[2026-10-05--23-29-00 WARN hyper_util::client::legacy::connect::http] tcp set_tcp_user_timeout error: Protocol not available (os error 92)
[2026-10-05--23-29-00 WARN hyper_util::client::legacy::connect::http] tcp set_tcp_user_timeout error: Protocol not available (os error 92)
[2026-10-05--23-29-00 WARN hyper_util::client::legacy::connect::http] tcp set_tcp_user_timeout error: Protocol not available (os error 92)
[2026-10-05--23-29-00 WARN hyper_util::client::legacy::connect::http] tcp set_tcp_user_timeout error: Protocol not available (os error 92)
[2026-10-05--23-29-00 WARN hyper_util::client::legacy::connect::http] tcp set_tcp_user_timeout error: Protocol not available (os error 92)
[2026-10-05--23-29-00 WARN hyper_util::client::legacy::connect::http] tcp set_tcp_user_timeout error: Protocol not available (os error 92)
[2026-10-05--23-29-00 WARN hyper_util::client::legacy::connect::http] tcp set_tcp_user_timeout error: Protocol not available (os error 92)
[2026-10-05--23-29-00 WARN hyper_util::client::legacy::connect::http] tcp set_tcp_user_timeout error: Protocol not available (os error 92)
[2026-10-05--23-29-00 WARN hyper_util::client::legacy::connect::http] tcp set_tcp_user_timeout error: Protocol not available (os error 92)
[2026-10-05--23-29-00 WARN hyper_util::client::legacy::connect::http] tcp set_tcp_user_timeout error: Protocol not available (os error 92)
[2026-10-05--23-29-00 WARN hyper_util::client::legacy::connect::http] tcp set_tcp_user_timeout error: Protocol not available (os error 92)
[2026-10-05--23-29-00 WARN hyper_util::client::legacy::connect::http] tcp set_tcp_user_timeout error: Protocol not available (os error 92)
[2026-10-05--23-29-00 WARN hyper_util::client::legacy::connect::http] tcp set_tcp_user_timeout error: Protocol not available (os error 92)
[2026-10-05--23-29-00 WARN hyper_util::client::legacy::connect::http] tcp set_tcp_user_timeout error: Protocol not available (os error 92)
[2026-10-05--23-29-00 WARN hyper_util::client::legacy::connect::http] tcp set_tcp_user_timeout error: Protocol not available (os error 92)
[2026-10-05--23-29-00 WARN hyper_util::client::legacy::connect::http] tcp set_tcp_user_timeout error: Protocol not available (os error 92)
[2026-10-05--23-29-00 WARN hyper_util::client::legacy::connect::http] tcp set_tcp_user_timeout error: Protocol not available (os error 92)
[2026-10-05--23-29-00 WARN hyper_util::client::legacy::connect::http] tcp set_tcp_user_timeout error: Protocol not available (os error 92)
[2026-10-05--23-29-00 WARN hyper_util::client::legacy::connect::http] tcp set_tcp_user_timeout error: Protocol not available (os error 92)
[2026-10-05--23-29-00 WARN hyper_util::client::legacy::connect::http] tcp set_tcp_user_timeout error: Protocol not available (os error 92)
[2026-10-05--23-29-00 WARN hyper_util::client::legacy::connect::http] tcp set_tcp_user_timeout error: Protocol not available (os error 92)
[2026-10-05--23-29-00 WARN hyper_util::client::legacy::connect::http] tcp set_tcp_user_timeout error: Protocol not available (os error 92)
[2026-10-05--23-29-00 WARN hyper_util::client::legacy::connect::http] tcp set_tcp_user_timeout error: Protocol not available (os error 92)
[2026-10-05--23-29-00 WARN hyper_util::client::legacy::connect::http] tcp set_tcp_user_timeout error: Protocol not available (os error 92)
[2026-10-05--23-29-00 WARN hyper_util::client::legacy::connect::http] tcp set_tcp_user_timeout error: Protocol not available (os error 92)
[2026-10-05--23-29-00 WARN hyper_util::client::legacy::connect::http] tcp set_tcp_user_timeout error: Protocol not available (os error 92)
[2026-10-05--23-29-00 WARN hyper_util::client::legacy::connect::http] tcp set_tcp_user_timeout error: Protocol not available (os error 92)
[2026-10-05--23-29-00 WARN hyper_util::client::legacy::connect::http] tcp set_tcp_user_timeout error: Protocol not available (os error 92)
[2026-10-05--23-29-00 WARN hyper_util::client::legacy::connect::http] tcp set_tcp_user_timeout error: Protocol not available (os error 92)
[2026-10-05--23-29-00 WARN hyper_util::client::legacy::connect::http] tcp set_tcp_user_timeout error: Protocol not available (os error 92)
[2026-10-05--23-29-00 WARN hyper_util::client::legacy::connect::http] tcp set_tcp_user_timeout error: Protocol not available (os error 92)
[2026-10-05--23-29-00 WARN hyper_util::client::legacy::connect::http] tcp set_tcp_user_timeout error: Protocol not available (os error 92)
[2026-10-05--23-29-00 WARN hyper_util::client::legacy::connect::http] tcp set_tcp_user_timeout error: Protocol not available (os error 92)
[2026-10-05--23-29-00 WARN hyper_util::client::legacy::connect::http] tcp set_tcp_user_timeout error: Protocol not available (os error 92)
[2026-10-05--23-29-00 WARN hyper_util::client::legacy::connect::http] tcp set_tcp_user_timeout error: Protocol not available (os error 92)
[2026-10-05--23-29-01 WARN hyper_util::client::legacy::connect::http] tcp set_tcp_user_timeout error: Protocol not available (os error 92)
[2026-10-05--23-29-01 WARN hyper_util::client::legacy::connect::http] tcp set_tcp_user_timeout error: Protocol not available (os error 92)
[2026-10-05--23-29-01 WARN hyper_util::client::legacy::connect::http] tcp set_tcp_user_timeout error: Protocol not available (os error 92)
[2026-10-05--23-29-01 WARN hyper_util::client::legacy::connect::http] tcp set_tcp_user_timeout error: Protocol not available (os error 92)
[2026-10-05--23-29-01 WARN hyper_util::client::legacy::connect::http] tcp set_tcp_user_timeout error: Protocol not available (os error 92)
[2026-10-05--23-29-01 WARN hyper_util::client::legacy::connect::http] tcp set_tcp_user_timeout error: Protocol not available (os error 92)
[2026-10-05--23-29-01 WARN hyper_util::client::legacy::connect::http] tcp set_tcp_user_timeout error: Protocol not available (os error 92)
[2026-10-05--23-29-01 WARN hyper_util::client::legacy::connect::http] tcp set_tcp_user_timeout error: Protocol not available (os error 92)
[2026-10-05--23-29-01 WARN hyper_util::client::legacy::connect::http] tcp set_tcp_user_timeout error: Protocol not available (os error 92)
[2026-10-05--23-29-01 WARN hyper_util::client::legacy::connect::http] tcp set_tcp_user_timeout error: Protocol not available (os error 92)
[2026-10-05--23-29-01 WARN hyper_util::client::legacy::connect::http] tcp set_tcp_user_timeout error: Protocol not available (os error 92)
[2026-10-05--23-29-01 WARN hyper_util::client::legacy::connect::http] tcp set_tcp_user_timeout error: Protocol not available (os error 92)
[2026-10-05--23-29-01 WARN hyper_util::client::legacy::connect::http] tcp set_tcp_user_timeout error: Protocol not available (os error 92)
[2026-10-05--23-29-01 WARN hyper_util::client::legacy::connect::http] tcp set_tcp_user_timeout error: Protocol not available (os error 92)
[2026-10-05--23-29-01 WARN hyper_util::client::legacy::connect::http] tcp set_tcp_user_timeout error: Protocol not available (os error 92)
[2026-10-05--23-29-01 WARN hyper_util::client::legacy::connect::http] tcp set_tcp_user_timeout error: Protocol not available (os error 92)
[2026-10-05--23-29-01 WARN hyper_util::client::legacy::connect::http] tcp set_tcp_user_timeout error: Protocol not available (os error 92)
[2026-10-05--23-29-01 WARN hyper_util::client::legacy::connect::http] tcp set_tcp_user_timeout error: Protocol not available (os error 92)
[2026-10-05--23-29-01 WARN hyper_util::client::legacy::connect::http] tcp set_tcp_user_timeout error: Protocol not available (os error 92)
[2026-10-05--23-29-01 WARN hyper_util::client::legacy::connect::http] tcp set_tcp_user_timeout error: Protocol not available (os error 92)
[2026-10-05--23-29-01 WARN hyper_util::client::legacy::connect::http] tcp set_tcp_user_timeout error: Protocol not available (os error 92)
[2026-10-05--23-29-01 WARN hyper_util::client::legacy::connect::http] tcp set_tcp_user_timeout error: Protocol not available (os error 92)
[2026-10-05--23-29-01 WARN hyper_util::client::legacy::connect::http] tcp set_tcp_user_timeout error: Protocol not available (os error 92)
[2026-10-05--23-29-01 WARN hyper_util::client::legacy::connect::http] tcp set_tcp_user_timeout error: Protocol not available (os error 92)
[2026-10-05--23-29-01 WARN hyper_util::client::legacy::connect::http] tcp set_tcp_user_timeout error: Protocol not available (os error 92)
[2026-10-05--23-29-01 WARN hyper_util::client::legacy::connect::http] tcp set_tcp_user_timeout error: Protocol not available (os error 92)
[2026-10-05--23-29-01 WARN hyper_util::client::legacy::connect::http] tcp set_tcp_user_timeout error: Protocol not available (os error 92)
[2026-10-05--23-29-01 WARN hyper_util::client::legacy::connect::http] tcp set_tcp_user_timeout error: Protocol not available (os error 92)
[2026-10-05--23-29-01 WARN hyper_util::client::legacy::connect::http] tcp set_tcp_user_timeout error: Protocol not available (os error 92)
[2026-10-05--23-29-01 WARN hyper_util::client::legacy::connect::http] tcp set_tcp_user_timeout error: Protocol not available (os error 92)
[2026-10-05--23-29-01 WARN hyper_util::client::legacy::connect::http] tcp set_tcp_user_timeout error: Protocol not available (os error 92)
[2026-10-05--23-29-01 WARN hyper_util::client::legacy::connect::http] tcp set_tcp_user_timeout error: Protocol not available (os error 92)
[2026-10-05--23-29-01 WARN hyper_util::client::legacy::connect::http] tcp set_tcp_user_timeout error: Protocol not available (os error 92)
[2026-10-05--23-29-01 WARN hyper_util::client::legacy::connect::http] tcp set_tcp_user_timeout error: Protocol not available (os error 92)
[2026-10-05--23-29-01 WARN hyper_util::client::legacy::connect::http] tcp set_tcp_user_timeout error: Protocol not available (os error 92)
[2026-10-05--23-29-01 WARN hyper_util::client::legacy::connect::http] tcp set_tcp_user_timeout error: Protocol not available (os error 92)
[2026-10-05--23-29-01 WARN hyper_util::client::legacy::connect::http] tcp set_tcp_user_timeout error: Protocol not available (os error 92)
[2026-10-05--23-29-01 WARN hyper_util::client::legacy::connect::http] tcp set_tcp_user_timeout error: Protocol not available (os error 92)
[2026-10-05--23-29-01 WARN hyper_util::client::legacy::connect::http] tcp set_tcp_user_timeout error: Protocol not available (os error 92)
[2026-10-05--23-29-01 WARN hyper_util::client::legacy::connect::http] tcp set_tcp_user_timeout error: Protocol not available (os error 92)
[2026-10-05--23-29-01 WARN hyper_util::client::legacy::connect::http] tcp set_tcp_user_timeout error: Protocol not available (os error 92)
[2026-10-05--23-29-01 WARN hyper_util::client::legacy::connect::http] tcp set_tcp_user_timeout error: Protocol not available (os error 92)
[2026-10-05--23-29-01 WARN hyper_util::client::legacy::connect::http] tcp set_tcp_user_timeout error: Protocol not available (os error 92)
[2026-10-05--23-29-01 WARN hyper_util::client::legacy::connect::http] tcp set_tcp_user_timeout error: Protocol not available (os error 92)
[2026-10-05--23-29-01 WARN hyper_util::client::legacy::connect::http] tcp set_tcp_user_timeout error: Protocol not available (os error 92)
[2026-10-05--23-29-01 WARN hyper_util::client::legacy::connect::http] tcp set_tcp_user_timeout error: Protocol not available (os error 92)
[2026-10-05--23-29-01 WARN hyper_util::client::legacy::connect::http] tcp set_tcp_user_timeout error: Protocol not available (os error 92)
[2026-10-05--23-29-01 WARN hyper_util::client::legacy::connect::http] tcp set_tcp_user_timeout error: Protocol not available (os error 92)
[2026-10-05--23-29-01 WARN hyper_util::client::legacy::connect::http] tcp set_tcp_user_timeout error: Protocol not available (os error 92)
[2026-10-05--23-29-01 WARN hyper_util::client::legacy::connect::http] tcp set_tcp_user_timeout error: Protocol not available (os error 92)
[2026-10-05--23-29-01 WARN hyper_util::client::legacy::connect::http] tcp set_tcp_user_timeout error: Protocol not available (os error 92)
[2026-10-05--23-29-01 WARN hyper_util::client::legacy::connect::http] tcp set_tcp_user_timeout error: Protocol not available (os error 92)
[2026-10-05--23-29-02 WARN hyper_util::client::legacy::connect::http] tcp set_tcp_user_timeout error: Protocol not available (os error 92)
[2026-10-05--23-29-02 WARN hyper_util::client::legacy::connect::http] tcp set_tcp_user_timeout error: Protocol not available (os error 92)
[2026-10-05--23-29-02 WARN hyper_util::client::legacy::connect::http] tcp set_tcp_user_timeout error: Protocol not available (os error 92)
[2026-10-05--23-29-02 WARN hyper_util::client::legacy::connect::http] tcp set_tcp_user_timeout error: Protocol not available (os error 92)
[2026-10-05--23-29-02 WARN hyper_util::client::legacy::connect::http] tcp set_tcp_user_timeout error: Protocol not available (os error 92)
[2026-10-05--23-29-02 WARN hyper_util::client::legacy::connect::http] tcp set_tcp_user_timeout error: Protocol not available (os error 92)
[2026-10-05--23-29-02 WARN hyper_util::client::legacy::connect::http] tcp set_tcp_user_timeout error: Protocol not available (os error 92)
[2026-10-05--23-29-02 WARN hyper_util::client::legacy::connect::http] tcp set_tcp_user_timeout error: Protocol not available (os error 92)
[2026-10-05--23-29-02 WARN hyper_util::client::legacy::connect::http] tcp set_tcp_user_timeout error: Protocol not available (os error 92)
[2026-10-05--23-29-02 WARN hyper_util::client::legacy::connect::http] tcp set_tcp_user_timeout error: Protocol not available (os error 92)
[2026-10-05--23-29-02 WARN hyper_util::client::legacy::connect::http] tcp set_tcp_user_timeout error: Protocol not available (os error 92)
[2026-10-05--23-29-02 WARN hyper_util::client::legacy::connect::http] tcp set_tcp_user_timeout error: Protocol not available (os error 92)
[2026-10-05--23-29-02 WARN hyper_util::client::legacy::connect::http] tcp set_tcp_user_timeout error: Protocol not available (os error 92)
[2026-10-05--23-29-02 WARN hyper_util::client::legacy::connect::http] tcp set_tcp_user_timeout error: Protocol not available (os error 92)
[2026-10-05--23-29-02 WARN hyper_util::client::legacy::connect::http] tcp set_tcp_user_timeout error: Protocol not available (os error 92)
[2026-10-05--23-29-02 WARN hyper_util::client::legacy::connect::http] tcp set_tcp_user_timeout error: Protocol not available (os error 92)
[2026-10-05--23-29-02 WARN hyper_util::client::legacy::connect::http] tcp set_tcp_user_timeout error: Protocol not available (os error 92)
[2026-10-05--23-29-02 WARN hyper_util::client::legacy::connect::http] tcp set_tcp_user_timeout error: Protocol not available (os error 92)
[2026-10-05--23-29-02 WARN hyper_util::client::legacy::connect::http] tcp set_tcp_user_timeout error: Protocol not available (os error 92)
[2026-10-05--23-29-02 WARN hyper_util::client::legacy::connect::http] tcp set_tcp_user_timeout error: Protocol not available (os error 92)
[2026-10-05--23-29-02 WARN hyper_util::client::legacy::connect::http] tcp set_tcp_user_timeout error: Protocol not available (os error 92)
[2026-10-05--23-29-02 WARN hyper_util::client::legacy::connect::http] tcp set_tcp_user_timeout error: Protocol not available (os error 92)
[2026-10-05--23-29-02 WARN hyper_util::client::legacy::connect::http] tcp set_tcp_user_timeout error: Protocol not available (os error 92)
[2026-10-05--23-29-02 WARN hyper_util::client::legacy::connect::http] tcp set_tcp_user_timeout error: Protocol not available (os error 92)
[2026-10-05--23-29-02 WARN hyper_util::client::legacy::connect::http] tcp set_tcp_user_timeout error: Protocol not available (os error 92)
[2026-10-05--23-29-02 WARN hyper_util::client::legacy::connect::http] tcp set_tcp_user_timeout error: Protocol not available (os error 92)
[2026-10-05--23-29-03 WARN hyper_util::client::legacy::connect::http] tcp set_tcp_user_timeout error: Protocol not available (os error 92)
[2026-10-05--23-29-03 INFO txtx::svm::deploy_program] Buffer Ready - Writing to buffer account is complete
[2026-10-05--23-29-03 WARN hyper_util::client::legacy::connect::http] tcp set_tcp_user_timeout error: Protocol not available (os error 92)
[2026-10-05--23-29-03 WARN hyper_util::client::legacy::connect::http] tcp set_tcp_user_timeout error: Protocol not available (os error 92)
[2026-10-05--23-29-03 WARN hyper_util::client::legacy::connect::http] tcp set_tcp_user_timeout error: Protocol not available (os error 92)
[2026-10-05--23-29-03 WARN hyper_util::client::legacy::connect::http] tcp set_tcp_user_timeout error: Protocol not available (os error 92)
[2026-10-05--23-29-04 WARN hyper_util::client::legacy::connect::http] tcp set_tcp_user_timeout error: Protocol not available (os error 92)
[2026-10-05--23-29-04 WARN hyper_util::client::legacy::connect::http] tcp set_tcp_user_timeout error: Protocol not available (os error 92)
[2026-10-05--23-29-04 WARN hyper_util::client::legacy::connect::http] tcp set_tcp_user_timeout error: Protocol not available (os error 92)
[2026-10-05--23-29-04 INFO txtx::svm::deploy_program] Program Created - Program GVtfTnNDsgcFB89yvS3E98iwWqKeRAx2XHfPQ5GVgZU4 has been deployed
[2026-10-05--23-29-04 WARN hyper_util::client::legacy::connect::http] tcp set_tcp_user_timeout error: Protocol not available (os error 92)
[2026-10-05--23-29-04 WARN hyper_util::client::legacy::connect::http] tcp set_tcp_user_timeout error: Protocol not available (os error 92)
[2026-10-05--23-29-04 WARN hyper_util::client::legacy::connect::http] tcp set_tcp_user_timeout error: Protocol not available (os error 92)
[2026-10-05--23-29-04 WARN hyper_util::client::legacy::connect::http] tcp set_tcp_user_timeout error: Protocol not available (os error 92)
[2026-10-05--23-29-04 WARN hyper_util::client::legacy::connect::http] tcp set_tcp_user_timeout error: Protocol not available (os error 92)
[2026-10-05--23-29-04 WARN hyper_util::client::legacy::connect::http] tcp set_tcp_user_timeout error: Protocol not available (os error 92)
[2026-10-05--23-29-05 WARN hyper_util::client::legacy::connect::http] tcp set_tcp_user_timeout error: Protocol not available (os error 92)
[2026-10-05--23-29-05 INFO txtx::svm::deploy_program] Complete - Ephemeral authority account closed and leftover funds returned to payer
[2026-10-05--23-29-05 WARN hyper_util::client::legacy::connect::http] tcp set_tcp_user_timeout error: Protocol not available (os error 92)
[2026-10-05--23-30-03 WARN hyper_util::client::legacy::connect::http] tcp set_tcp_user_timeout error: Protocol not available (os error 92)
[2026-10-05--23-30-08 WARN hyper_util::client::legacy::connect::http] tcp set_tcp_user_timeout error: Protocol not available (os error 92)
[2026-10-05--23-30-08 INFO parity_ws::io] Accepted a new tcp connection from 127.0.0.1:58758.
[2026-10-05--23-30-53 WARN hyper_util::client::legacy::connect::http] tcp set_tcp_user_timeout error: Protocol not available (os error 92)
[2026-10-05--23-30-56 INFO parity_ws::io] Accepted a new tcp connection from 127.0.0.1:58765.
[2026-10-05--23-31-07 WARN hyper_util::client::legacy::connect::http] tcp set_tcp_user_timeout error: Protocol not available (os error 92)
[2026-10-05--23-31-12 WARN hyper_util::client::legacy::connect::http] tcp set_tcp_user_timeout error: Protocol not available (os error 92)
[2026-10-05--23-31-18 WARN hyper_util::client::legacy::connect::http] tcp set_tcp_user_timeout error: Protocol not available (os error 92)
[2026-10-05--23-31-35 INFO parity_ws::io] Accepted a new tcp connection from 127.0.0.1:58773.
[2026-10-05--23-31-41 WARN hyper_util::client::legacy::connect::http] tcp set_tcp_user_timeout error: Protocol not available (os error 92)
[2026-10-05--23-31-41 INFO parity_ws::io] Accepted a new tcp connection from 127.0.0.1:58778.
[2026-10-05--23-31-42 WARN hyper_util::client::legacy::connect::http] tcp set_tcp_user_timeout error: Protocol not available (os error 92)
[2026-10-05--23-31-47 WARN hyper_util::client::legacy::connect::http] tcp set_tcp_user_timeout error: Protocol not available (os error 92)
[2026-10-05--23-31-49 INFO parity_ws::io] Accepted a new tcp connection from 127.0.0.1:58791.
[2026-10-05--23-31-49 WARN hyper_util::client::legacy::connect::http] tcp set_tcp_user_timeout error: Protocol not available (os error 92)
[2026-10-05--23-31-50 INFO parity_ws::io] Accepted a new tcp connection from 127.0.0.1:58793.
[2026-10-05--23-31-50 WARN hyper_util::client::legacy::connect::http] tcp set_tcp_user_timeout error: Protocol not available (os error 92)
[2026-10-05--23-31-52 INFO parity_ws::io] Accepted a new tcp connection from 127.0.0.1:58795.
[2026-10-05--23-31-57 WARN hyper_util::client::legacy::connect::http] tcp set_tcp_user_timeout error: Protocol not available (os error 92)
[2026-10-05--23-31-59 INFO parity_ws::io] Accepted a new tcp connection from 127.0.0.1:58798.
[2026-10-05--23-31-59 WARN hyper_util::client::legacy::connect::http] tcp set_tcp_user_timeout error: Protocol not available (os error 92)
[2026-10-05--23-32-00 INFO parity_ws::io] Accepted a new tcp connection from 127.0.0.1:58808.
[2026-10-05--23-32-00 WARN hyper_util::client::legacy::connect::http] tcp set_tcp_user_timeout error: Protocol not available (os error 92)
[2026-10-05--23-32-00 INFO parity_ws::io] Accepted a new tcp connection from 127.0.0.1:58813.
