[2026-10-05--23-09-19 INFO actix_server::builder] starting 5 workers
[2026-10-05--23-09-19 INFO actix_server::server] Tokio runtime found; starting in existing Tokio runtime
[2026-10-05--23-09-19 INFO actix_server::server] starting service: "actix-web-service-127.0.0.1:18488", workers: 5, listening on: 127.0.0.1:18488
[2026-10-05--23-09-24 WARN hyper_util::client::legacy::connect::http] tcp set_tcp_user_timeout error: Protocol not available (os error 92)
[2026-10-05--23-09-24 INFO parity_ws] Listening for new connections on 127.0.0.1:8900.
[2026-10-05--23-09-24 WARN hyper_util::client::legacy::connect::http] tcp set_tcp_user_timeout error: Protocol not available (os error 92)
[2026-10-05--23-09-29 WARN hyper_util::client::legacy::connect::http] tcp set_tcp_user_timeout error: Protocol not available (os error 92)
[2026-10-05--23-09-34 WARN hyper_util::client::legacy::connect::http] tcp set_tcp_user_timeout error: Protocol not available (os error 92)
[2026-10-05--23-09-40 WARN hyper_util::client::legacy::connect::http] tcp set_tcp_user_timeout error: Protocol not available (os error 92)
[2026-10-05--23-09-40 WARN hyper_util::client::legacy::connect::http] tcp set_tcp_user_timeout error: Protocol not available (os error 92)
[2026-10-05--23-09-40 WARN hyper_util::client::legacy::connect::http] tcp set_tcp_user_timeout error: Protocol not available (os error 92)
[2026-10-05--23-09-40 WARN hyper_util::client::legacy::connect::http] tcp set_tcp_user_timeout error: Protocol not available (os error 92)
[2026-10-05--23-09-40 INFO txtx::svm::deploy_program] [Recovery Instructions] - An ephemeral authority account will be created and funded to write to the buffer account.
[2026-10-05--23-09-40 INFO txtx::svm::deploy_program] [Recovery Instructions] - Please save the following information in case the deployment fails and the account needs to be recovered:
[2026-10-05--23-09-40 INFO txtx::svm::deploy_program] [Recovery Instructions] - Ephemeral authority public key: 5BRqTUDFupynS8LgGpbn5jyXGiVxULAByKtRgnDjBDHb
[2026-10-05--23-09-40 INFO txtx::svm::deploy_program] [Recovery Instructions] - Ephemeral authority secret key: [157, 209, 164, 50, 233, 116, 26, 104, 110, 174, 224, 89, 155, 215, 75, 113, 12, 243, 72, 158, 156, 252, 123, 241, 48, 78, 187, 45, 101, 180, 222, 118, 62, 26, 163, 40, 84, 236, 80, 118, 171, 111, 99, 48, 103, 190, 67, 31, 178, 181, 167, 21, 84, 216, 47, 71, 164, 221, 60, 53, 21, 212, 47, 226]
[2026-10-05--23-09-45 WARN hyper_util::client::legacy::connect::http] tcp set_tcp_user_timeout error: Protocol not available (os error 92)
[2026-10-05--23-09-45 WARN hyper_util::client::legacy::connect::http] tcp set_tcp_user_timeout error: Protocol not available (os error 92)
[2026-10-05--23-09-45 WARN hyper_util::client::legacy::connect::http] tcp set_tcp_user_timeout error: Protocol not available (os error 92)
[2026-10-05--23-09-45 WARN hyper_util::client::legacy::connect::http] tcp set_tcp_user_timeout error: Protocol not available (os error 92)
[2026-10-05--23-09-46 INFO txtx::svm::deploy_program] Account Created - Ephemeral authority account created and funded to write to buffer
[2026-10-05--23-09-46 INFO txtx::svm::deploy_program] [Recovery Instructions] - Creating program buffer account at pubkey 6VsgrpyoKZV7R4PSM1tGH6cwQvHzgf6QJb3pSvy5ywKE
[2026-10-05--23-09-46 WARN hyper_util::client::legacy::connect::http] tcp set_tcp_user_timeout error: Protocol not available (os error 92)
[2026-10-05--23-09-46 INFO txtx::svm::deploy_program] Account Created - Program buffer account created
[2026-10-05--23-09-46 WARN hyper_util::client::legacy::connect::http] tcp set_tcp_user_timeout error: Protocol not available (os error 92)
[2026-10-05--23-09-46 WARN hyper_util::client::legacy::connect::http] tcp set_tcp_user_timeout error: Protocol not available (os error 92)
[2026-10-05--23-09-46 WARN hyper_util::client::legacy::connect::http] tcp set_tcp_user_timeout error: Protocol not available (os error 92)
[2026-10-05--23-09-46 WARN hyper_util::client::legacy::connect::http] tcp set_tcp_user_timeout error: Protocol not available (os error 92)
[2026-10-05--23-09-46 WARN hyper_util::client::legacy::connect::http] tcp set_tcp_user_timeout error: Protocol not available (os error 92)
[2026-10-05--23-09-46 WARN hyper_util::client::legacy::connect::http] tcp set_tcp_user_timeout error: Protocol not available (os error 92)
[2026-10-05--23-09-46 WARN hyper_util::client::legacy::connect::http] tcp set_tcp_user_timeout error: Protocol not available (os error 92)
[2026-10-05--23-09-46 WARN hyper_util::client::legacy::connect::http] tcp set_tcp_user_timeout error: Protocol not available (os error 92)
[2026-10-05--23-09-46 WARN hyper_util::client::legacy::connect::http] tcp set_tcp_user_timeout error: Protocol not available (os error 92)
[2026-10-05--23-09-46 WARN hyper_util::client::legacy::connect::http] tcp set_tcp_user_timeout error: Protocol not available (os error 92)
[2026-10-05--23-09-46 WARN hyper_util::client::legacy::connect::http] tcp set_tcp_user_timeout error: Protocol not available (os error 92)
[2026-10-05--23-09-46 WARN hyper_util::client::legacy::connect::http] tcp set_tcp_user_timeout error: Protocol not available (os error 92)
[2026-10-05--23-09-46 WARN hyper_util::client::legacy::connect::http] tcp set_tcp_user_timeout error: Protocol not available (os error 92)
[2026-10-05--23-09-46 WARN hyper_util::client::legacy::connect::http] tcp set_tcp_user_timeout error: Protocol not available (os error 92)
[2026-10-05--23-09-46 WARN hyper_util::client::legacy::connect::http] tcp set_tcp_user_timeout error: Protocol not available (os error 92)
[2026-10-05--23-09-46 WARN hyper_util::client::legacy::connect::http] tcp set_tcp_user_timeout error: Protocol not available (os error 92)
[2026-10-05--23-09-46 WARN hyper_util::client::legacy::connect::http] tcp set_tcp_user_timeout error: Protocol not available (os error 92)
[2026-10-05--23-09-46 WARN hyper_util::client::legacy::connect::http] tcp set_tcp_user_timeout error: Protocol not available (os error 92)
[2026-10-05--23-09-46 WARN hyper_util::client::legacy::connect::http] tcp set_tcp_user_timeout error: Protocol not available (os error 92)
[2026-10-05--23-09-46 WARN hyper_util::client::legacy::connect::http] tcp set_tcp_user_timeout error: Protocol not available (os error 92)
[2026-10-05--23-09-46 WARN hyper_util::client::legacy::connect::http] tcp set_tcp_user_timeout error: Protocol not available (os error 92)
[2026-10-05--23-09-46 WARN hyper_util::client::legacy::connect::http] tcp set_tcp_user_timeout error: Protocol not available (os error 92)
[2026-10-05--23-09-46 WARN hyper_util::client::legacy::connect::http] tcp set_tcp_user_timeout error: Protocol not available (os error 92)
[2026-10-05--23-09-46 WARN hyper_util::client::legacy::connect::http] tcp set_tcp_user_timeout error: Protocol not available (os error 92)
[2026-10-05--23-09-46 WARN hyper_util::client::legacy::connect::http] tcp set_tcp_user_timeout error: Protocol not available (os error 92)
[2026-10-05--23-09-46 WARN hyper_util::client::legacy::connect::http] tcp set_tcp_user_timeout error: Protocol not available (os error 92)
[2026-10-05--23-09-46 WARN hyper_util::client::legacy::connect::http] tcp set_tcp_user_timeout error: Protocol not available (os error 92)
[2026-10-05--23-09-46 WARN hyper_util::client::legacy::connect::http] tcp set_tcp_user_timeout error: Protocol not available (os error 92)
[2026-10-05--23-09-46 WARN hyper_util::client::legacy::connect::http] tcp set_tcp_user_timeout error: Protocol not available (os error 92)
[2026-10-05--23-09-46 WARN hyper_util::client::legacy::connect::http] tcp set_tcp_user_timeout error: Protocol not available (os error 92)
[2026-10-05--23-09-46 WARN hyper_util::client::legacy::connect::http] tcp set_tcp_user_timeout error: Protocol not available (os error 92)
[2026-10-05--23-09-46 WARN hyper_util::client::legacy::connect::http] tcp set_tcp_user_timeout error: Protocol not available (os error 92)
[2026-10-05--23-09-46 WARN hyper_util::client::legacy::connect::http] tcp set_tcp_user_timeout error: Protocol not available (os error 92)
[2026-10-05--23-09-46 WARN hyper_util::client::legacy::connect::http] tcp set_tcp_user_timeout error: Protocol not available (os error 92)
[2026-10-05--23-09-46 WARN hyper_util::client::legacy::connect::http] tcp set_tcp_user_timeout error: Protocol not available (os error 92)
[2026-10-05--23-09-47 WARN hyper_util::client::legacy::connect::http] tcp set_tcp_user_timeout error: Protocol not available (os error 92)
[2026-10-05--23-09-47 WARN hyper_util::client::legacy::connect::http] tcp set_tcp_user_timeout error: Protocol not available (os error 92)
[2026-10-05--23-09-47 WARN hyper_util::client::legacy::connect::http] tcp set_tcp_user_timeout error: Protocol not available (os error 92)
[2026-10-05--23-09-47 WARN hyper_util::client::legacy::connect::http] tcp set_tcp_user_timeout error: Protocol not available (os error 92)
[2026-10-05--23-09-47 WARN hyper_util::client::legacy::connect::http] tcp set_tcp_user_timeout error: Protocol not available (os error 92)
[2026-10-05--23-09-47 WARN hyper_util::client::legacy::connect::http] tcp set_tcp_user_timeout error: Protocol not available (os error 92)
[2026-10-05--23-09-47 WARN hyper_util::client::legacy::connect::http] tcp set_tcp_user_timeout error: Protocol not available (os error 92)
[2026-10-05--23-09-47 WARN hyper_util::client::legacy::connect::http] tcp set_tcp_user_timeout error: Protocol not available (os error 92)
[2026-10-05--23-09-47 WARN hyper_util::client::legacy::connect::http] tcp set_tcp_user_timeout error: Protocol not available (os error 92)
[2026-10-05--23-09-47 WARN hyper_util::client::legacy::connect::http] tcp set_tcp_user_timeout error: Protocol not available (os error 92)
[2026-10-05--23-09-47 WARN hyper_util::client::legacy::connect::http] tcp set_tcp_user_timeout error: Protocol not available (os error 92)
[2026-10-05--23-09-47 WARN hyper_util::client::legacy::connect::http] tcp set_tcp_user_timeout error: Protocol not available (os error 92)
[2026-10-05--23-09-47 WARN hyper_util::client::legacy::connect::http] tcp set_tcp_user_timeout error: Protocol not available (os error 92)
[2026-10-05--23-09-47 WARN hyper_util::client::legacy::connect::http] tcp set_tcp_user_timeout error: Protocol not available (os error 92)
[2026-10-05--23-09-47 WARN hyper_util::client::legacy::connect::http] tcp set_tcp_user_timeout error: Protocol not available (os error 92)
[2026-10-05--23-09-47 WARN hyper_util::client::legacy::connect::http] tcp set_tcp_user_timeout error: Protocol not available (os error 92)
[2026-10-05--23-09-47 WARN hyper_util::client::legacy::connect::http] tcp set_tcp_user_timeout error: Protocol not available (os error 92)
[2026-10-05--23-09-47 WARN hyper_util::client::legacy::connect::http] tcp set_tcp_user_timeout error: Protocol not available (os error 92)
[2026-10-05--23-09-47 WARN hyper_util::client::legacy::connect::http] tcp set_tcp_user_timeout error: Protocol not available (os error 92)
[2026-10-05--23-09-47 WARN hyper_util::client::legacy::connect::http] tcp set_tcp_user_timeout error: Protocol not available (os error 92)
[2026-10-05--23-09-47 WARN hyper_util::client::legacy::connect::http] tcp set_tcp_user_timeout error: Protocol not available (os error 92)
[2026-10-05--23-09-47 WARN hyper_util::client::legacy::connect::http] tcp set_tcp_user_timeout error: Protocol not available (os error 92)
[2026-10-05--23-09-47 WARN hyper_util::client::legacy::connect::http] tcp set_tcp_user_timeout error: Protocol not available (os error 92)
[2026-10-05--23-09-47 WARN hyper_util::client::legacy::connect::http] tcp set_tcp_user_timeout error: Protocol not available (os error 92)
[2026-10-05--23-09-47 WARN hyper_util::client::legacy::connect::http] tcp set_tcp_user_timeout error: Protocol not available (os error 92)
[2026-10-05--23-09-47 WARN hyper_util::client::legacy::connect::http] tcp set_tcp_user_timeout error: Protocol not available (os error 92)
[2026-10-05--23-09-47 WARN hyper_util::client::legacy::connect::http] tcp set_tcp_user_timeout error: Protocol not available (os error 92)
[2026-10-05--23-09-47 WARN hyper_util::client::legacy::connect::http] tcp set_tcp_user_timeout error: Protocol not available (os error 92)
[2026-10-05--23-09-47 WARN hyper_util::client::legacy::connect::http] tcp set_tcp_user_timeout error: Protocol not available (os error 92)
[2026-10-05--23-09-47 WARN hyper_util::client::legacy::connect::http] tcp set_tcp_user_timeout error: Protocol not available (os error 92)
[2026-10-05--23-09-47 WARN hyper_util::client::legacy::connect::http] tcp set_tcp_user_timeout error: Protocol not available (os error 92)
[2026-10-05--23-09-47 WARN hyper_util::client::legacy::connect::http] tcp set_tcp_user_timeout error: Protocol not available (os error 92)
[2026-10-05--23-09-47 WARN hyper_util::client::legacy::connect::http] tcp set_tcp_user_timeout error: Protocol not available (os error 92)
[2026-10-05--23-09-47 WARN hyper_util::client::legacy::connect::http] tcp set_tcp_user_timeout error: Protocol not available (os error 92)
[2026-10-05--23-09-47 WARN hyper_util::client::legacy::connect::http] tcp set_tcp_user_timeout error: Protocol not available (os error 92)
[2026-10-05--23-09-47 WARN hyper_util::client::legacy::connect::http] tcp set_tcp_user_timeout error: Protocol not available (os error 92)
[2026-10-05--23-09-47 WARN hyper_util::client::legacy::connect::http] tcp set_tcp_user_timeout error: Protocol not available (os error 92)
[2026-10-05--23-09-47 WARN hyper_util::client::legacy::connect::http] tcp set_tcp_user_timeout error: Protocol not available (os error 92)
[2026-10-05--23-09-47 WARN hyper_util::client::legacy::connect::http] tcp set_tcp_user_timeout error: Protocol not available (os error 92)
[2026-10-05--23-09-47 WARN hyper_util::client::legacy::connect::http] tcp set_tcp_user_timeout error: Protocol not available (os error 92)
[2026-10-05--23-09-47 WARN hyper_util::client::legacy::connect::http] tcp set_tcp_user_timeout error: Protocol not available (os error 92)
[2026-10-05--23-09-47 WARN hyper_util::client::legacy::connect::http] tcp set_tcp_user_timeout error: Protocol not available (os error 92)
[2026-10-05--23-09-47 WARN hyper_util::client::legacy::connect::http] tcp set_tcp_user_timeout error: Protocol not available (os error 92)
[2026-10-05--23-09-47 WARN hyper_util::client::legacy::connect::http] tcp set_tcp_user_timeout error: Protocol not available (os error 92)
[2026-10-05--23-09-47 WARN hyper_util::client::legacy::connect::http] tcp set_tcp_user_timeout error: Protocol not available (os error 92)
[2026-10-05--23-09-47 WARN hyper_util::client::legacy::connect::http] tcp set_tcp_user_timeout error: Protocol not available (os error 92)
[2026-10-05--23-09-47 WARN hyper_util::client::legacy::connect::http] tcp set_tcp_user_timeout error: Protocol not available (os error 92)
[2026-10-05--23-09-47 WARN hyper_util::client::legacy::connect::http] tcp set_tcp_user_timeout error: Protocol not available (os error 92)
[2026-10-05--23-09-47 WARN hyper_util::client::legacy::connect::http] tcp set_tcp_user_timeout error: Protocol not available (os error 92)
[2026-10-05--23-09-47 WARN hyper_util::client::legacy::connect::http] tcp set_tcp_user_timeout error: Protocol not available (os error 92)
[2026-10-05--23-09-47 WARN hyper_util::client::legacy::connect::http] tcp set_tcp_user_timeout error: Protocol not available (os error 92)
[2026-10-05--23-09-47 WARN hyper_util::client::legacy::connect::http] tcp set_tcp_user_timeout error: Protocol not available (os error 92)
[2026-10-05--23-09-47 WARN hyper_util::client::legacy::connect::http] tcp set_tcp_user_timeout error: Protocol not available (os error 92)
[2026-10-05--23-09-47 WARN hyper_util::client::legacy::connect::http] tcp set_tcp_user_timeout error: Protocol not available (os error 92)
[2026-10-05--23-09-47 WARN hyper_util::client::legacy::connect::http] tcp set_tcp_user_timeout error: Protocol not available (os error 92)
[2026-10-05--23-09-47 WARN hyper_util::client::legacy::connect::http] tcp set_tcp_user_timeout error: Protocol not available (os error 92)
[2026-10-05--23-09-47 WARN hyper_util::client::legacy::connect::http] tcp set_tcp_user_timeout error: Protocol not available (os error 92)
[2026-10-05--23-09-47 WARN hyper_util::client::legacy::connect::http] tcp set_tcp_user_timeout error: Protocol not available (os error 92)
[2026-10-05--23-09-47 WARN hyper_util::client::legacy::connect::http] tcp set_tcp_user_timeout error: Protocol not available (os error 92)
[2026-10-05--23-09-47 WARN hyper_util::client::legacy::connect::http] tcp set_tcp_user_timeout error: Protocol not available (os error 92)
[2026-10-05--23-09-47 WARN hyper_util::client::legacy::connect::http] tcp set_tcp_user_timeout error: Protocol not available (os error 92)
[2026-10-05--23-09-47 WARN hyper_util::client::legacy::connect::http] tcp set_tcp_user_timeout error: Protocol not available (os error 92)
[2026-10-05--23-09-47 WARN hyper_util::client::legacy::connect::http] tcp set_tcp_user_timeout error: Protocol not available (os error 92)
[2026-10-05--23-09-47 WARN hyper_util::client::legacy::connect::http] tcp set_tcp_user_timeout error: Protocol not available (os error 92)
[2026-10-05--23-09-47 WARN hyper_util::client::legacy::connect::http] tcp set_tcp_user_timeout error: Protocol not available (os error 92)
[2026-10-05--23-09-47 WARN hyper_util::client::legacy::connect::http] tcp set_tcp_user_timeout error: Protocol not available (os error 92)
[2026-10-05--23-09-47 WARN hyper_util::client::legacy::connect::http] tcp set_tcp_user_timeout error: Protocol not available (os error 92)
[2026-10-05--23-09-47 WARN hyper_util::client::legacy::connect::http] tcp set_tcp_user_timeout error: Protocol not available (os error 92)
[2026-10-05--23-09-47 WARN hyper_util::client::legacy::connect::http] tcp set_tcp_user_timeout error: Protocol not available (os error 92)
[2026-10-05--23-09-47 WARN hyper_util::client::legacy::connect::http] tcp set_tcp_user_timeout error: Protocol not available (os error 92)
[2026-10-05--23-09-48 WARN hyper_util::client::legacy::connect::http] tcp set_tcp_user_timeout error: Protocol not available (os error 92)
[2026-10-05--23-09-48 WARN hyper_util::client::legacy::connect::http] tcp set_tcp_user_timeout error: Protocol not available (os error 92)
[2026-10-05--23-09-48 WARN hyper_util::client::legacy::connect::http] tcp set_tcp_user_timeout error: Protocol not available (os error 92)
[2026-10-05--23-09-48 WARN hyper_util::client::legacy::connect::http] tcp set_tcp_user_timeout error: Protocol not available (os error 92)
[2026-10-05--23-09-48 WARN hyper_util::client::legacy::connect::http] tcp set_tcp_user_timeout error: Protocol not available (os error 92)
[2026-10-05--23-09-48 WARN hyper_util::client::legacy::connect::http] tcp set_tcp_user_timeout error: Protocol not available (os error 92)
[2026-10-05--23-09-48 WARN hyper_util::client::legacy::connect::http] tcp set_tcp_user_timeout error: Protocol not available (os error 92)
[2026-10-05--23-09-48 WARN hyper_util::client::legacy::connect::http] tcp set_tcp_user_timeout error: Protocol not available (os error 92)
[2026-10-05--23-09-48 WARN hyper_util::client::legacy::connect::http] tcp set_tcp_user_timeout error: Protocol not available (os error 92)
[2026-10-05--23-09-48 WARN hyper_util::client::legacy::connect::http] tcp set_tcp_user_timeout error: Protocol not available (os error 92)
[2026-10-05--23-09-48 WARN hyper_util::client::legacy::connect::http] tcp set_tcp_user_timeout error: Protocol not available (os error 92)
[2026-10-05--23-09-48 WARN hyper_util::client::legacy::connect::http] tcp set_tcp_user_timeout error: Protocol not available (os error 92)
[2026-10-05--23-09-48 WARN hyper_util::client::legacy::connect::http] tcp set_tcp_user_timeout error: Protocol not available (os error 92)
[2026-10-05--23-09-48 WARN hyper_util::client::legacy::connect::http] tcp set_tcp_user_timeout error: Protocol not available (os error 92)
[2026-10-05--23-09-48 WARN hyper_util::client::legacy::connect::http] tcp set_tcp_user_timeout error: Protocol not available (os error 92)
[2026-10-05--23-09-48 WARN hyper_util::client::legacy::connect::http] tcp set_tcp_user_timeout error: Protocol not available (os error 92)
[2026-10-05--23-09-48 WARN hyper_util::client::legacy::connect::http] tcp set_tcp_user_timeout error: Protocol not available (os error 92)
[2026-10-05--23-09-48 WARN hyper_util::client::legacy::connect::http] tcp set_tcp_user_timeout error: Protocol not available (os error 92)
[2026-10-05--23-09-48 WARN hyper_util::client::legacy::connect::http] tcp set_tcp_user_timeout error: Protocol not available (os error 92)
[2026-10-05--23-09-48 WARN hyper_util::client::legacy::connect::http] tcp set_tcp_user_timeout error: Protocol not available (os error 92)
[2026-10-05--23-09-48 WARN hyper_util::client::legacy::connect::http] tcp set_tcp_user_timeout error: Protocol not available (os error 92)
[2026-10-05--23-09-48 WARN hyper_util::client::legacy::connect::http] tcp set_tcp_user_timeout error: Protocol not available (os error 92)
[2026-10-05--23-09-48 WARN hyper_util::client::legacy::connect::http] tcp set_tcp_user_timeout error: Protocol not available (os error 92)
[2026-10-05--23-09-48 WARN hyper_util::client::legacy::connect::http] tcp set_tcp_user_timeout error: Protocol not available (os error 92)
[2026-10-05--23-09-48 WARN hyper_util::client::legacy::connect::http] tcp set_tcp_user_timeout error: Protocol not available (os error 92)
[2026-10-05--23-09-48 WARN hyper_util::client::legacy::connect::http] tcp set_tcp_user_timeout error: Protocol not available (os error 92)
[2026-10-05--23-09-48 WARN hyper_util::client::legacy::connect::http] tcp set_tcp_user_timeout error: Protocol not available (os error 92)
[2026-10-05--23-09-48 WARN hyper_util::client::legacy::connect::http] tcp set_tcp_user_timeout error: Protocol not available (os error 92)
[2026-10-05--23-09-48 WARN hyper_util::client::legacy::connect::http] tcp set_tcp_user_timeout error: Protocol not available (os error 92)
[2026-10-05--23-09-48 WARN hyper_util::client::legacy::connect::http] tcp set_tcp_user_timeout error: Protocol not available (os error 92)
[2026-10-05--23-09-48 WARN hyper_util::client::legacy::connect::http] tcp set_tcp_user_timeout error: Protocol not available (os error 92)
[2026-10-05--23-09-48 WARN hyper_util::client::legacy::connect::http] tcp set_tcp_user_timeout error: Protocol not available (os error 92)
[2026-10-05--23-09-48 WARN hyper_util::client::legacy::connect::http] tcp set_tcp_user_timeout error: Protocol not available (os error 92)
[2026-10-05--23-09-48 WARN hyper_util::client::legacy::connect::http] tcp set_tcp_user_timeout error: Protocol not available (os error 92)
[2026-10-05--23-09-48 WARN hyper_util::client::legacy::connect::http] tcp set_tcp_user_timeout error: Protocol not available (os error 92)
[2026-10-05--23-09-48 WARN hyper_util::client::legacy::connect::http] tcp set_tcp_user_timeout error: Protocol not available (os error 92)
[2026-10-05--23-09-48 WARN hyper_util::client::legacy::connect::http] tcp set_tcp_user_timeout error: Protocol not available (os error 92)
[2026-10-05--23-09-48 WARN hyper_util::client::legacy::connect::http] tcp set_tcp_user_timeout error: Protocol not available (os error 92)
[2026-10-05--23-09-48 WARN hyper_util::client::legacy::connect::http] tcp set_tcp_user_timeout error: Protocol not available (os error 92)
[2026-10-05--23-09-48 WARN hyper_util::client::legacy::connect::http] tcp set_tcp_user_timeout error: Protocol not available (os error 92)
[2026-10-05--23-09-48 WARN hyper_util::client::legacy::connect::http] tcp set_tcp_user_timeout error: Protocol not available (os error 92)
[2026-10-05--23-09-48 WARN hyper_util::client::legacy::connect::http] tcp set_tcp_user_timeout error: Protocol not available (os error 92)
[2026-10-05--23-09-48 WARN hyper_util::client::legacy::connect::http] tcp set_tcp_user_timeout error: Protocol not available (os error 92)
[2026-10-05--23-09-48 WARN hyper_util::client::legacy::connect::http] tcp set_tcp_user_timeout error: Protocol not available (os error 92)
[2026-10-05--23-09-48 WARN hyper_util::client::legacy::connect::http] tcp set_tcp_user_timeout error: Protocol not available (os error 92)
[2026-10-05--23-09-48 WARN hyper_util::client::legacy::connect::http] tcp set_tcp_user_timeout error: Protocol not available (os error 92)
[2026-10-05--23-09-48 WARN hyper_util::client::legacy::connect::http] tcp set_tcp_user_timeout error: Protocol not available (os error 92)
[2026-10-05--23-09-48 WARN hyper_util::client::legacy::connect::http] tcp set_tcp_user_timeout error: Protocol not available (os error 92)
[2026-10-05--23-09-48 WARN hyper_util::client::legacy::connect::http] tcp set_tcp_user_timeout error: Protocol not available (os error 92)
[2026-10-05--23-09-48 WARN hyper_util::client::legacy::connect::http] tcp set_tcp_user_timeout error: Protocol not available (os error 92)
[2026-10-05--23-09-48 WARN hyper_util::client::legacy::connect::http] tcp set_tcp_user_timeout error: Protocol not available (os error 92)
[2026-10-05--23-09-48 WARN hyper_util::client::legacy::connect::http] tcp set_tcp_user_timeout error: Protocol not available (os error 92)
[2026-10-05--23-09-48 WARN hyper_util::client::legacy::connect::http] tcp set_tcp_user_timeout error: Protocol not available (os error 92)
[2026-10-05--23-09-48 WARN hyper_util::client::legacy::connect::http] tcp set_tcp_user_timeout error: Protocol not available (os error 92)
[2026-10-05--23-09-48 WARN hyper_util::client::legacy::connect::http] tcp set_tcp_user_timeout error: Protocol not available (os error 92)
[2026-10-05--23-09-48 WARN hyper_util::client::legacy::connect::http] tcp set_tcp_user_timeout error: Protocol not available (os error 92)
[2026-10-05--23-09-48 WARN hyper_util::client::legacy::connect::http] tcp set_tcp_user_timeout error: Protocol not available (os error 92)
[2026-10-05--23-09-48 WARN hyper_util::client::legacy::connect::http] tcp set_tcp_user_timeout error: Protocol not available (os error 92)
[2026-10-05--23-09-48 WARN hyper_util::client::legacy::connect::http] tcp set_tcp_user_timeout error: Protocol not available (os error 92)
[2026-10-05--23-09-48 WARN hyper_util::client::legacy::connect::http] tcp set_tcp_user_timeout error: Protocol not available (os error 92)
[2026-10-05--23-09-48 WARN hyper_util::client::legacy::connect::http] tcp set_tcp_user_timeout error: Protocol not available (os error 92)
[2026-10-05--23-09-48 WARN hyper_util::client::legacy::connect::http] tcp set_tcp_user_timeout error: Protocol not available (os error 92)
[2026-10-05--23-09-48 WARN hyper_util::client::legacy::connect::http] tcp set_tcp_user_timeout error: Protocol not available (os error 92)
[2026-10-05--23-09-48 WARN hyper_util::client::legacy::connect::http] tcp set_tcp_user_timeout error: Protocol not available (os error 92)
[2026-10-05--23-09-48 WARN hyper_util::client::legacy::connect::http] tcp set_tcp_user_timeout error: Protocol not available (os error 92)
[2026-10-05--23-09-48 WARN hyper_util::client::legacy::connect::http] tcp set_tcp_user_timeout error: Protocol not available (os error 92)
[2026-10-05--23-09-48 WARN hyper_util::client::legacy::connect::http] tcp set_tcp_user_timeout error: Protocol not available (os error 92)
[2026-10-05--23-09-48 WARN hyper_util::client::legacy::connect::http] tcp set_tcp_user_timeout error: Protocol not available (os error 92)
[2026-10-05--23-09-48 WARN hyper_util::client::legacy::connect::http] tcp set_tcp_user_timeout error: Protocol not available (os error 92)
[2026-10-05--23-09-48 WARN hyper_util::client::legacy::connect::http] tcp set_tcp_user_timeout error: Protocol not available (os error 92)
[2026-10-05--23-09-48 WARN hyper_util::client::legacy::connect::http] tcp set_tcp_user_timeout error: Protocol not available (os error 92)
[2026-10-05--23-09-48 WARN hyper_util::client::legacy::connect::http] tcp set_tcp_user_timeout error: Protocol not available (os error 92)
[2026-10-05--23-09-48 WARN hyper_util::client::legacy::connect::http] tcp set_tcp_user_timeout error: Protocol not available (os error 92)
[2026-10-05--23-09-48 WARN hyper_util::client::legacy::connect::http] tcp set_tcp_user_timeout error: Protocol not available (os error 92)
[2026-10-05--23-09-48 WARN hyper_util::client::legacy::connect::http] tcp set_tcp_user_timeout error: Protocol not available (os error 92)
[2026-10-05--23-09-49 WARN hyper_util::client::legacy::connect::http] tcp set_tcp_user_timeout error: Protocol not available (os error 92)
[2026-10-05--23-09-49 WARN hyper_util::client::legacy::connect::http] tcp set_tcp_user_timeout error: Protocol not available (os error 92)
[2026-10-05--23-09-49 WARN hyper_util::client::legacy::connect::http] tcp set_tcp_user_timeout error: Protocol not available (os error 92)
[2026-10-05--23-09-49 WARN hyper_util::client::legacy::connect::http] tcp set_tcp_user_timeout error: Protocol not available (os error 92)
[2026-10-05--23-09-49 WARN hyper_util::client::legacy::connect::http] tcp set_tcp_user_timeout error: Protocol not available (os error 92)
[2026-10-05--23-09-49 WARN hyper_util::client::legacy::connect::http] tcp set_tcp_user_timeout error: Protocol not available (os error 92)
[2026-10-05--23-09-49 WARN hyper_util::client::legacy::connect::http] tcp set_tcp_user_timeout error: Protocol not available (os error 92)
[2026-10-05--23-09-49 WARN hyper_util::client::legacy::connect::http] tcp set_tcp_user_timeout error: Protocol not available (os error 92)
[2026-10-05--23-09-49 WARN hyper_util::client::legacy::connect::http] tcp set_tcp_user_timeout error: Protocol not available (os error 92)
[2026-10-05--23-09-49 WARN hyper_util::client::legacy::connect::http] tcp set_tcp_user_timeout error: Protocol not available (os error 92)
[2026-10-05--23-09-49 WARN hyper_util::client::legacy::connect::http] tcp set_tcp_user_timeout error: Protocol not available (os error 92)
[2026-10-05--23-09-49 WARN hyper_util::client::legacy::connect::http] tcp set_tcp_user_timeout error: Protocol not available (os error 92)
[2026-10-05--23-09-49 WARN hyper_util::client::legacy::connect::http] tcp set_tcp_user_timeout error: Protocol not available (os error 92)
[2026-10-05--23-09-49 WARN hyper_util::client::legacy::connect::http] tcp set_tcp_user_timeout error: Protocol not available (os error 92)
[2026-10-05--23-09-49 WARN hyper_util::client::legacy::connect::http] tcp set_tcp_user_timeout error: Protocol not available (os error 92)
[2026-10-05--23-09-49 WARN hyper_util::client::legacy::connect::http] tcp set_tcp_user_timeout error: Protocol not available (os error 92)
[2026-10-05--23-09-49 WARN hyper_util::client::legacy::connect::http] tcp set_tcp_user_timeout error: Protocol not available (os error 92)
[2026-10-05--23-09-49 WARN hyper_util::client::legacy::connect::http] tcp set_tcp_user_timeout error: Protocol not available (os error 92)
[2026-10-05--23-09-49 WARN hyper_util::client::legacy::connect::http] tcp set_tcp_user_timeout error: Protocol not available (os error 92)
[2026-10-05--23-09-49 WARN hyper_util::client::legacy::connect::http] tcp set_tcp_user_timeout error: Protocol not available (os error 92)
[2026-10-05--23-09-49 WARN hyper_util::client::legacy::connect::http] tcp set_tcp_user_timeout error: Protocol not available (os error 92)
[2026-10-05--23-09-49 WARN hyper_util::client::legacy::connect::http] tcp set_tcp_user_timeout error: Protocol not available (os error 92)
[2026-10-05--23-09-49 WARN hyper_util::client::legacy::connect::http] tcp set_tcp_user_timeout error: Protocol not available (os error 92)
[2026-10-05--23-09-49 WARN hyper_util::client::legacy::connect::http] tcp set_tcp_user_timeout error: Protocol not available (os error 92)
[2026-10-05--23-09-49 WARN hyper_util::client::legacy::connect::http] tcp set_tcp_user_timeout error: Protocol not available (os error 92)
[2026-10-05--23-09-49 WARN hyper_util::client::legacy::connect::http] tcp set_tcp_user_timeout error: Protocol not available (os error 92)
[2026-10-05--23-09-49 WARN hyper_util::client::legacy::connect::http] tcp set_tcp_user_timeout error: Protocol not available (os error 92)
[2026-10-05--23-09-49 WARN hyper_util::client::legacy::connect::http] tcp set_tcp_user_timeout error: Protocol not available (os error 92)
[2026-10-05--23-09-49 WARN hyper_util::client::legacy::connect::http] tcp set_tcp_user_timeout error: Protocol not available (os error 92)
[2026-10-05--23-09-49 WARN hyper_util::client::legacy::connect::http] tcp set_tcp_user_timeout error: Protocol not available (os error 92)
[2026-10-05--23-09-49 WARN hyper_util::client::legacy::connect::http] tcp set_tcp_user_timeout error: Protocol not available (os error 92)
[2026-10-05--23-09-49 WARN hyper_util::client::legacy::connect::http] tcp set_tcp_user_timeout error: Protocol not available (os error 92)
[2026-10-05--23-09-49 WARN hyper_util::client::legacy::connect::http] tcp set_tcp_user_timeout error: Protocol not available (os error 92)
[2026-10-05--23-09-49 WARN hyper_util::client::legacy::connect::http] tcp set_tcp_user_timeout error: Protocol not available (os error 92)
[2026-10-05--23-09-49 WARN hyper_util::client::legacy::connect::http] tcp set_tcp_user_timeout error: Protocol not available (os error 92)
[2026-10-05--23-09-49 WARN hyper_util::client::legacy::connect::http] tcp set_tcp_user_timeout error: Protocol not available (os error 92)
[2026-10-05--23-09-49 WARN hyper_util::client::legacy::connect::http] tcp set_tcp_user_timeout error: Protocol not available (os error 92)
[2026-10-05--23-09-49 WARN hyper_util::client::legacy::connect::http] tcp set_tcp_user_timeout error: Protocol not available (os error 92)
[2026-10-05--23-09-49 WARN hyper_util::client::legacy::connect::http] tcp set_tcp_user_timeout error: Protocol not available (os error 92)
[2026-10-05--23-09-49 WARN hyper_util::client::legacy::connect::http] tcp set_tcp_user_timeout error: Protocol not available (os error 92)
[2026-10-05--23-09-49 WARN hyper_util::client::legacy::connect::http] tcp set_tcp_user_timeout error: Protocol not available (os error 92)
[2026-10-05--23-09-49 WARN hyper_util::client::legacy::connect::http] tcp set_tcp_user_timeout error: Protocol not available (os error 92)
[2026-10-05--23-09-49 WARN hyper_util::client::legacy::connect::http] tcp set_tcp_user_timeout error: Protocol not available (os error 92)
[2026-10-05--23-09-49 WARN hyper_util::client::legacy::connect::http] tcp set_tcp_user_timeout error: Protocol not available (os error 92)
[2026-10-05--23-09-49 WARN hyper_util::client::legacy::connect::http] tcp set_tcp_user_timeout error: Protocol not available (os error 92)
[2026-10-05--23-09-49 WARN hyper_util::client::legacy::connect::http] tcp set_tcp_user_timeout error: Protocol not available (os error 92)
[2026-10-05--23-09-49 WARN hyper_util::client::legacy::connect::http] tcp set_tcp_user_timeout error: Protocol not available (os error 92)
[2026-10-05--23-09-49 WARN hyper_util::client::legacy::connect::http] tcp set_tcp_user_timeout error: Protocol not available (os error 92)
[2026-10-05--23-09-49 WARN hyper_util::client::legacy::connect::http] tcp set_tcp_user_timeout error: Protocol not available (os error 92)
[2026-10-05--23-09-49 WARN hyper_util::client::legacy::connect::http] tcp set_tcp_user_timeout error: Protocol not available (os error 92)
[2026-10-05--23-09-49 WARN hyper_util::client::legacy::connect::http] tcp set_tcp_user_timeout error: Protocol not available (os error 92)
[2026-10-05--23-09-49 WARN hyper_util::client::legacy::connect::http] tcp set_tcp_user_timeout error: Protocol not available (os error 92)
[2026-10-05--23-09-49 WARN hyper_util::client::legacy::connect::http] tcp set_tcp_user_timeout error: Protocol not available (os error 92)
[2026-10-05--23-09-49 WARN hyper_util::client::legacy::connect::http] tcp set_tcp_user_timeout error: Protocol not available (os error 92)
[2026-10-05--23-09-49 WARN hyper_util::client::legacy::connect::http] tcp set_tcp_user_timeout error: Protocol not available (os error 92)
[2026-10-05--23-09-49 WARN hyper_util::client::legacy::connect::http] tcp set_tcp_user_timeout error: Protocol not available (os error 92)
[2026-10-05--23-09-49 WARN hyper_util::client::legacy::connect::http] tcp set_tcp_user_timeout error: Protocol not available (os error 92)
[2026-10-05--23-09-49 WARN hyper_util::client::legacy::connect::http] tcp set_tcp_user_timeout error: Protocol not available (os error 92)
[2026-10-05--23-09-49 WARN hyper_util::client::legacy::connect::http] tcp set_tcp_user_timeout error: Protocol not available (os error 92)
[2026-10-05--23-09-49 WARN hyper_util::client::legacy::connect::http] tcp set_tcp_user_timeout error: Protocol not available (os error 92)
[2026-10-05--23-09-49 WARN hyper_util::client::legacy::connect::http] tcp set_tcp_user_timeout error: Protocol not available (os error 92)
[2026-10-05--23-09-49 WARN hyper_util::client::legacy::connect::http] tcp set_tcp_user_timeout error: Protocol not available (os error 92)
[2026-10-05--23-09-49 WARN hyper_util::client::legacy::connect::http] tcp set_tcp_user_timeout error: Protocol not available (os error 92)
[2026-10-05--23-09-49 WARN hyper_util::client::legacy::connect::http] tcp set_tcp_user_timeout error: Protocol not available (os error 92)
[2026-10-05--23-09-49 WARN hyper_util::client::legacy::connect::http] tcp set_tcp_user_timeout error: Protocol not available (os error 92)
[2026-10-05--23-09-49 WARN hyper_util::client::legacy::connect::http] tcp set_tcp_user_timeout error: Protocol not available (os error 92)
[2026-10-05--23-09-49 WARN hyper_util::client::legacy::connect::http] tcp set_tcp_user_timeout error: Protocol not available (os error 92)
[2026-10-05--23-09-49 WARN hyper_util::client::legacy::connect::http] tcp set_tcp_user_timeout error: Protocol not available (os error 92)
[2026-10-05--23-09-49 WARN hyper_util::client::legacy::connect::http] tcp set_tcp_user_timeout error: Protocol not available (os error 92)
[2026-10-05--23-09-49 WARN hyper_util::client::legacy::connect::http] tcp set_tcp_user_timeout error: Protocol not available (os error 92)
[2026-10-05--23-09-49 WARN hyper_util::client::legacy::connect::http] tcp set_tcp_user_timeout error: Protocol not available (os error 92)
[2026-10-05--23-09-49 WARN hyper_util::client::legacy::connect::http] tcp set_tcp_user_timeout error: Protocol not available (os error 92)
[2026-10-05--23-09-49 WARN hyper_util::client::legacy::connect::http] tcp set_tcp_user_timeout error: Protocol not available (os error 92)
[2026-10-05--23-09-49 WARN hyper_util::client::legacy::connect::http] tcp set_tcp_user_timeout error: Protocol not available (os error 92)
[2026-10-05--23-09-49 WARN hyper_util::client::legacy::connect::http] tcp set_tcp_user_timeout error: Protocol not available (os error 92)
[2026-10-05--23-09-49 WARN hyper_util::client::legacy::connect::http] tcp set_tcp_user_timeout error: Protocol not available (os error 92)
[2026-10-05--23-09-49 WARN hyper_util::client::legacy::connect::http] tcp set_tcp_user_timeout error: Protocol not available (os error 92)
[2026-10-05--23-09-49 WARN hyper_util::client::legacy::connect::http] tcp set_tcp_user_timeout error: Protocol not available (os error 92)
[2026-10-05--23-09-50 WARN hyper_util::client::legacy::connect::http] tcp set_tcp_user_timeout error: Protocol not available (os error 92)
[2026-10-05--23-09-50 WARN hyper_util::client::legacy::connect::http] tcp set_tcp_user_timeout error: Protocol not available (os error 92)
[2026-10-05--23-09-50 WARN hyper_util::client::legacy::connect::http] tcp set_tcp_user_timeout error: Protocol not available (os error 92)
[2026-10-05--23-09-50 WARN hyper_util::client::legacy::connect::http] tcp set_tcp_user_timeout error: Protocol not available (os error 92)
[2026-10-05--23-09-50 WARN hyper_util::client::legacy::connect::http] tcp set_tcp_user_timeout error: Protocol not available (os error 92)
[2026-10-05--23-09-50 WARN hyper_util::client::legacy::connect::http] tcp set_tcp_user_timeout error: Protocol not available (os error 92)
[2026-10-05--23-09-50 WARN hyper_util::client::legacy::connect::http] tcp set_tcp_user_timeout error: Protocol not available (os error 92)
[2026-10-05--23-09-50 WARN hyper_util::client::legacy::connect::http] tcp set_tcp_user_timeout error: Protocol not available (os error 92)
[2026-10-05--23-09-50 WARN hyper_util::client::legacy::connect::http] tcp set_tcp_user_timeout error: Protocol not available (os error 92)
[2026-10-05--23-09-50 WARN hyper_util::client::legacy::connect::http] tcp set_tcp_user_timeout error: Protocol not available (os error 92)
[2026-10-05--23-09-50 WARN hyper_util::client::legacy::connect::http] tcp set_tcp_user_timeout error: Protocol not available (os error 92)
[2026-10-05--23-09-50 WARN hyper_util::client::legacy::connect::http] tcp set_tcp_user_timeout error: Protocol not available (os error 92)
[2026-10-05--23-09-50 WARN hyper_util::client::legacy::connect::http] tcp set_tcp_user_timeout error: Protocol not available (os error 92)
[2026-10-05--23-09-50 WARN hyper_util::client::legacy::connect::http] tcp set_tcp_user_timeout error: Protocol not available (os error 92)
[2026-10-05--23-09-50 WARN hyper_util::client::legacy::connect::http] tcp set_tcp_user_timeout error: Protocol not available (os error 92)
[2026-10-05--23-09-50 WARN hyper_util::client::legacy::connect::http] tcp set_tcp_user_timeout error: Protocol not available (os error 92)
[2026-10-05--23-09-50 WARN hyper_util::client::legacy::connect::http] tcp set_tcp_user_timeout error: Protocol not available (os error 92)
[2026-10-05--23-09-50 WARN hyper_util::client::legacy::connect::http] tcp set_tcp_user_timeout error: Protocol not available (os error 92)
[2026-10-05--23-09-50 WARN hyper_util::client::legacy::connect::http] tcp set_tcp_user_timeout error: Protocol not available (os error 92)
[2026-10-05--23-09-50 WARN hyper_util::client::legacy::connect::http] tcp set_tcp_user_timeout error: Protocol not available (os error 92)
[2026-10-05--23-09-50 WARN hyper_util::client::legacy::connect::http] tcp set_tcp_user_timeout error: Protocol not available (os error 92)
[2026-10-05--23-09-50 WARN hyper_util::client::legacy::connect::http] tcp set_tcp_user_timeout error: Protocol not available (os error 92)
[2026-10-05--23-09-50 WARN hyper_util::client::legacy::connect::http] tcp set_tcp_user_timeout error: Protocol not available (os error 92)
[2026-10-05--23-09-50 WARN hyper_util::client::legacy::connect::http] tcp set_tcp_user_timeout error: Protocol not available (os error 92)
[2026-10-05--23-09-50 WARN hyper_util::client::legacy::connect::http] tcp set_tcp_user_timeout error: Protocol not available (os error 92)
[2026-10-05--23-09-50 WARN hyper_util::client::legacy::connect::http] tcp set_tcp_user_timeout error: Protocol not available (os error 92)
[2026-10-05--23-09-50 WARN hyper_util::client::legacy::connect::http] tcp set_tcp_user_timeout error: Protocol not available (os error 92)
[2026-10-05--23-09-50 WARN hyper_util::client::legacy::connect::http] tcp set_tcp_user_timeout error: Protocol not available (os error 92)
[2026-10-05--23-09-50 WARN hyper_util::client::legacy::connect::http] tcp set_tcp_user_timeout error: Protocol not available (os error 92)
[2026-10-05--23-09-50 WARN hyper_util::client::legacy::connect::http] tcp set_tcp_user_timeout error: Protocol not available (os error 92)
[2026-10-05--23-09-50 WARN hyper_util::client::legacy::connect::http] tcp set_tcp_user_timeout error: Protocol not available (os error 92)
[2026-10-05--23-09-50 WARN hyper_util::client::legacy::connect::http] tcp set_tcp_user_timeout error: Protocol not available (os error 92)
[2026-10-05--23-09-50 WARN hyper_util::client::legacy::connect::http] tcp set_tcp_user_timeout error: Protocol not available (os error 92)
[2026-10-05--23-09-50 WARN hyper_util::client::legacy::connect::http] tcp set_tcp_user_timeout error: Protocol not available (os error 92)
[2026-10-05--23-09-50 WARN hyper_util::client::legacy::connect::http] tcp set_tcp_user_timeout error: Protocol not available (os error 92)
[2026-10-05--23-09-50 WARN hyper_util::client::legacy::connect::http] tcp set_tcp_user_timeout error: Protocol not available (os error 92)
[2026-10-05--23-09-50 WARN hyper_util::client::legacy::connect::http] tcp set_tcp_user_timeout error: Protocol not available (os error 92)
[2026-10-05--23-09-50 WARN hyper_util::client::legacy::connect::http] tcp set_tcp_user_timeout error: Protocol not available (os error 92)
[2026-10-05--23-09-50 WARN hyper_util::client::legacy::connect::http] tcp set_tcp_user_timeout error: Protocol not available (os error 92)
[2026-10-05--23-09-50 WARN hyper_util::client::legacy::connect::http] tcp set_tcp_user_timeout error: Protocol not available (os error 92)
[2026-10-05--23-09-50 WARN hyper_util::client::legacy::connect::http] tcp set_tcp_user_timeout error: Protocol not available (os error 92)
[2026-10-05--23-09-50 WARN hyper_util::client::legacy::connect::http] tcp set_tcp_user_timeout error: Protocol not available (os error 92)
[2026-10-05--23-09-50 WARN hyper_util::client::legacy::connect::http] tcp set_tcp_user_timeout error: Protocol not available (os error 92)
[2026-10-05--23-09-50 WARN hyper_util::client::legacy::connect::http] tcp set_tcp_user_timeout error: Protocol not available (os error 92)
[2026-10-05--23-09-50 WARN hyper_util::client::legacy::connect::http] tcp set_tcp_user_timeout error: Protocol not available (os error 92)
[2026-10-05--23-09-50 WARN hyper_util::client::legacy::connect::http] tcp set_tcp_user_timeout error: Protocol not available (os error 92)
[2026-10-05--23-09-50 WARN hyper_util::client::legacy::connect::http] tcp set_tcp_user_timeout error: Protocol not available (os error 92)
[2026-10-05--23-09-50 WARN hyper_util::client::legacy::connect::http] tcp set_tcp_user_timeout error: Protocol not available (os error 92)
[2026-10-05--23-09-50 WARN hyper_util::client::legacy::connect::http] tcp set_tcp_user_timeout error: Protocol not available (os error 92)
[2026-10-05--23-09-50 WARN hyper_util::client::legacy::connect::http] tcp set_tcp_user_timeout error: Protocol not available (os error 92)
[2026-10-05--23-09-50 WARN hyper_util::client::legacy::connect::http] tcp set_tcp_user_timeout error: Protocol not available (os error 92)
[2026-10-05--23-09-50 WARN hyper_util::client::legacy::connect::http] tcp set_tcp_user_timeout error: Protocol not available (os error 92)
[2026-10-05--23-09-50 WARN hyper_util::client::legacy::connect::http] tcp set_tcp_user_timeout error: Protocol not available (os error 92)
[2026-10-05--23-09-50 WARN hyper_util::client::legacy::connect::http] tcp set_tcp_user_timeout error: Protocol not available (os error 92)
[2026-10-05--23-09-50 WARN hyper_util::client::legacy::connect::http] tcp set_tcp_user_timeout error: Protocol not available (os error 92)
[2026-10-05--23-09-50 WARN hyper_util::client::legacy::connect::http] tcp set_tcp_user_timeout error: Protocol not available (os error 92)
[2026-10-05--23-09-50 WARN hyper_util::client::legacy::connect::http] tcp set_tcp_user_timeout error: Protocol not available (os error 92)
[2026-10-05--23-09-50 WARN hyper_util::client::legacy::connect::http] tcp set_tcp_user_timeout error: Protocol not available (os error 92)
[2026-10-05--23-09-50 WARN hyper_util::client::legacy::connect::http] tcp set_tcp_user_timeout error: Protocol not available (os error 92)
[2026-10-05--23-09-50 WARN hyper_util::client::legacy::connect::http] tcp set_tcp_user_timeout error: Protocol not available (os error 92)
[2026-10-05--23-09-50 WARN hyper_util::client::legacy::connect::http] tcp set_tcp_user_timeout error: Protocol not available (os error 92)
[2026-10-05--23-09-50 WARN hyper_util::client::legacy::connect::http] tcp set_tcp_user_timeout error: Protocol not available (os error 92)
[2026-10-05--23-09-50 WARN hyper_util::client::legacy::connect::http] tcp set_tcp_user_timeout error: Protocol not available (os error 92)
[2026-10-05--23-09-50 WARN hyper_util::client::legacy::connect::http] tcp set_tcp_user_timeout error: Protocol not available (os error 92)
[2026-10-05--23-09-50 WARN hyper_util::client::legacy::connect::http] tcp set_tcp_user_timeout error: Protocol not available (os error 92)
[2026-10-05--23-09-50 WARN hyper_util::client::legacy::connect::http] tcp set_tcp_user_timeout error: Protocol not available (os error 92)
[2026-10-05--23-09-50 WARN hyper_util::client::legacy::connect::http] tcp set_tcp_user_timeout error: Protocol not available (os error 92)
[2026-10-05--23-09-50 WARN hyper_util::client::legacy::connect::http] tcp set_tcp_user_timeout error: Protocol not available (os error 92)
[2026-10-05--23-09-50 WARN hyper_util::client::legacy::connect::http] tcp set_tcp_user_timeout error: Protocol not available (os error 92)
[2026-10-05--23-09-50 WARN hyper_util::client::legacy::connect::http] tcp set_tcp_user_timeout error: Protocol not available (os error 92)
[2026-10-05--23-09-50 WARN hyper_util::client::legacy::connect::http] tcp set_tcp_user_timeout error: Protocol not available (os error 92)
[2026-10-05--23-09-50 WARN hyper_util::client::legacy::connect::http] tcp set_tcp_user_timeout error: Protocol not available (os error 92)
[2026-10-05--23-09-51 WARN hyper_util::client::legacy::connect::http] tcp set_tcp_user_timeout error: Protocol not available (os error 92)
[2026-10-05--23-09-51 WARN hyper_util::client::legacy::connect::http] tcp set_tcp_user_timeout error: Protocol not available (os error 92)
[2026-10-05--23-09-51 WARN hyper_util::client::legacy::connect::http] tcp set_tcp_user_timeout error: Protocol not available (os error 92)
[2026-10-05--23-09-51 WARN hyper_util::client::legacy::connect::http] tcp set_tcp_user_timeout error: Protocol not available (os error 92)
[2026-10-05--23-09-51 WARN hyper_util::client::legacy::connect::http] tcp set_tcp_user_timeout error: Protocol not available (os error 92)
[2026-10-05--23-09-51 WARN hyper_util::client::legacy::connect::http] tcp set_tcp_user_timeout error: Protocol not available (os error 92)
[2026-10-05--23-09-51 WARN hyper_util::client::legacy::connect::http] tcp set_tcp_user_timeout error: Protocol not available (os error 92)
[2026-10-05--23-09-51 WARN hyper_util::client::legacy::connect::http] tcp set_tcp_user_timeout error: Protocol not available (os error 92)
[2026-10-05--23-09-51 WARN hyper_util::client::legacy::connect::http] tcp set_tcp_user_timeout error: Protocol not available (os error 92)
[2026-10-05--23-09-51 WARN hyper_util::client::legacy::connect::http] tcp set_tcp_user_timeout error: Protocol not available (os error 92)
[2026-10-05--23-09-51 WARN hyper_util::client::legacy::connect::http] tcp set_tcp_user_timeout error: Protocol not available (os error 92)
[2026-10-05--23-09-51 WARN hyper_util::client::legacy::connect::http] tcp set_tcp_user_timeout error: Protocol not available (os error 92)
[2026-10-05--23-09-51 WARN hyper_util::client::legacy::connect::http] tcp set_tcp_user_timeout error: Protocol not available (os error 92)
[2026-10-05--23-09-51 WARN hyper_util::client::legacy::connect::http] tcp set_tcp_user_timeout error: Protocol not available (os error 92)
[2026-10-05--23-09-51 WARN hyper_util::client::legacy::connect::http] tcp set_tcp_user_timeout error: Protocol not available (os error 92)
[2026-10-05--23-09-51 WARN hyper_util::client::legacy::connect::http] tcp set_tcp_user_timeout error: Protocol not available (os error 92)
[2026-10-05--23-09-51 WARN hyper_util::client::legacy::connect::http] tcp set_tcp_user_timeout error: Protocol not available (os error 92)
[2026-10-05--23-09-51 WARN hyper_util::client::legacy::connect::http] tcp set_tcp_user_timeout error: Protocol not available (os error 92)
[2026-10-05--23-09-51 WARN hyper_util::client::legacy::connect::http] tcp set_tcp_user_timeout error: Protocol not available (os error 92)
[2026-10-05--23-09-51 WARN hyper_util::client::legacy::connect::http] tcp set_tcp_user_timeout error: Protocol not available (os error 92)
[2026-10-05--23-09-51 WARN hyper_util::client::legacy::connect::http] tcp set_tcp_user_timeout error: Protocol not available (os error 92)
[2026-10-05--23-09-51 WARN hyper_util::client::legacy::connect::http] tcp set_tcp_user_timeout error: Protocol not available (os error 92)
[2026-10-05--23-09-51 WARN hyper_util::client::legacy::connect::http] tcp set_tcp_user_timeout error: Protocol not available (os error 92)
[2026-10-05--23-09-51 WARN hyper_util::client::legacy::connect::http] tcp set_tcp_user_timeout error: Protocol not available (os error 92)
[2026-10-05--23-09-51 WARN hyper_util::client::legacy::connect::http] tcp set_tcp_user_timeout error: Protocol not available (os error 92)
[2026-10-05--23-09-51 WARN hyper_util::client::legacy::connect::http] tcp set_tcp_user_timeout error: Protocol not available (os error 92)
[2026-10-05--23-09-51 WARN hyper_util::client::legacy::connect::http] tcp set_tcp_user_timeout error: Protocol not available (os error 92)
[2026-10-05--23-09-51 WARN hyper_util::client::legacy::connect::http] tcp set_tcp_user_timeout error: Protocol not available (os error 92)
[2026-10-05--23-09-51 WARN hyper_util::client::legacy::connect::http] tcp set_tcp_user_timeout error: Protocol not available (os error 92)
[2026-10-05--23-09-51 WARN hyper_util::client::legacy::connect::http] tcp set_tcp_user_timeout error: Protocol not available (os error 92)
[2026-10-05--23-09-51 WARN hyper_util::client::legacy::connect::http] tcp set_tcp_user_timeout error: Protocol not available (os error 92)
[2026-10-05--23-09-51 WARN hyper_util::client::legacy::connect::http] tcp set_tcp_user_timeout error: Protocol not available (os error 92)
[2026-10-05--23-09-51 WARN hyper_util::client::legacy::connect::http] tcp set_tcp_user_timeout error: Protocol not available (os error 92)
[2026-10-05--23-09-51 WARN hyper_util::client::legacy::connect::http] tcp set_tcp_user_timeout error: Protocol not available (os error 92)
[2026-10-05--23-09-51 WARN hyper_util::client::legacy::connect::http] tcp set_tcp_user_timeout error: Protocol not available (os error 92)
[2026-10-05--23-09-51 WARN hyper_util::client::legacy::connect::http] tcp set_tcp_user_timeout error: Protocol not available (os error 92)
[2026-10-05--23-09-51 WARN hyper_util::client::legacy::connect::http] tcp set_tcp_user_timeout error: Protocol not available (os error 92)
[2026-10-05--23-09-51 WARN hyper_util::client::legacy::connect::http] tcp set_tcp_user_timeout error: Protocol not available (os error 92)
[2026-10-05--23-09-51 WARN hyper_util::client::legacy::connect::http] tcp set_tcp_user_timeout error: Protocol not available (os error 92)
[2026-10-05--23-09-51 WARN hyper_util::client::legacy::connect::http] tcp set_tcp_user_timeout error: Protocol not available (os error 92)
[2026-10-05--23-09-51 WARN hyper_util::client::legacy::connect::http] tcp set_tcp_user_timeout error: Protocol not available (os error 92)
[2026-10-05--23-09-51 WARN hyper_util::client::legacy::connect::http] tcp set_tcp_user_timeout error: Protocol not available (os error 92)
[2026-10-05--23-09-51 WARN hyper_util::client::legacy::connect::http] tcp set_tcp_user_timeout error: Protocol not available (os error 92)
[2026-10-05--23-09-51 WARN hyper_util::client::legacy::connect::http] tcp set_tcp_user_timeout error: Protocol not available (os error 92)
[2026-10-05--23-09-51 WARN hyper_util::client::legacy::connect::http] tcp set_tcp_user_timeout error: Protocol not available (os error 92)
[2026-10-05--23-09-51 WARN hyper_util::client::legacy::connect::http] tcp set_tcp_user_timeout error: Protocol not available (os error 92)
[2026-10-05--23-09-51 WARN hyper_util::client::legacy::connect::http] tcp set_tcp_user_timeout error: Protocol not available (os error 92)
[2026-10-05--23-09-51 WARN hyper_util::client::legacy::connect::http] tcp set_tcp_user_timeout error: Protocol not available (os error 92)
[2026-10-05--23-09-51 WARN hyper_util::client::legacy::connect::http] tcp set_tcp_user_timeout error: Protocol not available (os error 92)
[2026-10-05--23-09-51 WARN hyper_util::client::legacy::connect::http] tcp set_tcp_user_timeout error: Protocol not available (os error 92)
[2026-10-05--23-09-51 WARN hyper_util::client::legacy::connect::http] tcp set_tcp_user_timeout error: Protocol not available (os error 92)
[2026-10-05--23-09-51 WARN hyper_util::client::legacy::connect::http] tcp set_tcp_user_timeout error: Protocol not available (os error 92)
[2026-10-05--23-09-51 WARN hyper_util::client::legacy::connect::http] tcp set_tcp_user_timeout error: Protocol not available (os error 92)
[2026-10-05--23-09-51 WARN hyper_util::client::legacy::connect::http] tcp set_tcp_user_timeout error: Protocol not available (os error 92)
[2026-10-05--23-09-51 WARN hyper_util::client::legacy::connect::http] tcp set_tcp_user_timeout error: Protocol not available (os error 92)
[2026-10-05--23-09-51 WARN hyper_util::client::legacy::connect::http] tcp set_tcp_user_timeout error: Protocol not available (os error 92)
[2026-10-05--23-09-51 WARN hyper_util::client::legacy::connect::http] tcp set_tcp_user_timeout error: Protocol not available (os error 92)
[2026-10-05--23-09-51 WARN hyper_util::client::legacy::connect::http] tcp set_tcp_user_timeout error: Protocol not available (os error 92)
[2026-10-05--23-09-51 WARN hyper_util::client::legacy::connect::http] tcp set_tcp_user_timeout error: Protocol not available (os error 92)
[2026-10-05--23-09-51 WARN hyper_util::client::legacy::connect::http] tcp set_tcp_user_timeout error: Protocol not available (os error 92)
[2026-10-05--23-09-51 WARN hyper_util::client::legacy::connect::http] tcp set_tcp_user_timeout error: Protocol not available (os error 92)
[2026-10-05--23-09-51 WARN hyper_util::client::legacy::connect::http] tcp set_tcp_user_timeout error: Protocol not available (os error 92)
[2026-10-05--23-09-51 WARN hyper_util::client::legacy::connect::http] tcp set_tcp_user_timeout error: Protocol not available (os error 92)
[2026-10-05--23-09-51 WARN hyper_util::client::legacy::connect::http] tcp set_tcp_user_timeout error: Protocol not available (os error 92)
[2026-10-05--23-09-51 WARN hyper_util::client::legacy::connect::http] tcp set_tcp_user_timeout error: Protocol not available (os error 92)
[2026-10-05--23-09-51 WARN hyper_util::client::legacy::connect::http] tcp set_tcp_user_timeout error: Protocol not available (os error 92)
[2026-10-05--23-09-51 WARN hyper_util::client::legacy::connect::http] tcp set_tcp_user_timeout error: Protocol not available (os error 92)
[2026-10-05--23-09-51 WARN hyper_util::client::legacy::connect::http] tcp set_tcp_user_timeout error: Protocol not available (os error 92)
[2026-10-05--23-09-51 WARN hyper_util::client::legacy::connect::http] tcp set_tcp_user_timeout error: Protocol not available (os error 92)
[2026-10-05--23-09-51 WARN hyper_util::client::legacy::connect::http] tcp set_tcp_user_timeout error: Protocol not available (os error 92)
[2026-10-05--23-09-51 WARN hyper_util::client::legacy::connect::http] tcp set_tcp_user_timeout error: Protocol not available (os error 92)
[2026-10-05--23-09-51 WARN hyper_util::client::legacy::connect::http] tcp set_tcp_user_timeout error: Protocol not available (os error 92)
[2026-10-05--23-09-51 WARN hyper_util::client::legacy::connect::http] tcp set_tcp_user_timeout error: Protocol not available (os error 92)
[2026-10-05--23-09-51 WARN hyper_util::client::legacy::connect::http] tcp set_tcp_user_timeout error: Protocol not available (os error 92)
[2026-10-05--23-09-51 WARN hyper_util::client::legacy::connect::http] tcp set_tcp_user_timeout error: Protocol not available (os error 92)
[2026-10-05--23-09-51 WARN hyper_util::client::legacy::connect::http] tcp set_tcp_user_timeout error: Protocol not available (os error 92)
[2026-10-05--23-09-51 WARN hyper_util::client::legacy::connect::http] tcp set_tcp_user_timeout error: Protocol not available (os error 92)
[2026-10-05--23-09-51 WARN hyper_util::client::legacy::connect::http] tcp set_tcp_user_timeout error: Protocol not available (os error 92)
[2026-10-05--23-09-51 WARN hyper_util::client::legacy::connect::http] tcp set_tcp_user_timeout error: Protocol not available (os error 92)
[2026-10-05--23-09-51 WARN hyper_util::client::legacy::connect::http] tcp set_tcp_user_timeout error: Protocol not available (os error 92)
[2026-10-05--23-09-51 WARN hyper_util::client::legacy::connect::http] tcp set_tcp_user_timeout error: Protocol not available (os error 92)
[2026-10-05--23-09-51 WARN hyper_util::client::legacy::connect::http] tcp set_tcp_user_timeout error: Protocol not available (os error 92)
[2026-10-05--23-09-51 WARN hyper_util::client::legacy::connect::http] tcp set_tcp_user_timeout error: Protocol not available (os error 92)
[2026-10-05--23-09-51 WARN hyper_util::client::legacy::connect::http] tcp set_tcp_user_timeout error: Protocol not available (os error 92)
[2026-10-05--23-09-51 WARN hyper_util::client::legacy::connect::http] tcp set_tcp_user_timeout error: Protocol not available (os error 92)
[2026-10-05--23-09-51 WARN hyper_util::client::legacy::connect::http] tcp set_tcp_user_timeout error: Protocol not available (os error 92)
[2026-10-05--23-09-51 WARN hyper_util::client::legacy::connect::http] tcp set_tcp_user_timeout error: Protocol not available (os error 92)
[2026-10-05--23-09-52 WARN hyper_util::client::legacy::connect::http] tcp set_tcp_user_timeout error: Protocol not available (os error 92)
[2026-10-05--23-09-52 WARN hyper_util::client::legacy::connect::http] tcp set_tcp_user_timeout error: Protocol not available (os error 92)
[2026-10-05--23-09-52 WARN hyper_util::client::legacy::connect::http] tcp set_tcp_user_timeout error: Protocol not available (os error 92)
[2026-10-05--23-09-52 WARN hyper_util::client::legacy::connect::http] tcp set_tcp_user_timeout error: Protocol not available (os error 92)
[2026-10-05--23-09-52 WARN hyper_util::client::legacy::connect::http] tcp set_tcp_user_timeout error: Protocol not available (os error 92)
[2026-10-05--23-09-52 WARN hyper_util::client::legacy::connect::http] tcp set_tcp_user_timeout error: Protocol not available (os error 92)
[2026-10-05--23-09-52 WARN hyper_util::client::legacy::connect::http] tcp set_tcp_user_timeout error: Protocol not available (os error 92)
[2026-10-05--23-09-52 WARN hyper_util::client::legacy::connect::http] tcp set_tcp_user_timeout error: Protocol not available (os error 92)
[2026-10-05--23-09-52 WARN hyper_util::client::legacy::connect::http] tcp set_tcp_user_timeout error: Protocol not available (os error 92)
[2026-10-05--23-09-52 WARN hyper_util::client::legacy::connect::http] tcp set_tcp_user_timeout error: Protocol not available (os error 92)
[2026-10-05--23-09-52 WARN hyper_util::client::legacy::connect::http] tcp set_tcp_user_timeout error: Protocol not available (os error 92)
[2026-10-05--23-09-52 WARN hyper_util::client::legacy::connect::http] tcp set_tcp_user_timeout error: Protocol not available (os error 92)
[2026-10-05--23-09-52 WARN hyper_util::client::legacy::connect::http] tcp set_tcp_user_timeout error: Protocol not available (os error 92)
[2026-10-05--23-09-52 WARN hyper_util::client::legacy::connect::http] tcp set_tcp_user_timeout error: Protocol not available (os error 92)
[2026-10-05--23-09-52 WARN hyper_util::client::legacy::connect::http] tcp set_tcp_user_timeout error: Protocol not available (os error 92)
[2026-10-05--23-09-52 WARN hyper_util::client::legacy::connect::http] tcp set_tcp_user_timeout error: Protocol not available (os error 92)
[2026-10-05--23-09-52 WARN hyper_util::client::legacy::connect::http] tcp set_tcp_user_timeout error: Protocol not available (os error 92)
[2026-10-05--23-09-52 WARN hyper_util::client::legacy::connect::http] tcp set_tcp_user_timeout error: Protocol not available (os error 92)
[2026-10-05--23-09-52 WARN hyper_util::client::legacy::connect::http] tcp set_tcp_user_timeout error: Protocol not available (os error 92)
[2026-10-05--23-09-52 WARN hyper_util::client::legacy::connect::http] tcp set_tcp_user_timeout error: Protocol not available (os error 92)
[2026-10-05--23-09-52 WARN hyper_util::client::legacy::connect::http] tcp set_tcp_user_timeout error: Protocol not available (os error 92)
[2026-10-05--23-09-52 WARN hyper_util::client::legacy::connect::http] tcp set_tcp_user_timeout error: Protocol not available (os error 92)
[2026-10-05--23-09-52 WARN hyper_util::client::legacy::connect::http] tcp set_tcp_user_timeout error: Protocol not available (os error 92)
[2026-10-05--23-09-52 WARN hyper_util::client::legacy::connect::http] tcp set_tcp_user_timeout error: Protocol not available (os error 92)
[2026-10-05--23-09-52 WARN hyper_util::client::legacy::connect::http] tcp set_tcp_user_timeout error: Protocol not available (os error 92)
[2026-10-05--23-09-52 WARN hyper_util::client::legacy::connect::http] tcp set_tcp_user_timeout error: Protocol not available (os error 92)
[2026-10-05--23-09-52 WARN hyper_util::client::legacy::connect::http] tcp set_tcp_user_timeout error: Protocol not available (os error 92)
[2026-10-05--23-09-52 WARN hyper_util::client::legacy::connect::http] tcp set_tcp_user_timeout error: Protocol not available (os error 92)
[2026-10-05--23-09-52 WARN hyper_util::client::legacy::connect::http] tcp set_tcp_user_timeout error: Protocol not available (os error 92)
[2026-10-05--23-09-52 WARN hyper_util::client::legacy::connect::http] tcp set_tcp_user_timeout error: Protocol not available (os error 92)
[2026-10-05--23-09-52 WARN hyper_util::client::legacy::connect::http] tcp set_tcp_user_timeout error: Protocol not available (os error 92)
[2026-10-05--23-09-52 WARN hyper_util::client::legacy::connect::http] tcp set_tcp_user_timeout error: Protocol not available (os error 92)
[2026-10-05--23-09-52 WARN hyper_util::client::legacy::connect::http] tcp set_tcp_user_timeout error: Protocol not available (os error 92)
[2026-10-05--23-09-52 WARN hyper_util::client::legacy::connect::http] tcp set_tcp_user_timeout error: Protocol not available (os error 92)
[2026-10-05--23-09-52 WARN hyper_util::client::legacy::connect::http] tcp set_tcp_user_timeout error: Protocol not available (os error 92)
[2026-10-05--23-09-52 WARN hyper_util::client::legacy::connect::http] tcp set_tcp_user_timeout error: Protocol not available (os error 92)
[2026-10-05--23-09-52 WARN hyper_util::client::legacy::connect::http] tcp set_tcp_user_timeout error: Protocol not available (os error 92)
[2026-10-05--23-09-52 WARN hyper_util::client::legacy::connect::http] tcp set_tcp_user_timeout error: Protocol not available (os error 92)
[2026-10-05--23-09-52 WARN hyper_util::client::legacy::connect::http] tcp set_tcp_user_timeout error: Protocol not available (os error 92)
[2026-10-05--23-09-52 WARN hyper_util::client::legacy::connect::http] tcp set_tcp_user_timeout error: Protocol not available (os error 92)
[2026-10-05--23-09-52 WARN hyper_util::client::legacy::connect::http] tcp set_tcp_user_timeout error: Protocol not available (os error 92)
[2026-10-05--23-09-52 WARN hyper_util::client::legacy::connect::http] tcp set_tcp_user_timeout error: Protocol not available (os error 92)
[2026-10-05--23-09-52 WARN hyper_util::client::legacy::connect::http] tcp set_tcp_user_timeout error: Protocol not available (os error 92)
[2026-10-05--23-09-52 WARN hyper_util::client::legacy::connect::http] tcp set_tcp_user_timeout error: Protocol not available (os error 92)
[2026-10-05--23-09-52 WARN hyper_util::client::legacy::connect::http] tcp set_tcp_user_timeout error: Protocol not available (os error 92)
[2026-10-05--23-09-52 WARN hyper_util::client::legacy::connect::http] tcp set_tcp_user_timeout error: Protocol not available (os error 92)
[2026-10-05--23-09-52 WARN hyper_util::client::legacy::connect::http] tcp set_tcp_user_timeout error: Protocol not available (os error 92)
[2026-10-05--23-09-52 WARN hyper_util::client::legacy::connect::http] tcp set_tcp_user_timeout error: Protocol not available (os error 92)
[2026-10-05--23-09-52 WARN hyper_util::client::legacy::connect::http] tcp set_tcp_user_timeout error: Protocol not available (os error 92)
[2026-10-05--23-09-52 WARN hyper_util::client::legacy::connect::http] tcp set_tcp_user_timeout error: Protocol not available (os error 92)
[2026-10-05--23-09-52 WARN hyper_util::client::legacy::connect::http] tcp set_tcp_user_timeout error: Protocol not available (os error 92)
[2026-10-05--23-09-52 WARN hyper_util::client::legacy::connect::http] tcp set_tcp_user_timeout error: Protocol not available (os error 92)
[2026-10-05--23-09-52 WARN hyper_util::client::legacy::connect::http] tcp set_tcp_user_timeout error: Protocol not available (os error 92)
[2026-10-05--23-09-52 WARN hyper_util::client::legacy::connect::http] tcp set_tcp_user_timeout error: Protocol not available (os error 92)
[2026-10-05--23-09-52 WARN hyper_util::client::legacy::connect::http] tcp set_tcp_user_timeout error: Protocol not available (os error 92)
[2026-10-05--23-09-52 WARN hyper_util::client::legacy::connect::http] tcp set_tcp_user_timeout error: Protocol not available (os error 92)
[2026-10-05--23-09-52 WARN hyper_util::client::legacy::connect::http] tcp set_tcp_user_timeout error: Protocol not available (os error 92)
[2026-10-05--23-09-52 WARN hyper_util::client::legacy::connect::http] tcp set_tcp_user_timeout error: Protocol not available (os error 92)
[2026-10-05--23-09-52 WARN hyper_util::client::legacy::connect::http] tcp set_tcp_user_timeout error: Protocol not available (os error 92)
[2026-10-05--23-09-52 WARN hyper_util::client::legacy::connect::http] tcp set_tcp_user_timeout error: Protocol not available (os error 92)
[2026-10-05--23-09-52 WARN hyper_util::client::legacy::connect::http] tcp set_tcp_user_timeout error: Protocol not available (os error 92)
[2026-10-05--23-09-52 WARN hyper_util::client::legacy::connect::http] tcp set_tcp_user_timeout error: Protocol not available (os error 92)
[2026-10-05--23-09-52 WARN hyper_util::client::legacy::connect::http] tcp set_tcp_user_timeout error: Protocol not available (os error 92)
[2026-10-05--23-09-52 WARN hyper_util::client::legacy::connect::http] tcp set_tcp_user_timeout error: Protocol not available (os error 92)
[2026-10-05--23-09-52 WARN hyper_util::client::legacy::connect::http] tcp set_tcp_user_timeout error: Protocol not available (os error 92)
[2026-10-05--23-09-52 WARN hyper_util::client::legacy::connect::http] tcp set_tcp_user_timeout error: Protocol not available (os error 92)
[2026-10-05--23-09-52 WARN hyper_util::client::legacy::connect::http] tcp set_tcp_user_timeout error: Protocol not available (os error 92)
[2026-10-05--23-09-52 WARN hyper_util::client::legacy::connect::http] tcp set_tcp_user_timeout error: Protocol not available (os error 92)
[2026-10-05--23-09-52 WARN hyper_util::client::legacy::connect::http] tcp set_tcp_user_timeout error: Protocol not available (os error 92)
[2026-10-05--23-09-52 WARN hyper_util::client::legacy::connect::http] tcp set_tcp_user_timeout error: Protocol not available (os error 92)
[2026-10-05--23-09-52 WARN hyper_util::client::legacy::connect::http] tcp set_tcp_user_timeout error: Protocol not available (os error 92)
[2026-10-05--23-09-52 WARN hyper_util::client::legacy::connect::http] tcp set_tcp_user_timeout error: Protocol not available (os error 92)
[2026-10-05--23-09-52 WARN hyper_util::client::legacy::connect::http] tcp set_tcp_user_timeout error: Protocol not available (os error 92)
[2026-10-05--23-09-52 WARN hyper_util::client::legacy::connect::http] tcp set_tcp_user_timeout error: Protocol not available (os error 92)
[2026-10-05--23-09-52 WARN hyper_util::client::legacy::connect::http] tcp set_tcp_user_timeout error: Protocol not available (os error 92)
[2026-10-05--23-09-52 WARN hyper_util::client::legacy::connect::http] tcp set_tcp_user_timeout error: Protocol not available (os error 92)
[2026-10-05--23-09-52 WARN hyper_util::client::legacy::connect::http] tcp set_tcp_user_timeout error: Protocol not available (os error 92)
[2026-10-05--23-09-52 WARN hyper_util::client::legacy::connect::http] tcp set_tcp_user_timeout error: Protocol not available (os error 92)
[2026-10-05--23-09-52 WARN hyper_util::client::legacy::connect::http] tcp set_tcp_user_timeout error: Protocol not available (os error 92)
[2026-10-05--23-09-52 WARN hyper_util::client::legacy::connect::http] tcp set_tcp_user_timeout error: Protocol not available (os error 92)
[2026-10-05--23-09-52 WARN hyper_util::client::legacy::connect::http] tcp set_tcp_user_timeout error: Protocol not available (os error 92)
[2026-10-05--23-09-52 WARN hyper_util::client::legacy::connect::http] tcp set_tcp_user_timeout error: Protocol not available (os error 92)
[2026-10-05--23-09-52 WARN hyper_util::client::legacy::connect::http] tcp set_tcp_user_timeout error: Protocol not available (os error 92)
[2026-10-05--23-09-52 WARN hyper_util::client::legacy::connect::http] tcp set_tcp_user_timeout error: Protocol not available (os error 92)
[2026-10-05--23-09-52 WARN hyper_util::client::legacy::connect::http] tcp set_tcp_user_timeout error: Protocol not available (os error 92)
[2026-10-05--23-09-52 WARN hyper_util::client::legacy::connect::http] tcp set_tcp_user_timeout error: Protocol not available (os error 92)
[2026-10-05--23-09-52 WARN hyper_util::client::legacy::connect::http] tcp set_tcp_user_timeout error: Protocol not available (os error 92)
[2026-10-05--23-09-53 WARN hyper_util::client::legacy::connect::http] tcp set_tcp_user_timeout error: Protocol not available (os error 92)
[2026-10-05--23-09-53 WARN hyper_util::client::legacy::connect::http] tcp set_tcp_user_timeout error: Protocol not available (os error 92)
[2026-10-05--23-09-53 WARN hyper_util::client::legacy::connect::http] tcp set_tcp_user_timeout error: Protocol not available (os error 92)
[2026-10-05--23-09-53 WARN hyper_util::client::legacy::connect::http] tcp set_tcp_user_timeout error: Protocol not available (os error 92)
[2026-10-05--23-09-53 WARN hyper_util::client::legacy::connect::http] tcp set_tcp_user_timeout error: Protocol not available (os error 92)
[2026-10-05--23-09-53 WARN hyper_util::client::legacy::connect::http] tcp set_tcp_user_timeout error: Protocol not available (os error 92)
[2026-10-05--23-09-53 WARN hyper_util::client::legacy::connect::http] tcp set_tcp_user_timeout error: Protocol not available (os error 92)
[2026-10-05--23-09-53 WARN hyper_util::client::legacy::connect::http] tcp set_tcp_user_timeout error: Protocol not available (os error 92)
[2026-10-05--23-09-53 WARN hyper_util::client::legacy::connect::http] tcp set_tcp_user_timeout error: Protocol not available (os error 92)
[2026-10-05--23-09-53 WARN hyper_util::client::legacy::connect::http] tcp set_tcp_user_timeout error: Protocol not available (os error 92)
[2026-10-05--23-09-53 WARN hyper_util::client::legacy::connect::http] tcp set_tcp_user_timeout error: Protocol not available (os error 92)
[2026-10-05--23-09-53 WARN hyper_util::client::legacy::connect::http] tcp set_tcp_user_timeout error: Protocol not available (os error 92)
[2026-10-05--23-09-53 WARN hyper_util::client::legacy::connect::http] tcp set_tcp_user_timeout error: Protocol not available (os error 92)
[2026-10-05--23-09-53 WARN hyper_util::client::legacy::connect::http] tcp set_tcp_user_timeout error: Protocol not available (os error 92)
[2026-10-05--23-09-53 WARN hyper_util::client::legacy::connect::http] tcp set_tcp_user_timeout error: Protocol not available (os error 92)
[2026-10-05--23-09-53 WARN hyper_util::client::legacy::connect::http] tcp set_tcp_user_timeout error: Protocol not available (os error 92)
[2026-10-05--23-09-53 WARN hyper_util::client::legacy::connect::http] tcp set_tcp_user_timeout error: Protocol not available (os error 92)
[2026-10-05--23-09-53 WARN hyper_util::client::legacy::connect::http] tcp set_tcp_user_timeout error: Protocol not available (os error 92)
[2026-10-05--23-09-53 WARN hyper_util::client::legacy::connect::http] tcp set_tcp_user_timeout error: Protocol not available (os error 92)
[2026-10-05--23-09-53 WARN hyper_util::client::legacy::connect::http] tcp set_tcp_user_timeout error: Protocol not available (os error 92)
[2026-10-05--23-09-53 WARN hyper_util::client::legacy::connect::http] tcp set_tcp_user_timeout error: Protocol not available (os error 92)
[2026-10-05--23-09-53 WARN hyper_util::client::legacy::connect::http] tcp set_tcp_user_timeout error: Protocol not available (os error 92)
[2026-10-05--23-09-53 WARN hyper_util::client::legacy::connect::http] tcp set_tcp_user_timeout error: Protocol not available (os error 92)
[2026-10-05--23-09-53 WARN hyper_util::client::legacy::connect::http] tcp set_tcp_user_timeout error: Protocol not available (os error 92)
[2026-10-05--23-09-53 WARN hyper_util::client::legacy::connect::http] tcp set_tcp_user_timeout error: Protocol not available (os error 92)
[2026-10-05--23-09-53 WARN hyper_util::client::legacy::connect::http] tcp set_tcp_user_timeout error: Protocol not available (os error 92)
[2026-10-05--23-09-53 WARN hyper_util::client::legacy::connect::http] tcp set_tcp_user_timeout error: Protocol not available (os error 92)
[2026-10-05--23-09-53 WARN hyper_util::client::legacy::connect::http] tcp set_tcp_user_timeout error: Protocol not available (os error 92)
[2026-10-05--23-09-53 WARN hyper_util::client::legacy::connect::http] tcp set_tcp_user_timeout error: Protocol not available (os error 92)
[2026-10-05--23-09-53 WARN hyper_util::client::legacy::connect::http] tcp set_tcp_user_timeout error: Protocol not available (os error 92)
[2026-10-05--23-09-53 WARN hyper_util::client::legacy::connect::http] tcp set_tcp_user_timeout error: Protocol not available (os error 92)
[2026-10-05--23-09-53 WARN hyper_util::client::legacy::connect::http] tcp set_tcp_user_timeout error: Protocol not available (os error 92)
[2026-10-05--23-09-53 WARN hyper_util::client::legacy::connect::http] tcp set_tcp_user_timeout error: Protocol not available (os error 92)
[2026-10-05--23-09-53 WARN hyper_util::client::legacy::connect::http] tcp set_tcp_user_timeout error: Protocol not available (os error 92)
[2026-10-05--23-09-53 WARN hyper_util::client::legacy::connect::http] tcp set_tcp_user_timeout error: Protocol not available (os error 92)
[2026-10-05--23-09-53 WARN hyper_util::client::legacy::connect::http] tcp set_tcp_user_timeout error: Protocol not available (os error 92)
[2026-10-05--23-09-53 WARN hyper_util::client::legacy::connect::http] tcp set_tcp_user_timeout error: Protocol not available (os error 92)
[2026-10-05--23-09-53 WARN hyper_util::client::legacy::connect::http] tcp set_tcp_user_timeout error: Protocol not available (os error 92)
[2026-10-05--23-09-53 WARN hyper_util::client::legacy::connect::http] tcp set_tcp_user_timeout error: Protocol not available (os error 92)
[2026-10-05--23-09-53 WARN hyper_util::client::legacy::connect::http] tcp set_tcp_user_timeout error: Protocol not available (os error 92)
[2026-10-05--23-09-53 WARN hyper_util::client::legacy::connect::http] tcp set_tcp_user_timeout error: Protocol not available (os error 92)
[2026-10-05--23-09-53 WARN hyper_util::client::legacy::connect::http] tcp set_tcp_user_timeout error: Protocol not available (os error 92)
[2026-10-05--23-09-53 WARN hyper_util::client::legacy::connect::http] tcp set_tcp_user_timeout error: Protocol not available (os error 92)
[2026-10-05--23-09-53 WARN hyper_util::client::legacy::connect::http] tcp set_tcp_user_timeout error: Protocol not available (os error 92)
[2026-10-05--23-09-53 WARN hyper_util::client::legacy::connect::http] tcp set_tcp_user_timeout error: Protocol not available (os error 92)
[2026-10-05--23-09-53 WARN hyper_util::client::legacy::connect::http] tcp set_tcp_user_timeout error: Protocol not available (os error 92)
[2026-10-05--23-09-53 WARN hyper_util::client::legacy::connect::http] tcp set_tcp_user_timeout error: Protocol not available (os error 92)
[2026-10-05--23-09-53 WARN hyper_util::client::legacy::connect::http] tcp set_tcp_user_timeout error: Protocol not available (os error 92)
[2026-10-05--23-09-53 WARN hyper_util::client::legacy::connect::http] tcp set_tcp_user_timeout error: Protocol not available (os error 92)
[2026-10-05--23-09-53 WARN hyper_util::client::legacy::connect::http] tcp set_tcp_user_timeout error: Protocol not available (os error 92)
[2026-10-05--23-09-53 WARN hyper_util::client::legacy::connect::http] tcp set_tcp_user_timeout error: Protocol not available (os error 92)
[2026-10-05--23-09-53 WARN hyper_util::client::legacy::connect::http] tcp set_tcp_user_timeout error: Protocol not available (os error 92)
[2026-10-05--23-09-53 WARN hyper_util::client::legacy::connect::http] tcp set_tcp_user_timeout error: Protocol not available (os error 92)
[2026-10-05--23-09-53 WARN hyper_util::client::legacy::connect::http] tcp set_tcp_user_timeout error: Protocol not available (os error 92)
[2026-10-05--23-09-53 WARN hyper_util::client::legacy::connect::http] tcp set_tcp_user_timeout error: Protocol not available (os error 92)
[2026-10-05--23-09-53 WARN hyper_util::client::legacy::connect::http] tcp set_tcp_user_timeout error: Protocol not available (os error 92)
[2026-10-05--23-09-53 WARN hyper_util::client::legacy::connect::http] tcp set_tcp_user_timeout error: Protocol not available (os error 92)
[2026-10-05--23-09-53 WARN hyper_util::client::legacy::connect::http] tcp set_tcp_user_timeout error: Protocol not available (os error 92)
[2026-10-05--23-09-53 WARN hyper_util::client::legacy::connect::http] tcp set_tcp_user_timeout error: Protocol not available (os error 92)
[2026-10-05--23-09-53 WARN hyper_util::client::legacy::connect::http] tcp set_tcp_user_timeout error: Protocol not available (os error 92)
[2026-10-05--23-09-53 WARN hyper_util::client::legacy::connect::http] tcp set_tcp_user_timeout error: Protocol not available (os error 92)
[2026-10-05--23-09-53 WARN hyper_util::client::legacy::connect::http] tcp set_tcp_user_timeout error: Protocol not available (os error 92)
[2026-10-05--23-09-53 WARN hyper_util::client::legacy::connect::http] tcp set_tcp_user_timeout error: Protocol not available (os error 92)
[2026-10-05--23-09-53 WARN hyper_util::client::legacy::connect::http] tcp set_tcp_user_timeout error: Protocol not available (os error 92)
[2026-10-05--23-09-53 WARN hyper_util::client::legacy::connect::http] tcp set_tcp_user_timeout error: Protocol not available (os error 92)
[2026-10-05--23-09-53 WARN hyper_util::client::legacy::connect::http] tcp set_tcp_user_timeout error: Protocol not available (os error 92)
[2026-10-05--23-09-53 WARN hyper_util::client::legacy::connect::http] tcp set_tcp_user_timeout error: Protocol not available (os error 92)
[2026-10-05--23-09-53 WARN hyper_util::client::legacy::connect::http] tcp set_tcp_user_timeout error: Protocol not available (os error 92)
[2026-10-05--23-09-53 WARN hyper_util::client::legacy::connect::http] tcp set_tcp_user_timeout error: Protocol not available (os error 92)
[2026-10-05--23-09-53 WARN hyper_util::client::legacy::connect::http] tcp set_tcp_user_timeout error: Protocol not available (os error 92)
[2026-10-05--23-09-53 WARN hyper_util::client::legacy::connect::http] tcp set_tcp_user_timeout error: Protocol not available (os error 92)
[2026-10-05--23-09-53 WARN hyper_util::client::legacy::connect::http] tcp set_tcp_user_timeout error: Protocol not available (os error 92)
[2026-10-05--23-09-53 WARN hyper_util::client::legacy::connect::http] tcp set_tcp_user_timeout error: Protocol not available (os error 92)
[2026-10-05--23-09-53 WARN hyper_util::client::legacy::connect::http] tcp set_tcp_user_timeout error: Protocol not available (os error 92)
[2026-10-05--23-09-53 WARN hyper_util::client::legacy::connect::http] tcp set_tcp_user_timeout error: Protocol not available (os error 92)
[2026-10-05--23-09-53 WARN hyper_util::client::legacy::connect::http] tcp set_tcp_user_timeout error: Protocol not available (os error 92)
[2026-10-05--23-09-53 WARN hyper_util::client::legacy::connect::http] tcp set_tcp_user_timeout error: Protocol not available (os error 92)
[2026-10-05--23-09-53 WARN hyper_util::client::legacy::connect::http] tcp set_tcp_user_timeout error: Protocol not available (os error 92)
[2026-10-05--23-09-53 WARN hyper_util::client::legacy::connect::http] tcp set_tcp_user_timeout error: Protocol not available (os error 92)
[2026-10-05--23-09-53 WARN hyper_util::client::legacy::connect::http] tcp set_tcp_user_timeout error: Protocol not available (os error 92)
[2026-10-05--23-09-53 WARN hyper_util::client::legacy::connect::http] tcp set_tcp_user_timeout error: Protocol not available (os error 92)
[2026-10-05--23-09-53 WARN hyper_util::client::legacy::connect::http] tcp set_tcp_user_timeout error: Protocol not available (os error 92)
[2026-10-05--23-09-53 WARN hyper_util::client::legacy::connect::http] tcp set_tcp_user_timeout error: Protocol not available (os error 92)
[2026-10-05--23-09-53 WARN hyper_util::client::legacy::connect::http] tcp set_tcp_user_timeout error: Protocol not available (os error 92)
[2026-10-05--23-09-53 WARN hyper_util::client::legacy::connect::http] tcp set_tcp_user_timeout error: Protocol not available (os error 92)
[2026-10-05--23-09-53 WARN hyper_util::client::legacy::connect::http] tcp set_tcp_user_timeout error: Protocol not available (os error 92)
[2026-10-05--23-09-53 WARN hyper_util::client::legacy::connect::http] tcp set_tcp_user_timeout error: Protocol not available (os error 92)
[2026-10-05--23-09-53 WARN hyper_util::client::legacy::connect::http] tcp set_tcp_user_timeout error: Protocol not available (os error 92)
[2026-10-05--23-09-53 WARN hyper_util::client::legacy::connect::http] tcp set_tcp_user_timeout error: Protocol not available (os error 92)
[2026-10-05--23-09-53 WARN hyper_util::client::legacy::connect::http] tcp set_tcp_user_timeout error: Protocol not available (os error 92)
[2026-10-05--23-09-54 WARN hyper_util::client::legacy::connect::http] tcp set_tcp_user_timeout error: Protocol not available (os error 92)
[2026-10-05--23-09-54 WARN hyper_util::client::legacy::connect::http] tcp set_tcp_user_timeout error: Protocol not available (os error 92)
[2026-10-05--23-09-54 WARN hyper_util::client::legacy::connect::http] tcp set_tcp_user_timeout error: Protocol not available (os error 92)
[2026-10-05--23-09-54 WARN hyper_util::client::legacy::connect::http] tcp set_tcp_user_timeout error: Protocol not available (os error 92)
[2026-10-05--23-09-54 WARN hyper_util::client::legacy::connect::http] tcp set_tcp_user_timeout error: Protocol not available (os error 92)
[2026-10-05--23-09-54 WARN hyper_util::client::legacy::connect::http] tcp set_tcp_user_timeout error: Protocol not available (os error 92)
[2026-10-05--23-09-54 WARN hyper_util::client::legacy::connect::http] tcp set_tcp_user_timeout error: Protocol not available (os error 92)
[2026-10-05--23-09-54 WARN hyper_util::client::legacy::connect::http] tcp set_tcp_user_timeout error: Protocol not available (os error 92)
[2026-10-05--23-09-54 WARN hyper_util::client::legacy::connect::http] tcp set_tcp_user_timeout error: Protocol not available (os error 92)
[2026-10-05--23-09-54 WARN hyper_util::client::legacy::connect::http] tcp set_tcp_user_timeout error: Protocol not available (os error 92)
[2026-10-05--23-09-54 WARN hyper_util::client::legacy::connect::http] tcp set_tcp_user_timeout error: Protocol not available (os error 92)
[2026-10-05--23-09-54 WARN hyper_util::client::legacy::connect::http] tcp set_tcp_user_timeout error: Protocol not available (os error 92)
[2026-10-05--23-09-54 WARN hyper_util::client::legacy::connect::http] tcp set_tcp_user_timeout error: Protocol not available (os error 92)
[2026-10-05--23-09-54 WARN hyper_util::client::legacy::connect::http] tcp set_tcp_user_timeout error: Protocol not available (os error 92)
[2026-10-05--23-09-54 WARN hyper_util::client::legacy::connect::http] tcp set_tcp_user_timeout error: Protocol not available (os error 92)
[2026-10-05--23-09-54 WARN hyper_util::client::legacy::connect::http] tcp set_tcp_user_timeout error: Protocol not available (os error 92)
[2026-10-05--23-09-54 WARN hyper_util::client::legacy::connect::http] tcp set_tcp_user_timeout error: Protocol not available (os error 92)
[2026-10-05--23-09-54 WARN hyper_util::client::legacy::connect::http] tcp set_tcp_user_timeout error: Protocol not available (os error 92)
[2026-10-05--23-09-54 WARN hyper_util::client::legacy::connect::http] tcp set_tcp_user_timeout error: Protocol not available (os error 92)
[2026-10-05--23-09-54 WARN hyper_util::client::legacy::connect::http] tcp set_tcp_user_timeout error: Protocol not available (os error 92)
[2026-10-05--23-09-54 WARN hyper_util::client::legacy::connect::http] tcp set_tcp_user_timeout error: Protocol not available (os error 92)
[2026-10-05--23-09-54 WARN hyper_util::client::legacy::connect::http] tcp set_tcp_user_timeout error: Protocol not available (os error 92)
[2026-10-05--23-09-54 WARN hyper_util::client::legacy::connect::http] tcp set_tcp_user_timeout error: Protocol not available (os error 92)
[2026-10-05--23-09-54 WARN hyper_util::client::legacy::connect::http] tcp set_tcp_user_timeout error: Protocol not available (os error 92)
[2026-10-05--23-09-54 WARN hyper_util::client::legacy::connect::http] tcp set_tcp_user_timeout error: Protocol not available (os error 92)
[2026-10-05--23-09-54 WARN hyper_util::client::legacy::connect::http] tcp set_tcp_user_timeout error: Protocol not available (os error 92)
[2026-10-05--23-09-54 WARN hyper_util::client::legacy::connect::http] tcp set_tcp_user_timeout error: Protocol not available (os error 92)
[2026-10-05--23-09-54 WARN hyper_util::client::legacy::connect::http] tcp set_tcp_user_timeout error: Protocol not available (os error 92)
[2026-10-05--23-09-54 WARN hyper_util::client::legacy::connect::http] tcp set_tcp_user_timeout error: Protocol not available (os error 92)
[2026-10-05--23-09-54 WARN hyper_util::client::legacy::connect::http] tcp set_tcp_user_timeout error: Protocol not available (os error 92)
[2026-10-05--23-09-54 WARN hyper_util::client::legacy::connect::http] tcp set_tcp_user_timeout error: Protocol not available (os error 92)
[2026-10-05--23-09-54 WARN hyper_util::client::legacy::connect::http] tcp set_tcp_user_timeout error: Protocol not available (os error 92)
[2026-10-05--23-09-54 WARN hyper_util::client::legacy::connect::http] tcp set_tcp_user_timeout error: Protocol not available (os error 92)
[2026-10-05--23-09-54 WARN hyper_util::client::legacy::connect::http] tcp set_tcp_user_timeout error: Protocol not available (os error 92)
[2026-10-05--23-09-54 WARN hyper_util::client::legacy::connect::http] tcp set_tcp_user_timeout error: Protocol not available (os error 92)
[2026-10-05--23-09-54 WARN hyper_util::client::legacy::connect::http] tcp set_tcp_user_timeout error: Protocol not available (os error 92)
[2026-10-05--23-09-54 WARN hyper_util::client::legacy::connect::http] tcp set_tcp_user_timeout error: Protocol not available (os error 92)
[2026-10-05--23-09-54 WARN hyper_util::client::legacy::connect::http] tcp set_tcp_user_timeout error: Protocol not available (os error 92)
[2026-10-05--23-09-54 WARN hyper_util::client::legacy::connect::http] tcp set_tcp_user_timeout error: Protocol not available (os error 92)
[2026-10-05--23-09-54 WARN hyper_util::client::legacy::connect::http] tcp set_tcp_user_timeout error: Protocol not available (os error 92)
[2026-10-05--23-09-54 WARN hyper_util::client::legacy::connect::http] tcp set_tcp_user_timeout error: Protocol not available (os error 92)
[2026-10-05--23-09-54 WARN hyper_util::client::legacy::connect::http] tcp set_tcp_user_timeout error: Protocol not available (os error 92)
[2026-10-05--23-09-54 WARN hyper_util::client::legacy::connect::http] tcp set_tcp_user_timeout error: Protocol not available (os error 92)
[2026-10-05--23-09-54 WARN hyper_util::client::legacy::connect::http] tcp set_tcp_user_timeout error: Protocol not available (os error 92)
[2026-10-05--23-09-54 WARN hyper_util::client::legacy::connect::http] tcp set_tcp_user_timeout error: Protocol not available (os error 92)
[2026-10-05--23-09-54 WARN hyper_util::client::legacy::connect::http] tcp set_tcp_user_timeout error: Protocol not available (os error 92)
[2026-10-05--23-09-54 WARN hyper_util::client::legacy::connect::http] tcp set_tcp_user_timeout error: Protocol not available (os error 92)
[2026-10-05--23-09-54 WARN hyper_util::client::legacy::connect::http] tcp set_tcp_user_timeout error: Protocol not available (os error 92)
[2026-10-05--23-09-54 WARN hyper_util::client::legacy::connect::http] tcp set_tcp_user_timeout error: Protocol not available (os error 92)
[2026-10-05--23-09-54 WARN hyper_util::client::legacy::connect::http] tcp set_tcp_user_timeout error: Protocol not available (os error 92)
[2026-10-05--23-09-54 WARN hyper_util::client::legacy::connect::http] tcp set_tcp_user_timeout error: Protocol not available (os error 92)
[2026-10-05--23-09-54 WARN hyper_util::client::legacy::connect::http] tcp set_tcp_user_timeout error: Protocol not available (os error 92)
[2026-10-05--23-09-54 WARN hyper_util::client::legacy::connect::http] tcp set_tcp_user_timeout error: Protocol not available (os error 92)
[2026-10-05--23-09-54 WARN hyper_util::client::legacy::connect::http] tcp set_tcp_user_timeout error: Protocol not available (os error 92)
[2026-10-05--23-09-54 WARN hyper_util::client::legacy::connect::http] tcp set_tcp_user_timeout error: Protocol not available (os error 92)
[2026-10-05--23-09-54 WARN hyper_util::client::legacy::connect::http] tcp set_tcp_user_timeout error: Protocol not available (os error 92)
[2026-10-05--23-09-54 WARN hyper_util::client::legacy::connect::http] tcp set_tcp_user_timeout error: Protocol not available (os error 92)
[2026-10-05--23-09-54 WARN hyper_util::client::legacy::connect::http] tcp set_tcp_user_timeout error: Protocol not available (os error 92)
[2026-10-05--23-09-54 WARN hyper_util::client::legacy::connect::http] tcp set_tcp_user_timeout error: Protocol not available (os error 92)
[2026-10-05--23-09-54 WARN hyper_util::client::legacy::connect::http] tcp set_tcp_user_timeout error: Protocol not available (os error 92)
[2026-10-05--23-09-54 WARN hyper_util::client::legacy::connect::http] tcp set_tcp_user_timeout error: Protocol not available (os error 92)
[2026-10-05--23-09-54 WARN hyper_util::client::legacy::connect::http] tcp set_tcp_user_timeout error: Protocol not available (os error 92)
[2026-10-05--23-09-54 WARN hyper_util::client::legacy::connect::http] tcp set_tcp_user_timeout error: Protocol not available (os error 92)
[2026-10-05--23-09-54 WARN hyper_util::client::legacy::connect::http] tcp set_tcp_user_timeout error: Protocol not available (os error 92)
[2026-10-05--23-09-54 WARN hyper_util::client::legacy::connect::http] tcp set_tcp_user_timeout error: Protocol not available (os error 92)
[2026-10-05--23-09-54 WARN hyper_util::client::legacy::connect::http] tcp set_tcp_user_timeout error: Protocol not available (os error 92)
[2026-10-05--23-09-54 WARN hyper_util::client::legacy::connect::http] tcp set_tcp_user_timeout error: Protocol not available (os error 92)
[2026-10-05--23-09-54 WARN hyper_util::client::legacy::connect::http] tcp set_tcp_user_timeout error: Protocol not available (os error 92)
[2026-10-05--23-09-54 WARN hyper_util::client::legacy::connect::http] tcp set_tcp_user_timeout error: Protocol not available (os error 92)
[2026-10-05--23-09-54 WARN hyper_util::client::legacy::connect::http] tcp set_tcp_user_timeout error: Protocol not available (os error 92)
[2026-10-05--23-09-54 WARN hyper_util::client::legacy::connect::http] tcp set_tcp_user_timeout error: Protocol not available (os error 92)
[2026-10-05--23-09-54 WARN hyper_util::client::legacy::connect::http] tcp set_tcp_user_timeout error: Protocol not available (os error 92)
[2026-10-05--23-09-54 WARN hyper_util::client::legacy::connect::http] tcp set_tcp_user_timeout error: Protocol not available (os error 92)
[2026-10-05--23-09-54 WARN hyper_util::client::legacy::connect::http] tcp set_tcp_user_timeout error: Protocol not available (os error 92)
[2026-10-05--23-09-54 WARN hyper_util::client::legacy::connect::http] tcp set_tcp_user_timeout error: Protocol not available (os error 92)
[2026-10-05--23-09-54 WARN hyper_util::client::legacy::connect::http] tcp set_tcp_user_timeout error: Protocol not available (os error 92)
[2026-10-05--23-09-54 WARN hyper_util::client::legacy::connect::http] tcp set_tcp_user_timeout error: Protocol not available (os error 92)
[2026-10-05--23-09-54 WARN hyper_util::client::legacy::connect::http] tcp set_tcp_user_timeout error: Protocol not available (os error 92)
[2026-10-05--23-09-54 WARN hyper_util::client::legacy::connect::http] tcp set_tcp_user_timeout error: Protocol not available (os error 92)
[2026-10-05--23-09-54 WARN hyper_util::client::legacy::connect::http] tcp set_tcp_user_timeout error: Protocol not available (os error 92)
[2026-10-05--23-09-54 WARN hyper_util::client::legacy::connect::http] tcp set_tcp_user_timeout error: Protocol not available (os error 92)
[2026-10-05--23-09-54 WARN hyper_util::client::legacy::connect::http] tcp set_tcp_user_timeout error: Protocol not available (os error 92)
[2026-10-05--23-09-54 WARN hyper_util::client::legacy::connect::http] tcp set_tcp_user_timeout error: Protocol not available (os error 92)
[2026-10-05--23-09-54 WARN hyper_util::client::legacy::connect::http] tcp set_tcp_user_timeout error: Protocol not available (os error 92)
[2026-10-05--23-09-54 WARN hyper_util::client::legacy::connect::http] tcp set_tcp_user_timeout error: Protocol not available (os error 92)
[2026-10-05--23-09-54 WARN hyper_util::client::legacy::connect::http] tcp set_tcp_user_timeout error: Protocol not available (os error 92)
[2026-10-05--23-09-54 WARN hyper_util::client::legacy::connect::http] tcp set_tcp_user_timeout error: Protocol not available (os error 92)
[2026-10-05--23-09-54 WARN hyper_util::client::legacy::connect::http] tcp set_tcp_user_timeout error: Protocol not available (os error 92)
[2026-10-05--23-09-55 WARN hyper_util::client::legacy::connect::http] tcp set_tcp_user_timeout error: Protocol not available (os error 92)
[2026-10-05--23-09-55 WARN hyper_util::client::legacy::connect::http] tcp set_tcp_user_timeout error: Protocol not available (os error 92)
[2026-10-05--23-09-55 WARN hyper_util::client::legacy::connect::http] tcp set_tcp_user_timeout error: Protocol not available (os error 92)
[2026-10-05--23-09-55 WARN hyper_util::client::legacy::connect::http] tcp set_tcp_user_timeout error: Protocol not available (os error 92)
[2026-10-05--23-09-55 WARN hyper_util::client::legacy::connect::http] tcp set_tcp_user_timeout error: Protocol not available (os error 92)
[2026-10-05--23-09-55 WARN hyper_util::client::legacy::connect::http] tcp set_tcp_user_timeout error: Protocol not available (os error 92)
[2026-10-05--23-09-55 WARN hyper_util::client::legacy::connect::http] tcp set_tcp_user_timeout error: Protocol not available (os error 92)
[2026-10-05--23-09-55 WARN hyper_util::client::legacy::connect::http] tcp set_tcp_user_timeout error: Protocol not available (os error 92)
[2026-10-05--23-09-55 WARN hyper_util::client::legacy::connect::http] tcp set_tcp_user_timeout error: Protocol not available (os error 92)
[2026-10-05--23-09-55 WARN hyper_util::client::legacy::connect::http] tcp set_tcp_user_timeout error: Protocol not available (os error 92)
[2026-10-05--23-09-55 WARN hyper_util::client::legacy::connect::http] tcp set_tcp_user_timeout error: Protocol not available (os error 92)
[2026-10-05--23-09-55 WARN hyper_util::client::legacy::connect::http] tcp set_tcp_user_timeout error: Protocol not available (os error 92)
[2026-10-05--23-09-55 WARN hyper_util::client::legacy::connect::http] tcp set_tcp_user_timeout error: Protocol not available (os error 92)
[2026-10-05--23-09-55 WARN hyper_util::client::legacy::connect::http] tcp set_tcp_user_timeout error: Protocol not available (os error 92)
[2026-10-05--23-09-55 WARN hyper_util::client::legacy::connect::http] tcp set_tcp_user_timeout error: Protocol not available (os error 92)
[2026-10-05--23-09-55 WARN hyper_util::client::legacy::connect::http] tcp set_tcp_user_timeout error: Protocol not available (os error 92)
[2026-10-05--23-09-55 WARN hyper_util::client::legacy::connect::http] tcp set_tcp_user_timeout error: Protocol not available (os error 92)
[2026-10-05--23-09-55 WARN hyper_util::client::legacy::connect::http] tcp set_tcp_user_timeout error: Protocol not available (os error 92)
[2026-10-05--23-09-55 WARN hyper_util::client::legacy::connect::http] tcp set_tcp_user_timeout error: Protocol not available (os error 92)
[2026-10-05--23-09-55 WARN hyper_util::client::legacy::connect::http] tcp set_tcp_user_timeout error: Protocol not available (os error 92)
[2026-10-05--23-09-55 WARN hyper_util::client::legacy::connect::http] tcp set_tcp_user_timeout error: Protocol not available (os error 92)
[2026-10-05--23-09-55 WARN hyper_util::client::legacy::connect::http] tcp set_tcp_user_timeout error: Protocol not available (os error 92)
[2026-10-05--23-09-55 WARN hyper_util::client::legacy::connect::http] tcp set_tcp_user_timeout error: Protocol not available (os error 92)
[2026-10-05--23-09-55 WARN hyper_util::client::legacy::connect::http] tcp set_tcp_user_timeout error: Protocol not available (os error 92)
[2026-10-05--23-09-55 WARN hyper_util::client::legacy::connect::http] tcp set_tcp_user_timeout error: Protocol not available (os error 92)
[2026-10-05--23-09-55 WARN hyper_util::client::legacy::connect::http] tcp set_tcp_user_timeout error: Protocol not available (os error 92)
[2026-10-05--23-09-55 WARN hyper_util::client::legacy::connect::http] tcp set_tcp_user_timeout error: Protocol not available (os error 92)
[2026-10-05--23-09-55 WARN hyper_util::client::legacy::connect::http] tcp set_tcp_user_timeout error: Protocol not available (os error 92)
[2026-10-05--23-09-55 WARN hyper_util::client::legacy::connect::http] tcp set_tcp_user_timeout error: Protocol not available (os error 92)
[2026-10-05--23-09-55 WARN hyper_util::client::legacy::connect::http] tcp set_tcp_user_timeout error: Protocol not available (os error 92)
[2026-10-05--23-09-55 WARN hyper_util::client::legacy::connect::http] tcp set_tcp_user_timeout error: Protocol not available (os error 92)
[2026-10-05--23-09-55 WARN hyper_util::client::legacy::connect::http] tcp set_tcp_user_timeout error: Protocol not available (os error 92)
[2026-10-05--23-09-55 WARN hyper_util::client::legacy::connect::http] tcp set_tcp_user_timeout error: Protocol not available (os error 92)
[2026-10-05--23-09-55 WARN hyper_util::client::legacy::connect::http] tcp set_tcp_user_timeout error: Protocol not available (os error 92)
[2026-10-05--23-09-55 WARN hyper_util::client::legacy::connect::http] tcp set_tcp_user_timeout error: Protocol not available (os error 92)
[2026-10-05--23-09-55 WARN hyper_util::client::legacy::connect::http] tcp set_tcp_user_timeout error: Protocol not available (os error 92)
[2026-10-05--23-09-55 WARN hyper_util::client::legacy::connect::http] tcp set_tcp_user_timeout error: Protocol not available (os error 92)
[2026-10-05--23-09-55 WARN hyper_util::client::legacy::connect::http] tcp set_tcp_user_timeout error: Protocol not available (os error 92)
[2026-10-05--23-09-55 WARN hyper_util::client::legacy::connect::http] tcp set_tcp_user_timeout error: Protocol not available (os error 92)
[2026-10-05--23-09-55 WARN hyper_util::client::legacy::connect::http] tcp set_tcp_user_timeout error: Protocol not available (os error 92)
[2026-10-05--23-09-55 WARN hyper_util::client::legacy::connect::http] tcp set_tcp_user_timeout error: Protocol not available (os error 92)
[2026-10-05--23-09-55 WARN hyper_util::client::legacy::connect::http] tcp set_tcp_user_timeout error: Protocol not available (os error 92)
[2026-10-05--23-09-55 WARN hyper_util::client::legacy::connect::http] tcp set_tcp_user_timeout error: Protocol not available (os error 92)
[2026-10-05--23-09-55 WARN hyper_util::client::legacy::connect::http] tcp set_tcp_user_timeout error: Protocol not available (os error 92)
[2026-10-05--23-09-55 WARN hyper_util::client::legacy::connect::http] tcp set_tcp_user_timeout error: Protocol not available (os error 92)
[2026-10-05--23-09-55 WARN hyper_util::client::legacy::connect::http] tcp set_tcp_user_timeout error: Protocol not available (os error 92)
[2026-10-05--23-09-55 WARN hyper_util::client::legacy::connect::http] tcp set_tcp_user_timeout error: Protocol not available (os error 92)
[2026-10-05--23-09-55 WARN hyper_util::client::legacy::connect::http] tcp set_tcp_user_timeout error: Protocol not available (os error 92)
[2026-10-05--23-09-55 WARN hyper_util::client::legacy::connect::http] tcp set_tcp_user_timeout error: Protocol not available (os error 92)
[2026-10-05--23-09-55 WARN hyper_util::client::legacy::connect::http] tcp set_tcp_user_timeout error: Protocol not available (os error 92)
[2026-10-05--23-09-55 WARN hyper_util::client::legacy::connect::http] tcp set_tcp_user_timeout error: Protocol not available (os error 92)
[2026-10-05--23-09-55 WARN hyper_util::client::legacy::connect::http] tcp set_tcp_user_timeout error: Protocol not available (os error 92)
[2026-10-05--23-09-55 WARN hyper_util::client::legacy::connect::http] tcp set_tcp_user_timeout error: Protocol not available (os error 92)
[2026-10-05--23-09-55 WARN hyper_util::client::legacy::connect::http] tcp set_tcp_user_timeout error: Protocol not available (os error 92)
[2026-10-05--23-09-55 WARN hyper_util::client::legacy::connect::http] tcp set_tcp_user_timeout error: Protocol not available (os error 92)
[2026-10-05--23-09-55 WARN hyper_util::client::legacy::connect::http] tcp set_tcp_user_timeout error: Protocol not available (os error 92)
[2026-10-05--23-09-55 WARN hyper_util::client::legacy::connect::http] tcp set_tcp_user_timeout error: Protocol not available (os error 92)
[2026-10-05--23-09-55 WARN hyper_util::client::legacy::connect::http] tcp set_tcp_user_timeout error: Protocol not available (os error 92)
[2026-10-05--23-09-55 WARN hyper_util::client::legacy::connect::http] tcp set_tcp_user_timeout error: Protocol not available (os error 92)
[2026-10-05--23-09-55 WARN hyper_util::client::legacy::connect::http] tcp set_tcp_user_timeout error: Protocol not available (os error 92)
[2026-10-05--23-09-55 WARN hyper_util::client::legacy::connect::http] tcp set_tcp_user_timeout error: Protocol not available (os error 92)
[2026-10-05--23-09-55 WARN hyper_util::client::legacy::connect::http] tcp set_tcp_user_timeout error: Protocol not available (os error 92)
[2026-10-05--23-09-55 WARN hyper_util::client::legacy::connect::http] tcp set_tcp_user_timeout error: Protocol not available (os error 92)
[2026-10-05--23-09-55 WARN hyper_util::client::legacy::connect::http] tcp set_tcp_user_timeout error: Protocol not available (os error 92)
[2026-10-05--23-09-55 WARN hyper_util::client::legacy::connect::http] tcp set_tcp_user_timeout error: Protocol not available (os error 92)
[2026-10-05--23-09-55 WARN hyper_util::client::legacy::connect::http] tcp set_tcp_user_timeout error: Protocol not available (os error 92)
[2026-10-05--23-09-55 WARN hyper_util::client::legacy::connect::http] tcp set_tcp_user_timeout error: Protocol not available (os error 92)
[2026-10-05--23-09-55 WARN hyper_util::client::legacy::connect::http] tcp set_tcp_user_timeout error: Protocol not available (os error 92)
[2026-10-05--23-09-55 WARN hyper_util::client::legacy::connect::http] tcp set_tcp_user_timeout error: Protocol not available (os error 92)
[2026-10-05--23-09-55 WARN hyper_util::client::legacy::connect::http] tcp set_tcp_user_timeout error: Protocol not available (os error 92)
[2026-10-05--23-09-55 WARN hyper_util::client::legacy::connect::http] tcp set_tcp_user_timeout error: Protocol not available (os error 92)
[2026-10-05--23-09-55 WARN hyper_util::client::legacy::connect::http] tcp set_tcp_user_timeout error: Protocol not available (os error 92)
[2026-10-05--23-09-55 WARN hyper_util::client::legacy::connect::http] tcp set_tcp_user_timeout error: Protocol not available (os error 92)
[2026-10-05--23-09-55 WARN hyper_util::client::legacy::connect::http] tcp set_tcp_user_timeout error: Protocol not available (os error 92)
[2026-10-05--23-09-55 WARN hyper_util::client::legacy::connect::http] tcp set_tcp_user_timeout error: Protocol not available (os error 92)
[2026-10-05--23-09-55 WARN hyper_util::client::legacy::connect::http] tcp set_tcp_user_timeout error: Protocol not available (os error 92)
[2026-10-05--23-09-55 WARN hyper_util::client::legacy::connect::http] tcp set_tcp_user_timeout error: Protocol not available (os error 92)
[2026-10-05--23-09-55 WARN hyper_util::client::legacy::connect::http] tcp set_tcp_user_timeout error: Protocol not available (os error 92)
[2026-10-05--23-09-55 WARN hyper_util::client::legacy::connect::http] tcp set_tcp_user_timeout error: Protocol not available (os error 92)
[2026-10-05--23-09-55 WARN hyper_util::client::legacy::connect::http] tcp set_tcp_user_timeout error: Protocol not available (os error 92)
[2026-10-05--23-09-55 WARN hyper_util::client::legacy::connect::http] tcp set_tcp_user_timeout error: Protocol not available (os error 92)
[2026-10-05--23-09-55 WARN hyper_util::client::legacy::connect::http] tcp set_tcp_user_timeout error: Protocol not available (os error 92)
[2026-10-05--23-09-55 WARN hyper_util::client::legacy::connect::http] tcp set_tcp_user_timeout error: Protocol not available (os error 92)
[2026-10-05--23-09-55 WARN hyper_util::client::legacy::connect::http] tcp set_tcp_user_timeout error: Protocol not available (os error 92)
[2026-10-05--23-09-55 WARN hyper_util::client::legacy::connect::http] tcp set_tcp_user_timeout error: Protocol not available (os error 92)
[2026-10-05--23-09-55 WARN hyper_util::client::legacy::connect::http] tcp set_tcp_user_timeout error: Protocol not available (os error 92)
[2026-10-05--23-09-55 WARN hyper_util::client::legacy::connect::http] tcp set_tcp_user_timeout error: Protocol not available (os error 92)
[2026-10-05--23-09-55 WARN hyper_util::client::legacy::connect::http] tcp set_tcp_user_timeout error: Protocol not available (os error 92)
[2026-10-05--23-09-55 WARN hyper_util::client::legacy::connect::http] tcp set_tcp_user_timeout error: Protocol not available (os error 92)
[2026-10-05--23-09-55 WARN hyper_util::client::legacy::connect::http] tcp set_tcp_user_timeout error: Protocol not available (os error 92)
[2026-10-05--23-09-55 WARN hyper_util::client::legacy::connect::http] tcp set_tcp_user_timeout error: Protocol not available (os error 92)
[2026-10-05--23-09-55 WARN hyper_util::client::legacy::connect::http] tcp set_tcp_user_timeout error: Protocol not available (os error 92)
[2026-10-05--23-09-56 WARN hyper_util::client::legacy::connect::http] tcp set_tcp_user_timeout error: Protocol not available (os error 92)
[2026-10-05--23-09-56 WARN hyper_util::client::legacy::connect::http] tcp set_tcp_user_timeout error: Protocol not available (os error 92)
[2026-10-05--23-09-56 WARN hyper_util::client::legacy::connect::http] tcp set_tcp_user_timeout error: Protocol not available (os error 92)
[2026-10-05--23-09-56 WARN hyper_util::client::legacy::connect::http] tcp set_tcp_user_timeout error: Protocol not available (os error 92)
[2026-10-05--23-09-56 WARN hyper_util::client::legacy::connect::http] tcp set_tcp_user_timeout error: Protocol not available (os error 92)
[2026-10-05--23-09-56 WARN hyper_util::client::legacy::connect::http] tcp set_tcp_user_timeout error: Protocol not available (os error 92)
[2026-10-05--23-09-56 WARN hyper_util::client::legacy::connect::http] tcp set_tcp_user_timeout error: Protocol not available (os error 92)
[2026-10-05--23-09-56 WARN hyper_util::client::legacy::connect::http] tcp set_tcp_user_timeout error: Protocol not available (os error 92)
[2026-10-05--23-09-56 WARN hyper_util::client::legacy::connect::http] tcp set_tcp_user_timeout error: Protocol not available (os error 92)
[2026-10-05--23-09-56 WARN hyper_util::client::legacy::connect::http] tcp set_tcp_user_timeout error: Protocol not available (os error 92)
[2026-10-05--23-09-56 WARN hyper_util::client::legacy::connect::http] tcp set_tcp_user_timeout error: Protocol not available (os error 92)
[2026-10-05--23-09-56 WARN hyper_util::client::legacy::connect::http] tcp set_tcp_user_timeout error: Protocol not available (os error 92)
[2026-10-05--23-09-56 WARN hyper_util::client::legacy::connect::http] tcp set_tcp_user_timeout error: Protocol not available (os error 92)
[2026-10-05--23-09-56 WARN hyper_util::client::legacy::connect::http] tcp set_tcp_user_timeout error: Protocol not available (os error 92)
[2026-10-05--23-09-56 WARN hyper_util::client::legacy::connect::http] tcp set_tcp_user_timeout error: Protocol not available (os error 92)
[2026-10-05--23-09-56 WARN hyper_util::client::legacy::connect::http] tcp set_tcp_user_timeout error: Protocol not available (os error 92)
[2026-10-05--23-09-56 WARN hyper_util::client::legacy::connect::http] tcp set_tcp_user_timeout error: Protocol not available (os error 92)
[2026-10-05--23-09-56 WARN hyper_util::client::legacy::connect::http] tcp set_tcp_user_timeout error: Protocol not available (os error 92)
[2026-10-05--23-09-56 WARN hyper_util::client::legacy::connect::http] tcp set_tcp_user_timeout error: Protocol not available (os error 92)
[2026-10-05--23-09-56 WARN hyper_util::client::legacy::connect::http] tcp set_tcp_user_timeout error: Protocol not available (os error 92)
[2026-10-05--23-09-56 WARN hyper_util::client::legacy::connect::http] tcp set_tcp_user_timeout error: Protocol not available (os error 92)
[2026-10-05--23-09-56 WARN hyper_util::client::legacy::connect::http] tcp set_tcp_user_timeout error: Protocol not available (os error 92)
[2026-10-05--23-09-56 WARN hyper_util::client::legacy::connect::http] tcp set_tcp_user_timeout error: Protocol not available (os error 92)
[2026-10-05--23-09-56 WARN hyper_util::client::legacy::connect::http] tcp set_tcp_user_timeout error: Protocol not available (os error 92)
[2026-10-05--23-09-56 WARN hyper_util::client::legacy::connect::http] tcp set_tcp_user_timeout error: Protocol not available (os error 92)
[2026-10-05--23-09-56 WARN hyper_util::client::legacy::connect::http] tcp set_tcp_user_timeout error: Protocol not available (os error 92)
[2026-10-05--23-09-56 WARN hyper_util::client::legacy::connect::http] tcp set_tcp_user_timeout error: Protocol not available (os error 92)
[2026-10-05--23-09-56 WARN hyper_util::client::legacy::connect::http] tcp set_tcp_user_timeout error: Protocol not available (os error 92)
[2026-10-05--23-09-56 WARN hyper_util::client::legacy::connect::http] tcp set_tcp_user_timeout error: Protocol not available (os error 92)
[2026-10-05--23-09-56 WARN hyper_util::client::legacy::connect::http] tcp set_tcp_user_timeout error: Protocol not available (os error 92)
[2026-10-05--23-09-56 WARN hyper_util::client::legacy::connect::http] tcp set_tcp_user_timeout error: Protocol not available (os error 92)
[2026-10-05--23-09-56 WARN hyper_util::client::legacy::connect::http] tcp set_tcp_user_timeout error: Protocol not available (os error 92)
[2026-10-05--23-09-56 WARN hyper_util::client::legacy::connect::http] tcp set_tcp_user_timeout error: Protocol not available (os error 92)
[2026-10-05--23-09-56 WARN hyper_util::client::legacy::connect::http] tcp set_tcp_user_timeout error: Protocol not available (os error 92)
[2026-10-05--23-09-56 WARN hyper_util::client::legacy::connect::http] tcp set_tcp_user_timeout error: Protocol not available (os error 92)
[2026-10-05--23-09-56 WARN hyper_util::client::legacy::connect::http] tcp set_tcp_user_timeout error: Protocol not available (os error 92)
[2026-10-05--23-09-56 WARN hyper_util::client::legacy::connect::http] tcp set_tcp_user_timeout error: Protocol not available (os error 92)
[2026-10-05--23-09-56 WARN hyper_util::client::legacy::connect::http] tcp set_tcp_user_timeout error: Protocol not available (os error 92)
[2026-10-05--23-09-56 WARN hyper_util::client::legacy::connect::http] tcp set_tcp_user_timeout error: Protocol not available (os error 92)
[2026-10-05--23-09-56 WARN hyper_util::client::legacy::connect::http] tcp set_tcp_user_timeout error: Protocol not available (os error 92)
[2026-10-05--23-09-56 WARN hyper_util::client::legacy::connect::http] tcp set_tcp_user_timeout error: Protocol not available (os error 92)
[2026-10-05--23-09-56 WARN hyper_util::client::legacy::connect::http] tcp set_tcp_user_timeout error: Protocol not available (os error 92)
[2026-10-05--23-09-56 WARN hyper_util::client::legacy::connect::http] tcp set_tcp_user_timeout error: Protocol not available (os error 92)
[2026-10-05--23-09-56 WARN hyper_util::client::legacy::connect::http] tcp set_tcp_user_timeout error: Protocol not available (os error 92)
[2026-10-05--23-09-56 WARN hyper_util::client::legacy::connect::http] tcp set_tcp_user_timeout error: Protocol not available (os error 92)
[2026-10-05--23-09-56 WARN hyper_util::client::legacy::connect::http] tcp set_tcp_user_timeout error: Protocol not available (os error 92)
[2026-10-05--23-09-56 WARN hyper_util::client::legacy::connect::http] tcp set_tcp_user_timeout error: Protocol not available (os error 92)
[2026-10-05--23-09-56 WARN hyper_util::client::legacy::connect::http] tcp set_tcp_user_timeout error: Protocol not available (os error 92)
[2026-10-05--23-09-56 WARN hyper_util::client::legacy::connect::http] tcp set_tcp_user_timeout error: Protocol not available (os error 92)
[2026-10-05--23-09-56 WARN hyper_util::client::legacy::connect::http] tcp set_tcp_user_timeout error: Protocol not available (os error 92)
[2026-10-05--23-09-56 WARN hyper_util::client::legacy::connect::http] tcp set_tcp_user_timeout error: Protocol not available (os error 92)
[2026-10-05--23-09-56 WARN hyper_util::client::legacy::connect::http] tcp set_tcp_user_timeout error: Protocol not available (os error 92)
[2026-10-05--23-09-56 WARN hyper_util::client::legacy::connect::http] tcp set_tcp_user_timeout error: Protocol not available (os error 92)
[2026-10-05--23-09-56 WARN hyper_util::client::legacy::connect::http] tcp set_tcp_user_timeout error: Protocol not available (os error 92)
[2026-10-05--23-09-56 WARN hyper_util::client::legacy::connect::http] tcp set_tcp_user_timeout error: Protocol not available (os error 92)
[2026-10-05--23-09-56 WARN hyper_util::client::legacy::connect::http] tcp set_tcp_user_timeout error: Protocol not available (os error 92)
[2026-10-05--23-09-56 WARN hyper_util::client::legacy::connect::http] tcp set_tcp_user_timeout error: Protocol not available (os error 92)
[2026-10-05--23-09-56 WARN hyper_util::client::legacy::connect::http] tcp set_tcp_user_timeout error: Protocol not available (os error 92)
[2026-10-05--23-09-56 WARN hyper_util::client::legacy::connect::http] tcp set_tcp_user_timeout error: Protocol not available (os error 92)
[2026-10-05--23-09-56 WARN hyper_util::client::legacy::connect::http] tcp set_tcp_user_timeout error: Protocol not available (os error 92)
[2026-10-05--23-09-56 WARN hyper_util::client::legacy::connect::http] tcp set_tcp_user_timeout error: Protocol not available (os error 92)
[2026-10-05--23-09-56 WARN hyper_util::client::legacy::connect::http] tcp set_tcp_user_timeout error: Protocol not available (os error 92)
[2026-10-05--23-09-56 WARN hyper_util::client::legacy::connect::http] tcp set_tcp_user_timeout error: Protocol not available (os error 92)
[2026-10-05--23-09-56 WARN hyper_util::client::legacy::connect::http] tcp set_tcp_user_timeout error: Protocol not available (os error 92)
[2026-10-05--23-09-56 WARN hyper_util::client::legacy::connect::http] tcp set_tcp_user_timeout error: Protocol not available (os error 92)
[2026-10-05--23-09-56 WARN hyper_util::client::legacy::connect::http] tcp set_tcp_user_timeout error: Protocol not available (os error 92)
[2026-10-05--23-09-56 WARN hyper_util::client::legacy::connect::http] tcp set_tcp_user_timeout error: Protocol not available (os error 92)
[2026-10-05--23-09-56 WARN hyper_util::client::legacy::connect::http] tcp set_tcp_user_timeout error: Protocol not available (os error 92)
[2026-10-05--23-09-56 WARN hyper_util::client::legacy::connect::http] tcp set_tcp_user_timeout error: Protocol not available (os error 92)
[2026-10-05--23-09-56 WARN hyper_util::client::legacy::connect::http] tcp set_tcp_user_timeout error: Protocol not available (os error 92)
[2026-10-05--23-09-56 WARN hyper_util::client::legacy::connect::http] tcp set_tcp_user_timeout error: Protocol not available (os error 92)
[2026-10-05--23-09-56 WARN hyper_util::client::legacy::connect::http] tcp set_tcp_user_timeout error: Protocol not available (os error 92)
[2026-10-05--23-09-56 WARN hyper_util::client::legacy::connect::http] tcp set_tcp_user_timeout error: Protocol not available (os error 92)
[2026-10-05--23-09-56 WARN hyper_util::client::legacy::connect::http] tcp set_tcp_user_timeout error: Protocol not available (os error 92)
[2026-10-05--23-09-56 WARN hyper_util::client::legacy::connect::http] tcp set_tcp_user_timeout error: Protocol not available (os error 92)
[2026-10-05--23-09-56 WARN hyper_util::client::legacy::connect::http] tcp set_tcp_user_timeout error: Protocol not available (os error 92)
[2026-10-05--23-09-57 WARN hyper_util::client::legacy::connect::http] tcp set_tcp_user_timeout error: Protocol not available (os error 92)
[2026-10-05--23-09-57 WARN hyper_util::client::legacy::connect::http] tcp set_tcp_user_timeout error: Protocol not available (os error 92)
[2026-10-05--23-09-57 WARN hyper_util::client::legacy::connect::http] tcp set_tcp_user_timeout error: Protocol not available (os error 92)
[2026-10-05--23-09-57 WARN hyper_util::client::legacy::connect::http] tcp set_tcp_user_timeout error: Protocol not available (os error 92)
[2026-10-05--23-09-57 WARN hyper_util::client::legacy::connect::http] tcp set_tcp_user_timeout error: Protocol not available (os error 92)
[2026-10-05--23-09-57 WARN hyper_util::client::legacy::connect::http] tcp set_tcp_user_timeout error: Protocol not available (os error 92)
[2026-10-05--23-09-57 WARN hyper_util::client::legacy::connect::http] tcp set_tcp_user_timeout error: Protocol not available (os error 92)
[2026-10-05--23-09-57 WARN hyper_util::client::legacy::connect::http] tcp set_tcp_user_timeout error: Protocol not available (os error 92)
[2026-10-05--23-09-57 WARN hyper_util::client::legacy::connect::http] tcp set_tcp_user_timeout error: Protocol not available (os error 92)
[2026-10-05--23-09-57 WARN hyper_util::client::legacy::connect::http] tcp set_tcp_user_timeout error: Protocol not available (os error 92)
[2026-10-05--23-09-57 WARN hyper_util::client::legacy::connect::http] tcp set_tcp_user_timeout error: Protocol not available (os error 92)
[2026-10-05--23-09-57 WARN hyper_util::client::legacy::connect::http] tcp set_tcp_user_timeout error: Protocol not available (os error 92)
[2026-10-05--23-09-57 WARN hyper_util::client::legacy::connect::http] tcp set_tcp_user_timeout error: Protocol not available (os error 92)
[2026-10-05--23-09-57 WARN hyper_util::client::legacy::connect::http] tcp set_tcp_user_timeout error: Protocol not available (os error 92)
[2026-10-05--23-09-57 WARN hyper_util::client::legacy::connect::http] tcp set_tcp_user_timeout error: Protocol not available (os error 92)
[2026-10-05--23-09-57 WARN hyper_util::client::legacy::connect::http] tcp set_tcp_user_timeout error: Protocol not available (os error 92)
[2026-10-05--23-09-57 WARN hyper_util::client::legacy::connect::http] tcp set_tcp_user_timeout error: Protocol not available (os error 92)
[2026-10-05--23-09-57 WARN hyper_util::client::legacy::connect::http] tcp set_tcp_user_timeout error: Protocol not available (os error 92)
[2026-10-05--23-09-57 WARN hyper_util::client::legacy::connect::http] tcp set_tcp_user_timeout error: Protocol not available (os error 92)
[2026-10-05--23-09-57 WARN hyper_util::client::legacy::connect::http] tcp set_tcp_user_timeout error: Protocol not available (os error 92)
[2026-10-05--23-09-57 WARN hyper_util::client::legacy::connect::http] tcp set_tcp_user_timeout error: Protocol not available (os error 92)
[2026-10-05--23-09-57 WARN hyper_util::client::legacy::connect::http] tcp set_tcp_user_timeout error: Protocol not available (os error 92)
[2026-10-05--23-09-57 WARN hyper_util::client::legacy::connect::http] tcp set_tcp_user_timeout error: Protocol not available (os error 92)
[2026-10-05--23-09-57 WARN hyper_util::client::legacy::connect::http] tcp set_tcp_user_timeout error: Protocol not available (os error 92)
[2026-10-05--23-09-57 WARN hyper_util::client::legacy::connect::http] tcp set_tcp_user_timeout error: Protocol not available (os error 92)
[2026-10-05--23-09-57 WARN hyper_util::client::legacy::connect::http] tcp set_tcp_user_timeout error: Protocol not available (os error 92)
[2026-10-05--23-09-57 WARN hyper_util::client::legacy::connect::http] tcp set_tcp_user_timeout error: Protocol not available (os error 92)
[2026-10-05--23-09-57 WARN hyper_util::client::legacy::connect::http] tcp set_tcp_user_timeout error: Protocol not available (os error 92)
[2026-10-05--23-09-57 WARN hyper_util::client::legacy::connect::http] tcp set_tcp_user_timeout error: Protocol not available (os error 92)
[2026-10-05--23-09-57 WARN hyper_util::client::legacy::connect::http] tcp set_tcp_user_timeout error: Protocol not available (os error 92)
[2026-10-05--23-09-57 WARN hyper_util::client::legacy::connect::http] tcp set_tcp_user_timeout error: Protocol not available (os error 92)
[2026-10-05--23-09-57 WARN hyper_util::client::legacy::connect::http] tcp set_tcp_user_timeout error: Protocol not available (os error 92)
[2026-10-05--23-09-57 WARN hyper_util::client::legacy::connect::http] tcp set_tcp_user_timeout error: Protocol not available (os error 92)
[2026-10-05--23-09-57 WARN hyper_util::client::legacy::connect::http] tcp set_tcp_user_timeout error: Protocol not available (os error 92)
[2026-10-05--23-09-57 WARN hyper_util::client::legacy::connect::http] tcp set_tcp_user_timeout error: Protocol not available (os error 92)
[2026-10-05--23-09-57 WARN hyper_util::client::legacy::connect::http] tcp set_tcp_user_timeout error: Protocol not available (os error 92)
[2026-10-05--23-09-57 WARN hyper_util::client::legacy::connect::http] tcp set_tcp_user_timeout error: Protocol not available (os error 92)
[2026-10-05--23-09-57 WARN hyper_util::client::legacy::connect::http] tcp set_tcp_user_timeout error: Protocol not available (os error 92)
[2026-10-05--23-09-57 WARN hyper_util::client::legacy::connect::http] tcp set_tcp_user_timeout error: Protocol not available (os error 92)
[2026-10-05--23-09-57 WARN hyper_util::client::legacy::connect::http] tcp set_tcp_user_timeout error: Protocol not available (os error 92)
[2026-10-05--23-09-57 WARN hyper_util::client::legacy::connect::http] tcp set_tcp_user_timeout error: Protocol not available (os error 92)
[2026-10-05--23-09-57 WARN hyper_util::client::legacy::connect::http] tcp set_tcp_user_timeout error: Protocol not available (os error 92)
[2026-10-05--23-09-57 WARN hyper_util::client::legacy::connect::http] tcp set_tcp_user_timeout error: Protocol not available (os error 92)
[2026-10-05--23-09-57 WARN hyper_util::client::legacy::connect::http] tcp set_tcp_user_timeout error: Protocol not available (os error 92)
[2026-10-05--23-09-57 WARN hyper_util::client::legacy::connect::http] tcp set_tcp_user_timeout error: Protocol not available (os error 92)
[2026-10-05--23-09-57 WARN hyper_util::client::legacy::connect::http] tcp set_tcp_user_timeout error: Protocol not available (os error 92)
[2026-10-05--23-09-57 WARN hyper_util::client::legacy::connect::http] tcp set_tcp_user_timeout error: Protocol not available (os error 92)
[2026-10-05--23-09-57 WARN hyper_util::client::legacy::connect::http] tcp set_tcp_user_timeout error: Protocol not available (os error 92)
[2026-10-05--23-09-57 WARN hyper_util::client::legacy::connect::http] tcp set_tcp_user_timeout error: Protocol not available (os error 92)
[2026-10-05--23-09-57 WARN hyper_util::client::legacy::connect::http] tcp set_tcp_user_timeout error: Protocol not available (os error 92)
[2026-10-05--23-09-57 WARN hyper_util::client::legacy::connect::http] tcp set_tcp_user_timeout error: Protocol not available (os error 92)
[2026-10-05--23-09-57 WARN hyper_util::client::legacy::connect::http] tcp set_tcp_user_timeout error: Protocol not available (os error 92)
[2026-10-05--23-09-57 WARN hyper_util::client::legacy::connect::http] tcp set_tcp_user_timeout error: Protocol not available (os error 92)
[2026-10-05--23-09-57 WARN hyper_util::client::legacy::connect::http] tcp set_tcp_user_timeout error: Protocol not available (os error 92)
[2026-10-05--23-09-57 WARN hyper_util::client::legacy::connect::http] tcp set_tcp_user_timeout error: Protocol not available (os error 92)
[2026-10-05--23-09-57 WARN hyper_util::client::legacy::connect::http] tcp set_tcp_user_timeout error: Protocol not available (os error 92)
[2026-10-05--23-09-57 WARN hyper_util::client::legacy::connect::http] tcp set_tcp_user_timeout error: Protocol not available (os error 92)
[2026-10-05--23-09-57 WARN hyper_util::client::legacy::connect::http] tcp set_tcp_user_timeout error: Protocol not available (os error 92)
[2026-10-05--23-09-57 WARN hyper_util::client::legacy::connect::http] tcp set_tcp_user_timeout error: Protocol not available (os error 92)
[2026-10-05--23-09-57 WARN hyper_util::client::legacy::connect::http] tcp set_tcp_user_timeout error: Protocol not available (os error 92)
[2026-10-05--23-09-57 WARN hyper_util::client::legacy::connect::http] tcp set_tcp_user_timeout error: Protocol not available (os error 92)
[2026-10-05--23-09-57 WARN hyper_util::client::legacy::connect::http] tcp set_tcp_user_timeout error: Protocol not available (os error 92)
[2026-10-05--23-09-57 WARN hyper_util::client::legacy::connect::http] tcp set_tcp_user_timeout error: Protocol not available (os error 92)
[2026-10-05--23-09-57 WARN hyper_util::client::legacy::connect::http] tcp set_tcp_user_timeout error: Protocol not available (os error 92)
[2026-10-05--23-09-57 WARN hyper_util::client::legacy::connect::http] tcp set_tcp_user_timeout error: Protocol not available (os error 92)
[2026-10-05--23-09-57 WARN hyper_util::client::legacy::connect::http] tcp set_tcp_user_timeout error: Protocol not available (os error 92)
[2026-10-05--23-09-57 WARN hyper_util::client::legacy::connect::http] tcp set_tcp_user_timeout error: Protocol not available (os error 92)
[2026-10-05--23-09-57 WARN hyper_util::client::legacy::connect::http] tcp set_tcp_user_timeout error: Protocol not available (os error 92)
[2026-10-05--23-09-57 WARN hyper_util::client::legacy::connect::http] tcp set_tcp_user_timeout error: Protocol not available (os error 92)
[2026-10-05--23-09-57 WARN hyper_util::client::legacy::connect::http] tcp set_tcp_user_timeout error: Protocol not available (os error 92)
[2026-10-05--23-09-57 WARN hyper_util::client::legacy::connect::http] tcp set_tcp_user_timeout error: Protocol not available (os error 92)
[2026-10-05--23-09-58 WARN hyper_util::client::legacy::connect::http] tcp set_tcp_user_timeout error: Protocol not available (os error 92)
[2026-10-05--23-09-58 WARN hyper_util::client::legacy::connect::http] tcp set_tcp_user_timeout error: Protocol not available (os error 92)
[2026-10-05--23-09-58 WARN hyper_util::client::legacy::connect::http] tcp set_tcp_user_timeout error: Protocol not available (os error 92)
[2026-10-05--23-09-58 WARN hyper_util::client::legacy::connect::http] tcp set_tcp_user_timeout error: Protocol not available (os error 92)
[2026-10-05--23-09-58 WARN hyper_util::client::legacy::connect::http] tcp set_tcp_user_timeout error: Protocol not available (os error 92)
[2026-10-05--23-09-58 WARN hyper_util::client::legacy::connect::http] tcp set_tcp_user_timeout error: Protocol not available (os error 92)
[2026-10-05--23-09-58 WARN hyper_util::client::legacy::connect::http] tcp set_tcp_user_timeout error: Protocol not available (os error 92)
[2026-10-05--23-09-58 WARN hyper_util::client::legacy::connect::http] tcp set_tcp_user_timeout error: Protocol not available (os error 92)
[2026-10-05--23-09-58 WARN hyper_util::client::legacy::connect::http] tcp set_tcp_user_timeout error: Protocol not available (os error 92)
[2026-10-05--23-09-58 WARN hyper_util::client::legacy::connect::http] tcp set_tcp_user_timeout error: Protocol not available (os error 92)
[2026-10-05--23-09-58 WARN hyper_util::client::legacy::connect::http] tcp set_tcp_user_timeout error: Protocol not available (os error 92)
[2026-10-05--23-09-58 WARN hyper_util::client::legacy::connect::http] tcp set_tcp_user_timeout error: Protocol not available (os error 92)
[2026-10-05--23-09-58 WARN hyper_util::client::legacy::connect::http] tcp set_tcp_user_timeout error: Protocol not available (os error 92)
[2026-10-05--23-09-58 WARN hyper_util::client::legacy::connect::http] tcp set_tcp_user_timeout error: Protocol not available (os error 92)
[2026-10-05--23-09-58 WARN hyper_util::client::legacy::connect::http] tcp set_tcp_user_timeout error: Protocol not available (os error 92)
[2026-10-05--23-09-58 WARN hyper_util::client::legacy::connect::http] tcp set_tcp_user_timeout error: Protocol not available (os error 92)
[2026-10-05--23-09-58 WARN hyper_util::client::legacy::connect::http] tcp set_tcp_user_timeout error: Protocol not available (os error 92)
[2026-10-05--23-09-58 WARN hyper_util::client::legacy::connect::http] tcp set_tcp_user_timeout error: Protocol not available (os error 92)
[2026-10-05--23-09-58 WARN hyper_util::client::legacy::connect::http] tcp set_tcp_user_timeout error: Protocol not available (os error 92)
[2026-10-05--23-09-58 WARN hyper_util::client::legacy::connect::http] tcp set_tcp_user_timeout error: Protocol not available (os error 92)
[2026-10-05--23-09-58 WARN hyper_util::client::legacy::connect::http] tcp set_tcp_user_timeout error: Protocol not available (os error 92)
[2026-10-05--23-09-58 WARN hyper_util::client::legacy::connect::http] tcp set_tcp_user_timeout error: Protocol not available (os error 92)
[2026-10-05--23-09-58 WARN hyper_util::client::legacy::connect::http] tcp set_tcp_user_timeout error: Protocol not available (os error 92)
[2026-10-05--23-09-58 WARN hyper_util::client::legacy::connect::http] tcp set_tcp_user_timeout error: Protocol not available (os error 92)
[2026-10-05--23-09-58 WARN hyper_util::client::legacy::connect::http] tcp set_tcp_user_timeout error: Protocol not available (os error 92)
[2026-10-05--23-09-58 WARN hyper_util::client::legacy::connect::http] tcp set_tcp_user_timeout error: Protocol not available (os error 92)
[2026-10-05--23-09-58 WARN hyper_util::client::legacy::connect::http] tcp set_tcp_user_timeout error: Protocol not available (os error 92)
[2026-10-05--23-09-58 WARN hyper_util::client::legacy::connect::http] tcp set_tcp_user_timeout error: Protocol not available (os error 92)
[2026-10-05--23-09-58 WARN hyper_util::client::legacy::connect::http] tcp set_tcp_user_timeout error: Protocol not available (os error 92)
[2026-10-05--23-09-58 WARN hyper_util::client::legacy::connect::http] tcp set_tcp_user_timeout error: Protocol not available (os error 92)
[2026-10-05--23-09-58 WARN hyper_util::client::legacy::connect::http] tcp set_tcp_user_timeout error: Protocol not available (os error 92)
[2026-10-05--23-09-58 WARN hyper_util::client::legacy::connect::http] tcp set_tcp_user_timeout error: Protocol not available (os error 92)
[2026-10-05--23-09-58 WARN hyper_util::client::legacy::connect::http] tcp set_tcp_user_timeout error: Protocol not available (os error 92)
[2026-10-05--23-09-58 WARN hyper_util::client::legacy::connect::http] tcp set_tcp_user_timeout error: Protocol not available (os error 92)
[2026-10-05--23-09-58 WARN hyper_util::client::legacy::connect::http] tcp set_tcp_user_timeout error: Protocol not available (os error 92)
[2026-10-05--23-09-58 WARN hyper_util::client::legacy::connect::http] tcp set_tcp_user_timeout error: Protocol not available (os error 92)
[2026-10-05--23-09-58 WARN hyper_util::client::legacy::connect::http] tcp set_tcp_user_timeout error: Protocol not available (os error 92)
[2026-10-05--23-09-58 WARN hyper_util::client::legacy::connect::http] tcp set_tcp_user_timeout error: Protocol not available (os error 92)
[2026-10-05--23-09-58 WARN hyper_util::client::legacy::connect::http] tcp set_tcp_user_timeout error: Protocol not available (os error 92)
[2026-10-05--23-09-58 WARN hyper_util::client::legacy::connect::http] tcp set_tcp_user_timeout error: Protocol not available (os error 92)
[2026-10-05--23-09-58 WARN hyper_util::client::legacy::connect::http] tcp set_tcp_user_timeout error: Protocol not available (os error 92)
[2026-10-05--23-09-58 WARN hyper_util::client::legacy::connect::http] tcp set_tcp_user_timeout error: Protocol not available (os error 92)
[2026-10-05--23-09-58 WARN hyper_util::client::legacy::connect::http] tcp set_tcp_user_timeout error: Protocol not available (os error 92)
[2026-10-05--23-09-58 WARN hyper_util::client::legacy::connect::http] tcp set_tcp_user_timeout error: Protocol not available (os error 92)
[2026-10-05--23-09-58 WARN hyper_util::client::legacy::connect::http] tcp set_tcp_user_timeout error: Protocol not available (os error 92)
[2026-10-05--23-09-58 WARN hyper_util::client::legacy::connect::http] tcp set_tcp_user_timeout error: Protocol not available (os error 92)
[2026-10-05--23-09-58 WARN hyper_util::client::legacy::connect::http] tcp set_tcp_user_timeout error: Protocol not available (os error 92)
[2026-10-05--23-09-58 WARN hyper_util::client::legacy::connect::http] tcp set_tcp_user_timeout error: Protocol not available (os error 92)
[2026-10-05--23-09-58 WARN hyper_util::client::legacy::connect::http] tcp set_tcp_user_timeout error: Protocol not available (os error 92)
[2026-10-05--23-09-58 WARN hyper_util::client::legacy::connect::http] tcp set_tcp_user_timeout error: Protocol not available (os error 92)
[2026-10-05--23-09-58 WARN hyper_util::client::legacy::connect::http] tcp set_tcp_user_timeout error: Protocol not available (os error 92)
[2026-10-05--23-09-58 WARN hyper_util::client::legacy::connect::http] tcp set_tcp_user_timeout error: Protocol not available (os error 92)
[2026-10-05--23-09-58 WARN hyper_util::client::legacy::connect::http] tcp set_tcp_user_timeout error: Protocol not available (os error 92)
[2026-10-05--23-09-58 WARN hyper_util::client::legacy::connect::http] tcp set_tcp_user_timeout error: Protocol not available (os error 92)
[2026-10-05--23-09-58 WARN hyper_util::client::legacy::connect::http] tcp set_tcp_user_timeout error: Protocol not available (os error 92)
[2026-10-05--23-09-58 WARN hyper_util::client::legacy::connect::http] tcp set_tcp_user_timeout error: Protocol not available (os error 92)
[2026-10-05--23-09-58 WARN hyper_util::client::legacy::connect::http] tcp set_tcp_user_timeout error: Protocol not available (os error 92)
[2026-10-05--23-09-58 WARN hyper_util::client::legacy::connect::http] tcp set_tcp_user_timeout error: Protocol not available (os error 92)
[2026-10-05--23-09-58 WARN hyper_util::client::legacy::connect::http] tcp set_tcp_user_timeout error: Protocol not available (os error 92)
[2026-10-05--23-09-58 WARN hyper_util::client::legacy::connect::http] tcp set_tcp_user_timeout error: Protocol not available (os error 92)
[2026-10-05--23-09-58 WARN hyper_util::client::legacy::connect::http] tcp set_tcp_user_timeout error: Protocol not available (os error 92)
[2026-10-05--23-09-58 WARN hyper_util::client::legacy::connect::http] tcp set_tcp_user_timeout error: Protocol not available (os error 92)
[2026-10-05--23-09-58 WARN hyper_util::client::legacy::connect::http] tcp set_tcp_user_timeout error: Protocol not available (os error 92)
[2026-10-05--23-09-58 WARN hyper_util::client::legacy::connect::http] tcp set_tcp_user_timeout error: Protocol not available (os error 92)
[2026-10-05--23-09-58 WARN hyper_util::client::legacy::connect::http] tcp set_tcp_user_timeout error: Protocol not available (os error 92)
[2026-10-05--23-09-58 WARN hyper_util::client::legacy::connect::http] tcp set_tcp_user_timeout error: Protocol not available (os error 92)
[2026-10-05--23-09-58 WARN hyper_util::client::legacy::connect::http] tcp set_tcp_user_timeout error: Protocol not available (os error 92)
[2026-10-05--23-09-58 WARN hyper_util::client::legacy::connect::http] tcp set_tcp_user_timeout error: Protocol not available (os error 92)
[2026-10-05--23-09-58 WARN hyper_util::client::legacy::connect::http] tcp set_tcp_user_timeout error: Protocol not available (os error 92)
[2026-10-05--23-09-58 WARN hyper_util::client::legacy::connect::http] tcp set_tcp_user_timeout error: Protocol not available (os error 92)
[2026-10-05--23-09-58 WARN hyper_util::client::legacy::connect::http] tcp set_tcp_user_timeout error: Protocol not available (os error 92)
[2026-10-05--23-09-58 WARN hyper_util::client::legacy::connect::http] tcp set_tcp_user_timeout error: Protocol not available (os error 92)
[2026-10-05--23-09-58 WARN hyper_util::client::legacy::connect::http] tcp set_tcp_user_timeout error: Protocol not available (os error 92)
[2026-10-05--23-09-58 WARN hyper_util::client::legacy::connect::http] tcp set_tcp_user_timeout error: Protocol not available (os error 92)
[2026-10-05--23-09-58 WARN hyper_util::client::legacy::connect::http] tcp set_tcp_user_timeout error: Protocol not available (os error 92)
[2026-10-05--23-09-58 WARN hyper_util::client::legacy::connect::http] tcp set_tcp_user_timeout error: Protocol not available (os error 92)
[2026-10-05--23-09-58 WARN hyper_util::client::legacy::connect::http] tcp set_tcp_user_timeout error: Protocol not available (os error 92)
[2026-10-05--23-09-58 WARN hyper_util::client::legacy::connect::http] tcp set_tcp_user_timeout error: Protocol not available (os error 92)
[2026-10-05--23-09-58 WARN hyper_util::client::legacy::connect::http] tcp set_tcp_user_timeout error: Protocol not available (os error 92)
[2026-10-05--23-09-58 WARN hyper_util::client::legacy::connect::http] tcp set_tcp_user_timeout error: Protocol not available (os error 92)
[2026-10-05--23-09-58 WARN hyper_util::client::legacy::connect::http] tcp set_tcp_user_timeout error: Protocol not available (os error 92)
[2026-10-05--23-09-58 WARN hyper_util::client::legacy::connect::http] tcp set_tcp_user_timeout error: Protocol not available (os error 92)
[2026-10-05--23-09-58 WARN hyper_util::client::legacy::connect::http] tcp set_tcp_user_timeout error: Protocol not available (os error 92)
[2026-10-05--23-09-58 WARN hyper_util::client::legacy::connect::http] tcp set_tcp_user_timeout error: Protocol not available (os error 92)
[2026-10-05--23-09-58 WARN hyper_util::client::legacy::connect::http] tcp set_tcp_user_timeout error: Protocol not available (os error 92)
[2026-10-05--23-09-58 WARN hyper_util::client::legacy::connect::http] tcp set_tcp_user_timeout error: Protocol not available (os error 92)
[2026-10-05--23-09-58 WARN hyper_util::client::legacy::connect::http] tcp set_tcp_user_timeout error: Protocol not available (os error 92)
[2026-10-05--23-09-58 WARN hyper_util::client::legacy::connect::http] tcp set_tcp_user_timeout error: Protocol not available (os error 92)
[2026-10-05--23-09-58 WARN hyper_util::client::legacy::connect::http] tcp set_tcp_user_timeout error: Protocol not available (os error 92)
[2026-10-05--23-09-58 WARN hyper_util::client::legacy::connect::http] tcp set_tcp_user_timeout error: Protocol not available (os error 92)
[2026-10-05--23-09-58 WARN hyper_util::client::legacy::connect::http] tcp set_tcp_user_timeout error: Protocol not available (os error 92)
[2026-10-05--23-09-58 WARN hyper_util::client::legacy::connect::http] tcp set_tcp_user_timeout error: Protocol not available (os error 92)
[2026-10-05--23-09-58 WARN hyper_util::client::legacy::connect::http] tcp set_tcp_user_timeout error: Protocol not available (os error 92)
[2026-10-05--23-09-58 WARN hyper_util::client::legacy::connect::http] tcp set_tcp_user_timeout error: Protocol not available (os error 92)
[2026-10-05--23-09-58 WARN hyper_util::client::legacy::connect::http] tcp set_tcp_user_timeout error: Protocol not available (os error 92)
[2026-10-05--23-09-58 WARN hyper_util::client::legacy::connect::http] tcp set_tcp_user_timeout error: Protocol not available (os error 92)
[2026-10-05--23-09-58 WARN hyper_util::client::legacy::connect::http] tcp set_tcp_user_timeout error: Protocol not available (os error 92)
[2026-10-05--23-09-58 WARN hyper_util::client::legacy::connect::http] tcp set_tcp_user_timeout error: Protocol not available (os error 92)
[2026-10-05--23-09-58 WARN hyper_util::client::legacy::connect::http] tcp set_tcp_user_timeout error: Protocol not available (os error 92)
[2026-10-05--23-09-58 WARN hyper_util::client::legacy::connect::http] tcp set_tcp_user_timeout error: Protocol not available (os error 92)
[2026-10-05--23-09-58 WARN hyper_util::client::legacy::connect::http] tcp set_tcp_user_timeout error: Protocol not available (os error 92)
[2026-10-05--23-09-58 WARN hyper_util::client::legacy::connect::http] tcp set_tcp_user_timeout error: Protocol not available (os error 92)
[2026-10-05--23-09-59 WARN hyper_util::client::legacy::connect::http] tcp set_tcp_user_timeout error: Protocol not available (os error 92)
[2026-10-05--23-09-59 WARN hyper_util::client::legacy::connect::http] tcp set_tcp_user_timeout error: Protocol not available (os error 92)
[2026-10-05--23-09-59 WARN hyper_util::client::legacy::connect::http] tcp set_tcp_user_timeout error: Protocol not available (os error 92)
[2026-10-05--23-09-59 WARN hyper_util::client::legacy::connect::http] tcp set_tcp_user_timeout error: Protocol not available (os error 92)
[2026-10-05--23-09-59 WARN hyper_util::client::legacy::connect::http] tcp set_tcp_user_timeout error: Protocol not available (os error 92)
[2026-10-05--23-09-59 WARN hyper_util::client::legacy::connect::http] tcp set_tcp_user_timeout error: Protocol not available (os error 92)
[2026-10-05--23-09-59 WARN hyper_util::client::legacy::connect::http] tcp set_tcp_user_timeout error: Protocol not available (os error 92)
[2026-10-05--23-09-59 WARN hyper_util::client::legacy::connect::http] tcp set_tcp_user_timeout error: Protocol not available (os error 92)
[2026-10-05--23-09-59 WARN hyper_util::client::legacy::connect::http] tcp set_tcp_user_timeout error: Protocol not available (os error 92)
[2026-10-05--23-09-59 WARN hyper_util::client::legacy::connect::http] tcp set_tcp_user_timeout error: Protocol not available (os error 92)
[2026-10-05--23-09-59 WARN hyper_util::client::legacy::connect::http] tcp set_tcp_user_timeout error: Protocol not available (os error 92)
[2026-10-05--23-09-59 WARN hyper_util::client::legacy::connect::http] tcp set_tcp_user_timeout error: Protocol not available (os error 92)
[2026-10-05--23-09-59 WARN hyper_util::client::legacy::connect::http] tcp set_tcp_user_timeout error: Protocol not available (os error 92)
[2026-10-05--23-09-59 WARN hyper_util::client::legacy::connect::http] tcp set_tcp_user_timeout error: Protocol not available (os error 92)
[2026-10-05--23-09-59 WARN hyper_util::client::legacy::connect::http] tcp set_tcp_user_timeout error: Protocol not available (os error 92)
[2026-10-05--23-09-59 WARN hyper_util::client::legacy::connect::http] tcp set_tcp_user_timeout error: Protocol not available (os error 92)
[2026-10-05--23-09-59 WARN hyper_util::client::legacy::connect::http] tcp set_tcp_user_timeout error: Protocol not available (os error 92)
[2026-10-05--23-09-59 WARN hyper_util::client::legacy::connect::http] tcp set_tcp_user_timeout error: Protocol not available (os error 92)
[2026-10-05--23-09-59 WARN hyper_util::client::legacy::connect::http] tcp set_tcp_user_timeout error: Protocol not available (os error 92)
[2026-10-05--23-09-59 WARN hyper_util::client::legacy::connect::http] tcp set_tcp_user_timeout error: Protocol not available (os error 92)
[2026-10-05--23-09-59 WARN hyper_util::client::legacy::connect::http] tcp set_tcp_user_timeout error: Protocol not available (os error 92)
[2026-10-05--23-09-59 WARN hyper_util::client::legacy::connect::http] tcp set_tcp_user_timeout error: Protocol not available (os error 92)
[2026-10-05--23-09-59 WARN hyper_util::client::legacy::connect::http] tcp set_tcp_user_timeout error: Protocol not available (os error 92)
[2026-10-05--23-09-59 WARN hyper_util::client::legacy::connect::http] tcp set_tcp_user_timeout error: Protocol not available (os error 92)
[2026-10-05--23-09-59 WARN hyper_util::client::legacy::connect::http] tcp set_tcp_user_timeout error: Protocol not available (os error 92)
[2026-10-05--23-09-59 WARN hyper_util::client::legacy::connect::http] tcp set_tcp_user_timeout error: Protocol not available (os error 92)
[2026-10-05--23-09-59 WARN hyper_util::client::legacy::connect::http] tcp set_tcp_user_timeout error: Protocol not available (os error 92)
[2026-10-05--23-09-59 WARN hyper_util::client::legacy::connect::http] tcp set_tcp_user_timeout error: Protocol not available (os error 92)
[2026-10-05--23-09-59 WARN hyper_util::client::legacy::connect::http] tcp set_tcp_user_timeout error: Protocol not available (os error 92)
[2026-10-05--23-09-59 WARN hyper_util::client::legacy::connect::http] tcp set_tcp_user_timeout error: Protocol not available (os error 92)
[2026-10-05--23-09-59 WARN hyper_util::client::legacy::connect::http] tcp set_tcp_user_timeout error: Protocol not available (os error 92)
[2026-10-05--23-09-59 WARN hyper_util::client::legacy::connect::http] tcp set_tcp_user_timeout error: Protocol not available (os error 92)
[2026-10-05--23-09-59 WARN hyper_util::client::legacy::connect::http] tcp set_tcp_user_timeout error: Protocol not available (os error 92)
[2026-10-05--23-09-59 WARN hyper_util::client::legacy::connect::http] tcp set_tcp_user_timeout error: Protocol not available (os error 92)
[2026-10-05--23-09-59 WARN hyper_util::client::legacy::connect::http] tcp set_tcp_user_timeout error: Protocol not available (os error 92)
[2026-10-05--23-09-59 WARN hyper_util::client::legacy::connect::http] tcp set_tcp_user_timeout error: Protocol not available (os error 92)
[2026-10-05--23-09-59 WARN hyper_util::client::legacy::connect::http] tcp set_tcp_user_timeout error: Protocol not available (os error 92)
[2026-10-05--23-09-59 WARN hyper_util::client::legacy::connect::http] tcp set_tcp_user_timeout error: Protocol not available (os error 92)
[2026-10-05--23-09-59 WARN hyper_util::client::legacy::connect::http] tcp set_tcp_user_timeout error: Protocol not available (os error 92)
[2026-10-05--23-09-59 WARN hyper_util::client::legacy::connect::http] tcp set_tcp_user_timeout error: Protocol not available (os error 92)
[2026-10-05--23-09-59 WARN hyper_util::client::legacy::connect::http] tcp set_tcp_user_timeout error: Protocol not available (os error 92)
[2026-10-05--23-09-59 WARN hyper_util::client::legacy::connect::http] tcp set_tcp_user_timeout error: Protocol not available (os error 92)
[2026-10-05--23-09-59 WARN hyper_util::client::legacy::connect::http] tcp set_tcp_user_timeout error: Protocol not available (os error 92)
[2026-10-05--23-09-59 WARN hyper_util::client::legacy::connect::http] tcp set_tcp_user_timeout error: Protocol not available (os error 92)
[2026-10-05--23-09-59 WARN hyper_util::client::legacy::connect::http] tcp set_tcp_user_timeout error: Protocol not available (os error 92)
[2026-10-05--23-09-59 WARN hyper_util::client::legacy::connect::http] tcp set_tcp_user_timeout error: Protocol not available (os error 92)
[2026-10-05--23-09-59 WARN hyper_util::client::legacy::connect::http] tcp set_tcp_user_timeout error: Protocol not available (os error 92)
[2026-10-05--23-09-59 WARN hyper_util::client::legacy::connect::http] tcp set_tcp_user_timeout error: Protocol not available (os error 92)
[2026-10-05--23-09-59 WARN hyper_util::client::legacy::connect::http] tcp set_tcp_user_timeout error: Protocol not available (os error 92)
[2026-10-05--23-09-59 WARN hyper_util::client::legacy::connect::http] tcp set_tcp_user_timeout error: Protocol not available (os error 92)
[2026-10-05--23-09-59 WARN hyper_util::client::legacy::connect::http] tcp set_tcp_user_timeout error: Protocol not available (os error 92)
[2026-10-05--23-09-59 WARN hyper_util::client::legacy::connect::http] tcp set_tcp_user_timeout error: Protocol not available (os error 92)
[2026-10-05--23-09-59 WARN hyper_util::client::legacy::connect::http] tcp set_tcp_user_timeout error: Protocol not available (os error 92)
[2026-10-05--23-09-59 WARN hyper_util::client::legacy::connect::http] tcp set_tcp_user_timeout error: Protocol not available (os error 92)
[2026-10-05--23-09-59 WARN hyper_util::client::legacy::connect::http] tcp set_tcp_user_timeout error: Protocol not available (os error 92)
[2026-10-05--23-09-59 WARN hyper_util::client::legacy::connect::http] tcp set_tcp_user_timeout error: Protocol not available (os error 92)
[2026-10-05--23-09-59 WARN hyper_util::client::legacy::connect::http] tcp set_tcp_user_timeout error: Protocol not available (os error 92)
[2026-10-05--23-09-59 WARN hyper_util::client::legacy::connect::http] tcp set_tcp_user_timeout error: Protocol not available (os error 92)
[2026-10-05--23-09-59 WARN hyper_util::client::legacy::connect::http] tcp set_tcp_user_timeout error: Protocol not available (os error 92)
[2026-10-05--23-09-59 WARN hyper_util::client::legacy::connect::http] tcp set_tcp_user_timeout error: Protocol not available (os error 92)
[2026-10-05--23-09-59 WARN hyper_util::client::legacy::connect::http] tcp set_tcp_user_timeout error: Protocol not available (os error 92)
[2026-10-05--23-09-59 WARN hyper_util::client::legacy::connect::http] tcp set_tcp_user_timeout error: Protocol not available (os error 92)
[2026-10-05--23-09-59 WARN hyper_util::client::legacy::connect::http] tcp set_tcp_user_timeout error: Protocol not available (os error 92)
[2026-10-05--23-09-59 WARN hyper_util::client::legacy::connect::http] tcp set_tcp_user_timeout error: Protocol not available (os error 92)
[2026-10-05--23-09-59 WARN hyper_util::client::legacy::connect::http] tcp set_tcp_user_timeout error: Protocol not available (os error 92)
[2026-10-05--23-09-59 WARN hyper_util::client::legacy::connect::http] tcp set_tcp_user_timeout error: Protocol not available (os error 92)
[2026-10-05--23-09-59 WARN hyper_util::client::legacy::connect::http] tcp set_tcp_user_timeout error: Protocol not available (os error 92)
[2026-10-05--23-09-59 WARN hyper_util::client::legacy::connect::http] tcp set_tcp_user_timeout error: Protocol not available (os error 92)
[2026-10-05--23-09-59 WARN hyper_util::client::legacy::connect::http] tcp set_tcp_user_timeout error: Protocol not available (os error 92)
[2026-10-05--23-09-59 WARN hyper_util::client::legacy::connect::http] tcp set_tcp_user_timeout error: Protocol not available (os error 92)
[2026-10-05--23-09-59 WARN hyper_util::client::legacy::connect::http] tcp set_tcp_user_timeout error: Protocol not available (os error 92)
[2026-10-05--23-09-59 WARN hyper_util::client::legacy::connect::http] tcp set_tcp_user_timeout error: Protocol not available (os error 92)
[2026-10-05--23-09-59 WARN hyper_util::client::legacy::connect::http] tcp set_tcp_user_timeout error: Protocol not available (os error 92)
[2026-10-05--23-09-59 WARN hyper_util::client::legacy::connect::http] tcp set_tcp_user_timeout error: Protocol not available (os error 92)
[2026-10-05--23-09-59 WARN hyper_util::client::legacy::connect::http] tcp set_tcp_user_timeout error: Protocol not available (os error 92)
[2026-10-05--23-09-59 WARN hyper_util::client::legacy::connect::http] tcp set_tcp_user_timeout error: Protocol not available (os error 92)
[2026-10-05--23-09-59 WARN hyper_util::client::legacy::connect::http] tcp set_tcp_user_timeout error: Protocol not available (os error 92)
[2026-10-05--23-09-59 WARN hyper_util::client::legacy::connect::http] tcp set_tcp_user_timeout error: Protocol not available (os error 92)
[2026-10-05--23-09-59 WARN hyper_util::client::legacy::connect::http] tcp set_tcp_user_timeout error: Protocol not available (os error 92)
[2026-10-05--23-09-59 WARN hyper_util::client::legacy::connect::http] tcp set_tcp_user_timeout error: Protocol not available (os error 92)
[2026-10-05--23-09-59 WARN hyper_util::client::legacy::connect::http] tcp set_tcp_user_timeout error: Protocol not available (os error 92)
[2026-10-05--23-09-59 WARN hyper_util::client::legacy::connect::http] tcp set_tcp_user_timeout error: Protocol not available (os error 92)
[2026-10-05--23-09-59 WARN hyper_util::client::legacy::connect::http] tcp set_tcp_user_timeout error: Protocol not available (os error 92)
[2026-10-05--23-09-59 WARN hyper_util::client::legacy::connect::http] tcp set_tcp_user_timeout error: Protocol not available (os error 92)
[2026-10-05--23-09-59 WARN hyper_util::client::legacy::connect::http] tcp set_tcp_user_timeout error: Protocol not available (os error 92)
[2026-10-05--23-09-59 WARN hyper_util::client::legacy::connect::http] tcp set_tcp_user_timeout error: Protocol not available (os error 92)
[2026-10-05--23-09-59 WARN hyper_util::client::legacy::connect::http] tcp set_tcp_user_timeout error: Protocol not available (os error 92)
[2026-10-05--23-10-00 WARN hyper_util::client::legacy::connect::http] tcp set_tcp_user_timeout error: Protocol not available (os error 92)
[2026-10-05--23-10-00 WARN hyper_util::client::legacy::connect::http] tcp set_tcp_user_timeout error: Protocol not available (os error 92)
[2026-10-05--23-10-00 WARN hyper_util::client::legacy::connect::http] tcp set_tcp_user_timeout error: Protocol not available (os error 92)
[2026-10-05--23-10-00 WARN hyper_util::client::legacy::connect::http] tcp set_tcp_user_timeout error: Protocol not available (os error 92)
[2026-10-05--23-10-00 WARN hyper_util::client::legacy::connect::http] tcp set_tcp_user_timeout error: Protocol not available (os error 92)
[2026-10-05--23-10-00 WARN hyper_util::client::legacy::connect::http] tcp set_tcp_user_timeout error: Protocol not available (os error 92)
[2026-10-05--23-10-00 WARN hyper_util::client::legacy::connect::http] tcp set_tcp_user_timeout error: Protocol not available (os error 92)
[2026-10-05--23-10-00 WARN hyper_util::client::legacy::connect::http] tcp set_tcp_user_timeout error: Protocol not available (os error 92)
[2026-10-05--23-10-00 WARN hyper_util::client::legacy::connect::http] tcp set_tcp_user_timeout error: Protocol not available (os error 92)
[2026-10-05--23-10-00 WARN hyper_util::client::legacy::connect::http] tcp set_tcp_user_timeout error: Protocol not available (os error 92)
[2026-10-05--23-10-00 WARN hyper_util::client::legacy::connect::http] tcp set_tcp_user_timeout error: Protocol not available (os error 92)
[2026-10-05--23-10-00 WARN hyper_util::client::legacy::connect::http] tcp set_tcp_user_timeout error: Protocol not available (os error 92)
[2026-10-05--23-10-00 WARN hyper_util::client::legacy::connect::http] tcp set_tcp_user_timeout error: Protocol not available (os error 92)
[2026-10-05--23-10-00 WARN hyper_util::client::legacy::connect::http] tcp set_tcp_user_timeout error: Protocol not available (os error 92)
[2026-10-05--23-10-00 WARN hyper_util::client::legacy::connect::http] tcp set_tcp_user_timeout error: Protocol not available (os error 92)
[2026-10-05--23-10-00 WARN hyper_util::client::legacy::connect::http] tcp set_tcp_user_timeout error: Protocol not available (os error 92)
[2026-10-05--23-10-00 WARN hyper_util::client::legacy::connect::http] tcp set_tcp_user_timeout error: Protocol not available (os error 92)
[2026-10-05--23-10-00 WARN hyper_util::client::legacy::connect::http] tcp set_tcp_user_timeout error: Protocol not available (os error 92)
[2026-10-05--23-10-00 WARN hyper_util::client::legacy::connect::http] tcp set_tcp_user_timeout error: Protocol not available (os error 92)
[2026-10-05--23-10-00 WARN hyper_util::client::legacy::connect::http] tcp set_tcp_user_timeout error: Protocol not available (os error 92)
[2026-10-05--23-10-00 WARN hyper_util::client::legacy::connect::http] tcp set_tcp_user_timeout error: Protocol not available (os error 92)
[2026-10-05--23-10-00 WARN hyper_util::client::legacy::connect::http] tcp set_tcp_user_timeout error: Protocol not available (os error 92)
[2026-10-05--23-10-00 WARN hyper_util::client::legacy::connect::http] tcp set_tcp_user_timeout error: Protocol not available (os error 92)
[2026-10-05--23-10-00 WARN hyper_util::client::legacy::connect::http] tcp set_tcp_user_timeout error: Protocol not available (os error 92)
[2026-10-05--23-10-00 WARN hyper_util::client::legacy::connect::http] tcp set_tcp_user_timeout error: Protocol not available (os error 92)
[2026-10-05--23-10-00 WARN hyper_util::client::legacy::connect::http] tcp set_tcp_user_timeout error: Protocol not available (os error 92)
[2026-10-05--23-10-00 WARN hyper_util::client::legacy::connect::http] tcp set_tcp_user_timeout error: Protocol not available (os error 92)
[2026-10-05--23-10-00 WARN hyper_util::client::legacy::connect::http] tcp set_tcp_user_timeout error: Protocol not available (os error 92)
[2026-10-05--23-10-00 WARN hyper_util::client::legacy::connect::http] tcp set_tcp_user_timeout error: Protocol not available (os error 92)
[2026-10-05--23-10-00 WARN hyper_util::client::legacy::connect::http] tcp set_tcp_user_timeout error: Protocol not available (os error 92)
[2026-10-05--23-10-00 WARN hyper_util::client::legacy::connect::http] tcp set_tcp_user_timeout error: Protocol not available (os error 92)
[2026-10-05--23-10-00 WARN hyper_util::client::legacy::connect::http] tcp set_tcp_user_timeout error: Protocol not available (os error 92)
[2026-10-05--23-10-00 WARN hyper_util::client::legacy::connect::http] tcp set_tcp_user_timeout error: Protocol not available (os error 92)
[2026-10-05--23-10-00 WARN hyper_util::client::legacy::connect::http] tcp set_tcp_user_timeout error: Protocol not available (os error 92)
[2026-10-05--23-10-00 WARN hyper_util::client::legacy::connect::http] tcp set_tcp_user_timeout error: Protocol not available (os error 92)
[2026-10-05--23-10-00 WARN hyper_util::client::legacy::connect::http] tcp set_tcp_user_timeout error: Protocol not available (os error 92)
[2026-10-05--23-10-00 WARN hyper_util::client::legacy::connect::http] tcp set_tcp_user_timeout error: Protocol not available (os error 92)
[2026-10-05--23-10-00 WARN hyper_util::client::legacy::connect::http] tcp set_tcp_user_timeout error: Protocol not available (os error 92)
[2026-10-05--23-10-00 WARN hyper_util::client::legacy::connect::http] tcp set_tcp_user_timeout error: Protocol not available (os error 92)
[2026-10-05--23-10-00 WARN hyper_util::client::legacy::connect::http] tcp set_tcp_user_timeout error: Protocol not available (os error 92)
[2026-10-05--23-10-00 WARN hyper_util::client::legacy::connect::http] tcp set_tcp_user_timeout error: Protocol not available (os error 92)
[2026-10-05--23-10-00 WARN hyper_util::client::legacy::connect::http] tcp set_tcp_user_timeout error: Protocol not available (os error 92)
[2026-10-05--23-10-00 WARN hyper_util::client::legacy::connect::http] tcp set_tcp_user_timeout error: Protocol not available (os error 92)
[2026-10-05--23-10-00 WARN hyper_util::client::legacy::connect::http] tcp set_tcp_user_timeout error: Protocol not available (os error 92)
[2026-10-05--23-10-00 WARN hyper_util::client::legacy::connect::http] tcp set_tcp_user_timeout error: Protocol not available (os error 92)
[2026-10-05--23-10-00 WARN hyper_util::client::legacy::connect::http] tcp set_tcp_user_timeout error: Protocol not available (os error 92)
[2026-10-05--23-10-00 WARN hyper_util::client::legacy::connect::http] tcp set_tcp_user_timeout error: Protocol not available (os error 92)
[2026-10-05--23-10-00 WARN hyper_util::client::legacy::connect::http] tcp set_tcp_user_timeout error: Protocol not available (os error 92)
[2026-10-05--23-10-00 WARN hyper_util::client::legacy::connect::http] tcp set_tcp_user_timeout error: Protocol not available (os error 92)
[2026-10-05--23-10-00 WARN hyper_util::client::legacy::connect::http] tcp set_tcp_user_timeout error: Protocol not available (os error 92)
[2026-10-05--23-10-00 WARN hyper_util::client::legacy::connect::http] tcp set_tcp_user_timeout error: Protocol not available (os error 92)
[2026-10-05--23-10-00 WARN hyper_util::client::legacy::connect::http] tcp set_tcp_user_timeout error: Protocol not available (os error 92)
[2026-10-05--23-10-00 WARN hyper_util::client::legacy::connect::http] tcp set_tcp_user_timeout error: Protocol not available (os error 92)
[2026-10-05--23-10-00 WARN hyper_util::client::legacy::connect::http] tcp set_tcp_user_timeout error: Protocol not available (os error 92)
[2026-10-05--23-10-00 WARN hyper_util::client::legacy::connect::http] tcp set_tcp_user_timeout error: Protocol not available (os error 92)
[2026-10-05--23-10-00 WARN hyper_util::client::legacy::connect::http] tcp set_tcp_user_timeout error: Protocol not available (os error 92)
[2026-10-05--23-10-00 WARN hyper_util::client::legacy::connect::http] tcp set_tcp_user_timeout error: Protocol not available (os error 92)
[2026-10-05--23-10-00 WARN hyper_util::client::legacy::connect::http] tcp set_tcp_user_timeout error: Protocol not available (os error 92)
[2026-10-05--23-10-00 WARN hyper_util::client::legacy::connect::http] tcp set_tcp_user_timeout error: Protocol not available (os error 92)
[2026-10-05--23-10-00 WARN hyper_util::client::legacy::connect::http] tcp set_tcp_user_timeout error: Protocol not available (os error 92)
[2026-10-05--23-10-00 WARN hyper_util::client::legacy::connect::http] tcp set_tcp_user_timeout error: Protocol not available (os error 92)
[2026-10-05--23-10-00 WARN hyper_util::client::legacy::connect::http] tcp set_tcp_user_timeout error: Protocol not available (os error 92)
[2026-10-05--23-10-00 WARN hyper_util::client::legacy::connect::http] tcp set_tcp_user_timeout error: Protocol not available (os error 92)
[2026-10-05--23-10-00 WARN hyper_util::client::legacy::connect::http] tcp set_tcp_user_timeout error: Protocol not available (os error 92)
[2026-10-05--23-10-00 WARN hyper_util::client::legacy::connect::http] tcp set_tcp_user_timeout error: Protocol not available (os error 92)
[2026-10-05--23-10-00 WARN hyper_util::client::legacy::connect::http] tcp set_tcp_user_timeout error: Protocol not available (os error 92)
[2026-10-05--23-10-00 WARN hyper_util::client::legacy::connect::http] tcp set_tcp_user_timeout error: Protocol not available (os error 92)
[2026-10-05--23-10-00 WARN hyper_util::client::legacy::connect::http] tcp set_tcp_user_timeout error: Protocol not available (os error 92)
[2026-10-05--23-10-00 WARN hyper_util::client::legacy::connect::http] tcp set_tcp_user_timeout error: Protocol not available (os error 92)
[2026-10-05--23-10-00 WARN hyper_util::client::legacy::connect::http] tcp set_tcp_user_timeout error: Protocol not available (os error 92)
[2026-10-05--23-10-00 WARN hyper_util::client::legacy::connect::http] tcp set_tcp_user_timeout error: Protocol not available (os error 92)
[2026-10-05--23-10-00 WARN hyper_util::client::legacy::connect::http] tcp set_tcp_user_timeout error: Protocol not available (os error 92)
[2026-10-05--23-10-00 WARN hyper_util::client::legacy::connect::http] tcp set_tcp_user_timeout error: Protocol not available (os error 92)
[2026-10-05--23-10-00 WARN hyper_util::client::legacy::connect::http] tcp set_tcp_user_timeout error: Protocol not available (os error 92)
[2026-10-05--23-10-00 WARN hyper_util::client::legacy::connect::http] tcp set_tcp_user_timeout error: Protocol not available (os error 92)
[2026-10-05--23-10-00 WARN hyper_util::client::legacy::connect::http] tcp set_tcp_user_timeout error: Protocol not available (os error 92)
[2026-10-05--23-10-00 WARN hyper_util::client::legacy::connect::http] tcp set_tcp_user_timeout error: Protocol not available (os error 92)
[2026-10-05--23-10-00 WARN hyper_util::client::legacy::connect::http] tcp set_tcp_user_timeout error: Protocol not available (os error 92)
[2026-10-05--23-10-00 WARN hyper_util::client::legacy::connect::http] tcp set_tcp_user_timeout error: Protocol not available (os error 92)
[2026-10-05--23-10-00 WARN hyper_util::client::legacy::connect::http] tcp set_tcp_user_timeout error: Protocol not available (os error 92)
[2026-10-05--23-10-00 WARN hyper_util::client::legacy::connect::http] tcp set_tcp_user_timeout error: Protocol not available (os error 92)
[2026-10-05--23-10-00 WARN hyper_util::client::legacy::connect::http] tcp set_tcp_user_timeout error: Protocol not available (os error 92)
[2026-10-05--23-10-00 WARN hyper_util::client::legacy::connect::http] tcp set_tcp_user_timeout error: Protocol not available (os error 92)
[2026-10-05--23-10-00 WARN hyper_util::client::legacy::connect::http] tcp set_tcp_user_timeout error: Protocol not available (os error 92)
[2026-10-05--23-10-00 WARN hyper_util::client::legacy::connect::http] tcp set_tcp_user_timeout error: Protocol not available (os error 92)
[2026-10-05--23-10-00 WARN hyper_util::client::legacy::connect::http] tcp set_tcp_user_timeout error: Protocol not available (os error 92)
[2026-10-05--23-10-00 WARN hyper_util::client::legacy::connect::http] tcp set_tcp_user_timeout error: Protocol not available (os error 92)
[2026-10-05--23-10-00 WARN hyper_util::client::legacy::connect::http] tcp set_tcp_user_timeout error: Protocol not available (os error 92)
[2026-10-05--23-10-00 WARN hyper_util::client::legacy::connect::http] tcp set_tcp_user_timeout error: Protocol not available (os error 92)
[2026-10-05--23-10-00 WARN hyper_util::client::legacy::connect::http] tcp set_tcp_user_timeout error: Protocol not available (os error 92)
[2026-10-05--23-10-01 WARN hyper_util::client::legacy::connect::http] tcp set_tcp_user_timeout error: Protocol not available (os error 92)
[2026-10-05--23-10-01 WARN hyper_util::client::legacy::connect::http] tcp set_tcp_user_timeout error: Protocol not available (os error 92)
[2026-10-05--23-10-01 WARN hyper_util::client::legacy::connect::http] tcp set_tcp_user_timeout error: Protocol not available (os error 92)
[2026-10-05--23-10-01 WARN hyper_util::client::legacy::connect::http] tcp set_tcp_user_timeout error: Protocol not available (os error 92)
[2026-10-05--23-10-01 WARN hyper_util::client::legacy::connect::http] tcp set_tcp_user_timeout error: Protocol not available (os error 92)
[2026-10-05--23-10-01 WARN hyper_util::client::legacy::connect::http] tcp set_tcp_user_timeout error: Protocol not available (os error 92)
[2026-10-05--23-10-01 WARN hyper_util::client::legacy::connect::http] tcp set_tcp_user_timeout error: Protocol not available (os error 92)
[2026-10-05--23-10-01 WARN hyper_util::client::legacy::connect::http] tcp set_tcp_user_timeout error: Protocol not available (os error 92)
[2026-10-05--23-10-01 WARN hyper_util::client::legacy::connect::http] tcp set_tcp_user_timeout error: Protocol not available (os error 92)
[2026-10-05--23-10-01 WARN hyper_util::client::legacy::connect::http] tcp set_tcp_user_timeout error: Protocol not available (os error 92)
[2026-10-05--23-10-01 WARN hyper_util::client::legacy::connect::http] tcp set_tcp_user_timeout error: Protocol not available (os error 92)
[2026-10-05--23-10-01 WARN hyper_util::client::legacy::connect::http] tcp set_tcp_user_timeout error: Protocol not available (os error 92)
[2026-10-05--23-10-01 WARN hyper_util::client::legacy::connect::http] tcp set_tcp_user_timeout error: Protocol not available (os error 92)
[2026-10-05--23-10-01 WARN hyper_util::client::legacy::connect::http] tcp set_tcp_user_timeout error: Protocol not available (os error 92)
[2026-10-05--23-10-01 WARN hyper_util::client::legacy::connect::http] tcp set_tcp_user_timeout error: Protocol not available (os error 92)
[2026-10-05--23-10-01 WARN hyper_util::client::legacy::connect::http] tcp set_tcp_user_timeout error: Protocol not available (os error 92)
[2026-10-05--23-10-01 WARN hyper_util::client::legacy::connect::http] tcp set_tcp_user_timeout error: Protocol not available (os error 92)
[2026-10-05--23-10-01 WARN hyper_util::client::legacy::connect::http] tcp set_tcp_user_timeout error: Protocol not available (os error 92)
[2026-10-05--23-10-01 WARN hyper_util::client::legacy::connect::http] tcp set_tcp_user_timeout error: Protocol not available (os error 92)
[2026-10-05--23-10-01 WARN hyper_util::client::legacy::connect::http] tcp set_tcp_user_timeout error: Protocol not available (os error 92)
[2026-10-05--23-10-01 WARN hyper_util::client::legacy::connect::http] tcp set_tcp_user_timeout error: Protocol not available (os error 92)
[2026-10-05--23-10-01 WARN hyper_util::client::legacy::connect::http] tcp set_tcp_user_timeout error: Protocol not available (os error 92)
[2026-10-05--23-10-01 WARN hyper_util::client::legacy::connect::http] tcp set_tcp_user_timeout error: Protocol not available (os error 92)
[2026-10-05--23-10-01 WARN hyper_util::client::legacy::connect::http] tcp set_tcp_user_timeout error: Protocol not available (os error 92)
[2026-10-05--23-10-01 WARN hyper_util::client::legacy::connect::http] tcp set_tcp_user_timeout error: Protocol not available (os error 92)
[2026-10-05--23-10-01 WARN hyper_util::client::legacy::connect::http] tcp set_tcp_user_timeout error: Protocol not available (os error 92)
[2026-10-05--23-10-01 WARN hyper_util::client::legacy::connect::http] tcp set_tcp_user_timeout error: Protocol not available (os error 92)
[2026-10-05--23-10-01 WARN hyper_util::client::legacy::connect::http] tcp set_tcp_user_timeout error: Protocol not available (os error 92)
[2026-10-05--23-10-01 WARN hyper_util::client::legacy::connect::http] tcp set_tcp_user_timeout error: Protocol not available (os error 92)
[2026-10-05--23-10-01 WARN hyper_util::client::legacy::connect::http] tcp set_tcp_user_timeout error: Protocol not available (os error 92)
[2026-10-05--23-10-01 WARN hyper_util::client::legacy::connect::http] tcp set_tcp_user_timeout error: Protocol not available (os error 92)
[2026-10-05--23-10-01 WARN hyper_util::client::legacy::connect::http] tcp set_tcp_user_timeout error: Protocol not available (os error 92)
[2026-10-05--23-10-01 WARN hyper_util::client::legacy::connect::http] tcp set_tcp_user_timeout error: Protocol not available (os error 92)
[2026-10-05--23-10-01 WARN hyper_util::client::legacy::connect::http] tcp set_tcp_user_timeout error: Protocol not available (os error 92)
[2026-10-05--23-10-01 WARN hyper_util::client::legacy::connect::http] tcp set_tcp_user_timeout error: Protocol not available (os error 92)
[2026-10-05--23-10-01 WARN hyper_util::client::legacy::connect::http] tcp set_tcp_user_timeout error: Protocol not available (os error 92)
[2026-10-05--23-10-01 WARN hyper_util::client::legacy::connect::http] tcp set_tcp_user_timeout error: Protocol not available (os error 92)
[2026-10-05--23-10-01 WARN hyper_util::client::legacy::connect::http] tcp set_tcp_user_timeout error: Protocol not available (os error 92)
[2026-10-05--23-10-01 WARN hyper_util::client::legacy::connect::http] tcp set_tcp_user_timeout error: Protocol not available (os error 92)
[2026-10-05--23-10-01 WARN hyper_util::client::legacy::connect::http] tcp set_tcp_user_timeout error: Protocol not available (os error 92)
[2026-10-05--23-10-01 WARN hyper_util::client::legacy::connect::http] tcp set_tcp_user_timeout error: Protocol not available (os error 92)
[2026-10-05--23-10-01 WARN hyper_util::client::legacy::connect::http] tcp set_tcp_user_timeout error: Protocol not available (os error 92)
[2026-10-05--23-10-01 WARN hyper_util::client::legacy::connect::http] tcp set_tcp_user_timeout error: Protocol not available (os error 92)
[2026-10-05--23-10-01 WARN hyper_util::client::legacy::connect::http] tcp set_tcp_user_timeout error: Protocol not available (os error 92)
[2026-10-05--23-10-01 WARN hyper_util::client::legacy::connect::http] tcp set_tcp_user_timeout error: Protocol not available (os error 92)
[2026-10-05--23-10-01 WARN hyper_util::client::legacy::connect::http] tcp set_tcp_user_timeout error: Protocol not available (os error 92)
[2026-10-05--23-10-01 WARN hyper_util::client::legacy::connect::http] tcp set_tcp_user_timeout error: Protocol not available (os error 92)
[2026-10-05--23-10-01 WARN hyper_util::client::legacy::connect::http] tcp set_tcp_user_timeout error: Protocol not available (os error 92)
[2026-10-05--23-10-01 WARN hyper_util::client::legacy::connect::http] tcp set_tcp_user_timeout error: Protocol not available (os error 92)
[2026-10-05--23-10-01 WARN hyper_util::client::legacy::connect::http] tcp set_tcp_user_timeout error: Protocol not available (os error 92)
[2026-10-05--23-10-01 WARN hyper_util::client::legacy::connect::http] tcp set_tcp_user_timeout error: Protocol not available (os error 92)
[2026-10-05--23-10-01 WARN hyper_util::client::legacy::connect::http] tcp set_tcp_user_timeout error: Protocol not available (os error 92)
[2026-10-05--23-10-01 WARN hyper_util::client::legacy::connect::http] tcp set_tcp_user_timeout error: Protocol not available (os error 92)
[2026-10-05--23-10-01 WARN hyper_util::client::legacy::connect::http] tcp set_tcp_user_timeout error: Protocol not available (os error 92)
[2026-10-05--23-10-01 WARN hyper_util::client::legacy::connect::http] tcp set_tcp_user_timeout error: Protocol not available (os error 92)
[2026-10-05--23-10-01 WARN hyper_util::client::legacy::connect::http] tcp set_tcp_user_timeout error: Protocol not available (os error 92)
[2026-10-05--23-10-01 WARN hyper_util::client::legacy::connect::http] tcp set_tcp_user_timeout error: Protocol not available (os error 92)
[2026-10-05--23-10-01 WARN hyper_util::client::legacy::connect::http] tcp set_tcp_user_timeout error: Protocol not available (os error 92)
[2026-10-05--23-10-01 WARN hyper_util::client::legacy::connect::http] tcp set_tcp_user_timeout error: Protocol not available (os error 92)
[2026-10-05--23-10-01 WARN hyper_util::client::legacy::connect::http] tcp set_tcp_user_timeout error: Protocol not available (os error 92)
[2026-10-05--23-10-01 WARN hyper_util::client::legacy::connect::http] tcp set_tcp_user_timeout error: Protocol not available (os error 92)
[2026-10-05--23-10-01 WARN hyper_util::client::legacy::connect::http] tcp set_tcp_user_timeout error: Protocol not available (os error 92)
[2026-10-05--23-10-01 WARN hyper_util::client::legacy::connect::http] tcp set_tcp_user_timeout error: Protocol not available (os error 92)
[2026-10-05--23-10-01 WARN hyper_util::client::legacy::connect::http] tcp set_tcp_user_timeout error: Protocol not available (os error 92)
[2026-10-05--23-10-01 WARN hyper_util::client::legacy::connect::http] tcp set_tcp_user_timeout error: Protocol not available (os error 92)
[2026-10-05--23-10-01 WARN hyper_util::client::legacy::connect::http] tcp set_tcp_user_timeout error: Protocol not available (os error 92)
[2026-10-05--23-10-01 WARN hyper_util::client::legacy::connect::http] tcp set_tcp_user_timeout error: Protocol not available (os error 92)
[2026-10-05--23-10-01 WARN hyper_util::client::legacy::connect::http] tcp set_tcp_user_timeout error: Protocol not available (os error 92)
[2026-10-05--23-10-01 WARN hyper_util::client::legacy::connect::http] tcp set_tcp_user_timeout error: Protocol not available (os error 92)
[2026-10-05--23-10-01 WARN hyper_util::client::legacy::connect::http] tcp set_tcp_user_timeout error: Protocol not available (os error 92)
[2026-10-05--23-10-01 WARN hyper_util::client::legacy::connect::http] tcp set_tcp_user_timeout error: Protocol not available (os error 92)
[2026-10-05--23-10-01 WARN hyper_util::client::legacy::connect::http] tcp set_tcp_user_timeout error: Protocol not available (os error 92)
[2026-10-05--23-10-01 WARN hyper_util::client::legacy::connect::http] tcp set_tcp_user_timeout error: Protocol not available (os error 92)
[2026-10-05--23-10-01 WARN hyper_util::client::legacy::connect::http] tcp set_tcp_user_timeout error: Protocol not available (os error 92)
[2026-10-05--23-10-01 WARN hyper_util::client::legacy::connect::http] tcp set_tcp_user_timeout error: Protocol not available (os error 92)
[2026-10-05--23-10-01 WARN hyper_util::client::legacy::connect::http] tcp set_tcp_user_timeout error: Protocol not available (os error 92)
[2026-10-05--23-10-01 WARN hyper_util::client::legacy::connect::http] tcp set_tcp_user_timeout error: Protocol not available (os error 92)
[2026-10-05--23-10-01 WARN hyper_util::client::legacy::connect::http] tcp set_tcp_user_timeout error: Protocol not available (os error 92)
[2026-10-05--23-10-01 WARN hyper_util::client::legacy::connect::http] tcp set_tcp_user_timeout error: Protocol not available (os error 92)
[2026-10-05--23-10-01 WARN hyper_util::client::legacy::connect::http] tcp set_tcp_user_timeout error: Protocol not available (os error 92)
[2026-10-05--23-10-01 WARN hyper_util::client::legacy::connect::http] tcp set_tcp_user_timeout error: Protocol not available (os error 92)
[2026-10-05--23-10-01 WARN hyper_util::client::legacy::connect::http] tcp set_tcp_user_timeout error: Protocol not available (os error 92)
[2026-10-05--23-10-01 WARN hyper_util::client::legacy::connect::http] tcp set_tcp_user_timeout error: Protocol not available (os error 92)
[2026-10-05--23-10-01 WARN hyper_util::client::legacy::connect::http] tcp set_tcp_user_timeout error: Protocol not available (os error 92)
[2026-10-05--23-10-01 WARN hyper_util::client::legacy::connect::http] tcp set_tcp_user_timeout error: Protocol not available (os error 92)
[2026-10-05--23-10-01 WARN hyper_util::client::legacy::connect::http] tcp set_tcp_user_timeout error: Protocol not available (os error 92)
[2026-10-05--23-10-01 WARN hyper_util::client::legacy::connect::http] tcp set_tcp_user_timeout error: Protocol not available (os error 92)
[2026-10-05--23-10-01 WARN hyper_util::client::legacy::connect::http] tcp set_tcp_user_timeout error: Protocol not available (os error 92)
[2026-10-05--23-10-01 WARN hyper_util::client::legacy::connect::http] tcp set_tcp_user_timeout error: Protocol not available (os error 92)
[2026-10-05--23-10-01 WARN hyper_util::client::legacy::connect::http] tcp set_tcp_user_timeout error: Protocol not available (os error 92)
[2026-10-05--23-10-02 WARN hyper_util::client::legacy::connect::http] tcp set_tcp_user_timeout error: Protocol not available (os error 92)
[2026-10-05--23-10-02 WARN hyper_util::client::legacy::connect::http] tcp set_tcp_user_timeout error: Protocol not available (os error 92)
[2026-10-05--23-10-02 WARN hyper_util::client::legacy::connect::http] tcp set_tcp_user_timeout error: Protocol not available (os error 92)
[2026-10-05--23-10-02 WARN hyper_util::client::legacy::connect::http] tcp set_tcp_user_timeout error: Protocol not available (os error 92)
[2026-10-05--23-10-02 WARN hyper_util::client::legacy::connect::http] tcp set_tcp_user_timeout error: Protocol not available (os error 92)
[2026-10-05--23-10-02 WARN hyper_util::client::legacy::connect::http] tcp set_tcp_user_timeout error: Protocol not available (os error 92)
[2026-10-05--23-10-02 WARN hyper_util::client::legacy::connect::http] tcp set_tcp_user_timeout error: Protocol not available (os error 92)
[2026-10-05--23-10-02 WARN hyper_util::client::legacy::connect::http] tcp set_tcp_user_timeout error: Protocol not available (os error 92)
[2026-10-05--23-10-02 WARN hyper_util::client::legacy::connect::http] tcp set_tcp_user_timeout error: Protocol not available (os error 92)
[2026-10-05--23-10-02 WARN hyper_util::client::legacy::connect::http] tcp set_tcp_user_timeout error: Protocol not available (os error 92)
[2026-10-05--23-10-02 WARN hyper_util::client::legacy::connect::http] tcp set_tcp_user_timeout error: Protocol not available (os error 92)
[2026-10-05--23-10-02 WARN hyper_util::client::legacy::connect::http] tcp set_tcp_user_timeout error: Protocol not available (os error 92)
[2026-10-05--23-10-02 WARN hyper_util::client::legacy::connect::http] tcp set_tcp_user_timeout error: Protocol not available (os error 92)
[2026-10-05--23-10-02 WARN hyper_util::client::legacy::connect::http] tcp set_tcp_user_timeout error: Protocol not available (os error 92)
[2026-10-05--23-10-02 WARN hyper_util::client::legacy::connect::http] tcp set_tcp_user_timeout error: Protocol not available (os error 92)
[2026-10-05--23-10-02 WARN hyper_util::client::legacy::connect::http] tcp set_tcp_user_timeout error: Protocol not available (os error 92)
[2026-10-05--23-10-02 WARN hyper_util::client::legacy::connect::http] tcp set_tcp_user_timeout error: Protocol not available (os error 92)
[2026-10-05--23-10-02 WARN hyper_util::client::legacy::connect::http] tcp set_tcp_user_timeout error: Protocol not available (os error 92)
[2026-10-05--23-10-02 WARN hyper_util::client::legacy::connect::http] tcp set_tcp_user_timeout error: Protocol not available (os error 92)
[2026-10-05--23-10-02 WARN hyper_util::client::legacy::connect::http] tcp set_tcp_user_timeout error: Protocol not available (os error 92)
[2026-10-05--23-10-02 WARN hyper_util::client::legacy::connect::http] tcp set_tcp_user_timeout error: Protocol not available (os error 92)
[2026-10-05--23-10-02 WARN hyper_util::client::legacy::connect::http] tcp set_tcp_user_timeout error: Protocol not available (os error 92)
[2026-10-05--23-10-02 WARN hyper_util::client::legacy::connect::http] tcp set_tcp_user_timeout error: Protocol not available (os error 92)
[2026-10-05--23-10-02 WARN hyper_util::client::legacy::connect::http] tcp set_tcp_user_timeout error: Protocol not available (os error 92)
[2026-10-05--23-10-02 WARN hyper_util::client::legacy::connect::http] tcp set_tcp_user_timeout error: Protocol not available (os error 92)
[2026-10-05--23-10-02 WARN hyper_util::client::legacy::connect::http] tcp set_tcp_user_timeout error: Protocol not available (os error 92)
[2026-10-05--23-10-02 WARN hyper_util::client::legacy::connect::http] tcp set_tcp_user_timeout error: Protocol not available (os error 92)
[2026-10-05--23-10-02 WARN hyper_util::client::legacy::connect::http] tcp set_tcp_user_timeout error: Protocol not available (os error 92)
[2026-10-05--23-10-02 WARN hyper_util::client::legacy::connect::http] tcp set_tcp_user_timeout error: Protocol not available (os error 92)
[2026-10-05--23-10-02 WARN hyper_util::client::legacy::connect::http] tcp set_tcp_user_timeout error: Protocol not available (os error 92)
[2026-10-05--23-10-02 WARN hyper_util::client::legacy::connect::http] tcp set_tcp_user_timeout error: Protocol not available (os error 92)
[2026-10-05--23-10-02 WARN hyper_util::client::legacy::connect::http] tcp set_tcp_user_timeout error: Protocol not available (os error 92)
[2026-10-05--23-10-02 WARN hyper_util::client::legacy::connect::http] tcp set_tcp_user_timeout error: Protocol not available (os error 92)
[2026-10-05--23-10-02 WARN hyper_util::client::legacy::connect::http] tcp set_tcp_user_timeout error: Protocol not available (os error 92)
[2026-10-05--23-10-02 WARN hyper_util::client::legacy::connect::http] tcp set_tcp_user_timeout error: Protocol not available (os error 92)
[2026-10-05--23-10-02 WARN hyper_util::client::legacy::connect::http] tcp set_tcp_user_timeout error: Protocol not available (os error 92)
[2026-10-05--23-10-02 WARN hyper_util::client::legacy::connect::http] tcp set_tcp_user_timeout error: Protocol not available (os error 92)
[2026-10-05--23-10-02 WARN hyper_util::client::legacy::connect::http] tcp set_tcp_user_timeout error: Protocol not available (os error 92)
[2026-10-05--23-10-02 WARN hyper_util::client::legacy::connect::http] tcp set_tcp_user_timeout error: Protocol not available (os error 92)
[2026-10-05--23-10-02 WARN hyper_util::client::legacy::connect::http] tcp set_tcp_user_timeout error: Protocol not available (os error 92)
[2026-10-05--23-10-02 WARN hyper_util::client::legacy::connect::http] tcp set_tcp_user_timeout error: Protocol not available (os error 92)
[2026-10-05--23-10-02 WARN hyper_util::client::legacy::connect::http] tcp set_tcp_user_timeout error: Protocol not available (os error 92)
[2026-10-05--23-10-02 WARN hyper_util::client::legacy::connect::http] tcp set_tcp_user_timeout error: Protocol not available (os error 92)
[2026-10-05--23-10-02 WARN hyper_util::client::legacy::connect::http] tcp set_tcp_user_timeout error: Protocol not available (os error 92)
[2026-10-05--23-10-02 WARN hyper_util::client::legacy::connect::http] tcp set_tcp_user_timeout error: Protocol not available (os error 92)
[2026-10-05--23-10-02 WARN hyper_util::client::legacy::connect::http] tcp set_tcp_user_timeout error: Protocol not available (os error 92)
[2026-10-05--23-10-02 WARN hyper_util::client::legacy::connect::http] tcp set_tcp_user_timeout error: Protocol not available (os error 92)
[2026-10-05--23-10-02 WARN hyper_util::client::legacy::connect::http] tcp set_tcp_user_timeout error: Protocol not available (os error 92)
[2026-10-05--23-10-02 WARN hyper_util::client::legacy::connect::http] tcp set_tcp_user_timeout error: Protocol not available (os error 92)
[2026-10-05--23-10-02 WARN hyper_util::client::legacy::connect::http] tcp set_tcp_user_timeout error: Protocol not available (os error 92)
[2026-10-05--23-10-02 WARN hyper_util::client::legacy::connect::http] tcp set_tcp_user_timeout error: Protocol not available (os error 92)
[2026-10-05--23-10-02 WARN hyper_util::client::legacy::connect::http] tcp set_tcp_user_timeout error: Protocol not available (os error 92)
[2026-10-05--23-10-02 WARN hyper_util::client::legacy::connect::http] tcp set_tcp_user_timeout error: Protocol not available (os error 92)
[2026-10-05--23-10-02 WARN hyper_util::client::legacy::connect::http] tcp set_tcp_user_timeout error: Protocol not available (os error 92)
[2026-10-05--23-10-02 WARN hyper_util::client::legacy::connect::http] tcp set_tcp_user_timeout error: Protocol not available (os error 92)
[2026-10-05--23-10-02 WARN hyper_util::client::legacy::connect::http] tcp set_tcp_user_timeout error: Protocol not available (os error 92)
[2026-10-05--23-10-02 WARN hyper_util::client::legacy::connect::http] tcp set_tcp_user_timeout error: Protocol not available (os error 92)
[2026-10-05--23-10-02 WARN hyper_util::client::legacy::connect::http] tcp set_tcp_user_timeout error: Protocol not available (os error 92)
[2026-10-05--23-10-02 WARN hyper_util::client::legacy::connect::http] tcp set_tcp_user_timeout error: Protocol not available (os error 92)
[2026-10-05--23-10-02 WARN hyper_util::client::legacy::connect::http] tcp set_tcp_user_timeout error: Protocol not available (os error 92)
[2026-10-05--23-10-02 WARN hyper_util::client::legacy::connect::http] tcp set_tcp_user_timeout error: Protocol not available (os error 92)
[2026-10-05--23-10-02 WARN hyper_util::client::legacy::connect::http] tcp set_tcp_user_timeout error: Protocol not available (os error 92)
[2026-10-05--23-10-02 WARN hyper_util::client::legacy::connect::http] tcp set_tcp_user_timeout error: Protocol not available (os error 92)
[2026-10-05--23-10-02 WARN hyper_util::client::legacy::connect::http] tcp set_tcp_user_timeout error: Protocol not available (os error 92)
[2026-10-05--23-10-02 WARN hyper_util::client::legacy::connect::http] tcp set_tcp_user_timeout error: Protocol not available (os error 92)
[2026-10-05--23-10-02 WARN hyper_util::client::legacy::connect::http] tcp set_tcp_user_timeout error: Protocol not available (os error 92)
[2026-10-05--23-10-02 WARN hyper_util::client::legacy::connect::http] tcp set_tcp_user_timeout error: Protocol not available (os error 92)
[2026-10-05--23-10-02 WARN hyper_util::client::legacy::connect::http] tcp set_tcp_user_timeout error: Protocol not available (os error 92)
[2026-10-05--23-10-02 WARN hyper_util::client::legacy::connect::http] tcp set_tcp_user_timeout error: Protocol not available (os error 92)
[2026-10-05--23-10-02 WARN hyper_util::client::legacy::connect::http] tcp set_tcp_user_timeout error: Protocol not available (os error 92)
[2026-10-05--23-10-02 WARN hyper_util::client::legacy::connect::http] tcp set_tcp_user_timeout error: Protocol not available (os error 92)
[2026-10-05--23-10-02 WARN hyper_util::client::legacy::connect::http] tcp set_tcp_user_timeout error: Protocol not available (os error 92)
[2026-10-05--23-10-02 WARN hyper_util::client::legacy::connect::http] tcp set_tcp_user_timeout error: Protocol not available (os error 92)
[2026-10-05--23-10-02 WARN hyper_util::client::legacy::connect::http] tcp set_tcp_user_timeout error: Protocol not available (os error 92)
[2026-10-05--23-10-02 WARN hyper_util::client::legacy::connect::http] tcp set_tcp_user_timeout error: Protocol not available (os error 92)
[2026-10-05--23-10-02 WARN hyper_util::client::legacy::connect::http] tcp set_tcp_user_timeout error: Protocol not available (os error 92)
[2026-10-05--23-10-02 WARN hyper_util::client::legacy::connect::http] tcp set_tcp_user_timeout error: Protocol not available (os error 92)
[2026-10-05--23-10-02 WARN hyper_util::client::legacy::connect::http] tcp set_tcp_user_timeout error: Protocol not available (os error 92)
[2026-10-05--23-10-02 WARN hyper_util::client::legacy::connect::http] tcp set_tcp_user_timeout error: Protocol not available (os error 92)
[2026-10-05--23-10-02 WARN hyper_util::client::legacy::connect::http] tcp set_tcp_user_timeout error: Protocol not available (os error 92)
[2026-10-05--23-10-02 WARN hyper_util::client::legacy::connect::http] tcp set_tcp_user_timeout error: Protocol not available (os error 92)
[2026-10-05--23-10-02 WARN hyper_util::client::legacy::connect::http] tcp set_tcp_user_timeout error: Protocol not available (os error 92)
[2026-10-05--23-10-02 WARN hyper_util::client::legacy::connect::http] tcp set_tcp_user_timeout error: Protocol not available (os error 92)
[2026-10-05--23-10-02 WARN hyper_util::client::legacy::connect::http] tcp set_tcp_user_timeout error: Protocol not available (os error 92)
[2026-10-05--23-10-02 WARN hyper_util::client::legacy::connect::http] tcp set_tcp_user_timeout error: Protocol not available (os error 92)
[2026-10-05--23-10-02 WARN hyper_util::client::legacy::connect::http] tcp set_tcp_user_timeout error: Protocol not available (os error 92)
[2026-10-05--23-10-02 WARN hyper_util::client::legacy::connect::http] tcp set_tcp_user_timeout error: Protocol not available (os error 92)
[2026-10-05--23-10-02 WARN hyper_util::client::legacy::connect::http] tcp set_tcp_user_timeout error: Protocol not available (os error 92)
[2026-10-05--23-10-02 WARN hyper_util::client::legacy::connect::http] tcp set_tcp_user_timeout error: Protocol not available (os error 92)
[2026-10-05--23-10-02 WARN hyper_util::client::legacy::connect::http] tcp set_tcp_user_timeout error: Protocol not available (os error 92)
[2026-10-05--23-10-03 WARN hyper_util::client::legacy::connect::http] tcp set_tcp_user_timeout error: Protocol not available (os error 92)
[2026-10-05--23-10-03 WARN hyper_util::client::legacy::connect::http] tcp set_tcp_user_timeout error: Protocol not available (os error 92)
[2026-10-05--23-10-03 WARN hyper_util::client::legacy::connect::http] tcp set_tcp_user_timeout error: Protocol not available (os error 92)
[2026-10-05--23-10-03 WARN hyper_util::client::legacy::connect::http] tcp set_tcp_user_timeout error: Protocol not available (os error 92)
[2026-10-05--23-10-03 WARN hyper_util::client::legacy::connect::http] tcp set_tcp_user_timeout error: Protocol not available (os error 92)
[2026-10-05--23-10-03 WARN hyper_util::client::legacy::connect::http] tcp set_tcp_user_timeout error: Protocol not available (os error 92)
[2026-10-05--23-10-03 WARN hyper_util::client::legacy::connect::http] tcp set_tcp_user_timeout error: Protocol not available (os error 92)
[2026-10-05--23-10-03 WARN hyper_util::client::legacy::connect::http] tcp set_tcp_user_timeout error: Protocol not available (os error 92)
[2026-10-05--23-10-03 WARN hyper_util::client::legacy::connect::http] tcp set_tcp_user_timeout error: Protocol not available (os error 92)
[2026-10-05--23-10-03 WARN hyper_util::client::legacy::connect::http] tcp set_tcp_user_timeout error: Protocol not available (os error 92)
[2026-10-05--23-10-03 WARN hyper_util::client::legacy::connect::http] tcp set_tcp_user_timeout error: Protocol not available (os error 92)
[2026-10-05--23-10-03 WARN hyper_util::client::legacy::connect::http] tcp set_tcp_user_timeout error: Protocol not available (os error 92)
[2026-10-05--23-10-03 WARN hyper_util::client::legacy::connect::http] tcp set_tcp_user_timeout error: Protocol not available (os error 92)
[2026-10-05--23-10-03 WARN hyper_util::client::legacy::connect::http] tcp set_tcp_user_timeout error: Protocol not available (os error 92)
[2026-10-05--23-10-03 WARN hyper_util::client::legacy::connect::http] tcp set_tcp_user_timeout error: Protocol not available (os error 92)
[2026-10-05--23-10-03 WARN hyper_util::client::legacy::connect::http] tcp set_tcp_user_timeout error: Protocol not available (os error 92)
[2026-10-05--23-10-03 WARN hyper_util::client::legacy::connect::http] tcp set_tcp_user_timeout error: Protocol not available (os error 92)
[2026-10-05--23-10-03 WARN hyper_util::client::legacy::connect::http] tcp set_tcp_user_timeout error: Protocol not available (os error 92)
[2026-10-05--23-10-03 WARN hyper_util::client::legacy::connect::http] tcp set_tcp_user_timeout error: Protocol not available (os error 92)
[2026-10-05--23-10-03 WARN hyper_util::client::legacy::connect::http] tcp set_tcp_user_timeout error: Protocol not available (os error 92)
[2026-10-05--23-10-03 WARN hyper_util::client::legacy::connect::http] tcp set_tcp_user_timeout error: Protocol not available (os error 92)
[2026-10-05--23-10-03 WARN hyper_util::client::legacy::connect::http] tcp set_tcp_user_timeout error: Protocol not available (os error 92)
[2026-10-05--23-10-03 WARN hyper_util::client::legacy::connect::http] tcp set_tcp_user_timeout error: Protocol not available (os error 92)
[2026-10-05--23-10-03 WARN hyper_util::client::legacy::connect::http] tcp set_tcp_user_timeout error: Protocol not available (os error 92)
[2026-10-05--23-10-03 WARN hyper_util::client::legacy::connect::http] tcp set_tcp_user_timeout error: Protocol not available (os error 92)
[2026-10-05--23-10-03 WARN hyper_util::client::legacy::connect::http] tcp set_tcp_user_timeout error: Protocol not available (os error 92)
[2026-10-05--23-10-03 WARN hyper_util::client::legacy::connect::http] tcp set_tcp_user_timeout error: Protocol not available (os error 92)
[2026-10-05--23-10-03 WARN hyper_util::client::legacy::connect::http] tcp set_tcp_user_timeout error: Protocol not available (os error 92)
[2026-10-05--23-10-03 WARN hyper_util::client::legacy::connect::http] tcp set_tcp_user_timeout error: Protocol not available (os error 92)
[2026-10-05--23-10-03 WARN hyper_util::client::legacy::connect::http] tcp set_tcp_user_timeout error: Protocol not available (os error 92)
[2026-10-05--23-10-03 WARN hyper_util::client::legacy::connect::http] tcp set_tcp_user_timeout error: Protocol not available (os error 92)
[2026-10-05--23-10-03 WARN hyper_util::client::legacy::connect::http] tcp set_tcp_user_timeout error: Protocol not available (os error 92)
[2026-10-05--23-10-03 WARN hyper_util::client::legacy::connect::http] tcp set_tcp_user_timeout error: Protocol not available (os error 92)
[2026-10-05--23-10-03 WARN hyper_util::client::legacy::connect::http] tcp set_tcp_user_timeout error: Protocol not available (os error 92)
[2026-10-05--23-10-03 WARN hyper_util::client::legacy::connect::http] tcp set_tcp_user_timeout error: Protocol not available (os error 92)
[2026-10-05--23-10-03 WARN hyper_util::client::legacy::connect::http] tcp set_tcp_user_timeout error: Protocol not available (os error 92)
[2026-10-05--23-10-03 WARN hyper_util::client::legacy::connect::http] tcp set_tcp_user_timeout error: Protocol not available (os error 92)
[2026-10-05--23-10-03 WARN hyper_util::client::legacy::connect::http] tcp set_tcp_user_timeout error: Protocol not available (os error 92)
[2026-10-05--23-10-03 WARN hyper_util::client::legacy::connect::http] tcp set_tcp_user_timeout error: Protocol not available (os error 92)
[2026-10-05--23-10-03 WARN hyper_util::client::legacy::connect::http] tcp set_tcp_user_timeout error: Protocol not available (os error 92)
[2026-10-05--23-10-03 WARN hyper_util::client::legacy::connect::http] tcp set_tcp_user_timeout error: Protocol not available (os error 92)
[2026-10-05--23-10-03 WARN hyper_util::client::legacy::connect::http] tcp set_tcp_user_timeout error: Protocol not available (os error 92)
[2026-10-05--23-10-03 WARN hyper_util::client::legacy::connect::http] tcp set_tcp_user_timeout error: Protocol not available (os error 92)
[2026-10-05--23-10-03 WARN hyper_util::client::legacy::connect::http] tcp set_tcp_user_timeout error: Protocol not available (os error 92)
[2026-10-05--23-10-03 WARN hyper_util::client::legacy::connect::http] tcp set_tcp_user_timeout error: Protocol not available (os error 92)
[2026-10-05--23-10-03 WARN hyper_util::client::legacy::connect::http] tcp set_tcp_user_timeout error: Protocol not available (os error 92)
[2026-10-05--23-10-03 WARN hyper_util::client::legacy::connect::http] tcp set_tcp_user_timeout error: Protocol not available (os error 92)
[2026-10-05--23-10-03 WARN hyper_util::client::legacy::connect::http] tcp set_tcp_user_timeout error: Protocol not available (os error 92)
[2026-10-05--23-10-03 WARN hyper_util::client::legacy::connect::http] tcp set_tcp_user_timeout error: Protocol not available (os error 92)
[2026-10-05--23-10-03 WARN hyper_util::client::legacy::connect::http] tcp set_tcp_user_timeout error: Protocol not available (os error 92)
[2026-10-05--23-10-03 WARN hyper_util::client::legacy::connect::http] tcp set_tcp_user_timeout error: Protocol not available (os error 92)
[2026-10-05--23-10-03 WARN hyper_util::client::legacy::connect::http] tcp set_tcp_user_timeout error: Protocol not available (os error 92)
[2026-10-05--23-10-03 WARN hyper_util::client::legacy::connect::http] tcp set_tcp_user_timeout error: Protocol not available (os error 92)
[2026-10-05--23-10-03 WARN hyper_util::client::legacy::connect::http] tcp set_tcp_user_timeout error: Protocol not available (os error 92)
[2026-10-05--23-10-03 WARN hyper_util::client::legacy::connect::http] tcp set_tcp_user_timeout error: Protocol not available (os error 92)
[2026-10-05--23-10-03 WARN hyper_util::client::legacy::connect::http] tcp set_tcp_user_timeout error: Protocol not available (os error 92)
[2026-10-05--23-10-03 WARN hyper_util::client::legacy::connect::http] tcp set_tcp_user_timeout error: Protocol not available (os error 92)
[2026-10-05--23-10-03 WARN hyper_util::client::legacy::connect::http] tcp set_tcp_user_timeout error: Protocol not available (os error 92)
[2026-10-05--23-10-03 WARN hyper_util::client::legacy::connect::http] tcp set_tcp_user_timeout error: Protocol not available (os error 92)
[2026-10-05--23-10-03 WARN hyper_util::client::legacy::connect::http] tcp set_tcp_user_timeout error: Protocol not available (os error 92)
[2026-10-05--23-10-03 WARN hyper_util::client::legacy::connect::http] tcp set_tcp_user_timeout error: Protocol not available (os error 92)
[2026-10-05--23-10-03 WARN hyper_util::client::legacy::connect::http] tcp set_tcp_user_timeout error: Protocol not available (os error 92)
[2026-10-05--23-10-03 WARN hyper_util::client::legacy::connect::http] tcp set_tcp_user_timeout error: Protocol not available (os error 92)
[2026-10-05--23-10-03 WARN hyper_util::client::legacy::connect::http] tcp set_tcp_user_timeout error: Protocol not available (os error 92)
[2026-10-05--23-10-03 WARN hyper_util::client::legacy::connect::http] tcp set_tcp_user_timeout error: Protocol not available (os error 92)
[2026-10-05--23-10-03 WARN hyper_util::client::legacy::connect::http] tcp set_tcp_user_timeout error: Protocol not available (os error 92)
[2026-10-05--23-10-03 WARN hyper_util::client::legacy::connect::http] tcp set_tcp_user_timeout error: Protocol not available (os error 92)
[2026-10-05--23-10-03 WARN hyper_util::client::legacy::connect::http] tcp set_tcp_user_timeout error: Protocol not available (os error 92)
[2026-10-05--23-10-03 WARN hyper_util::client::legacy::connect::http] tcp set_tcp_user_timeout error: Protocol not available (os error 92)
[2026-10-05--23-10-03 WARN hyper_util::client::legacy::connect::http] tcp set_tcp_user_timeout error: Protocol not available (os error 92)
[2026-10-05--23-10-03 WARN hyper_util::client::legacy::connect::http] tcp set_tcp_user_timeout error: Protocol not available (os error 92)
[2026-10-05--23-10-03 WARN hyper_util::client::legacy::connect::http] tcp set_tcp_user_timeout error: Protocol not available (os error 92)
[2026-10-05--23-10-03 WARN hyper_util::client::legacy::connect::http] tcp set_tcp_user_timeout error: Protocol not available (os error 92)
[2026-10-05--23-10-03 WARN hyper_util::client::legacy::connect::http] tcp set_tcp_user_timeout error: Protocol not available (os error 92)
[2026-10-05--23-10-03 WARN hyper_util::client::legacy::connect::http] tcp set_tcp_user_timeout error: Protocol not available (os error 92)
[2026-10-05--23-10-03 WARN hyper_util::client::legacy::connect::http] tcp set_tcp_user_timeout error: Protocol not available (os error 92)
[2026-10-05--23-10-03 WARN hyper_util::client::legacy::connect::http] tcp set_tcp_user_timeout error: Protocol not available (os error 92)
[2026-10-05--23-10-03 WARN hyper_util::client::legacy::connect::http] tcp set_tcp_user_timeout error: Protocol not available (os error 92)
[2026-10-05--23-10-03 WARN hyper_util::client::legacy::connect::http] tcp set_tcp_user_timeout error: Protocol not available (os error 92)
[2026-10-05--23-10-03 WARN hyper_util::client::legacy::connect::http] tcp set_tcp_user_timeout error: Protocol not available (os error 92)
[2026-10-05--23-10-03 WARN hyper_util::client::legacy::connect::http] tcp set_tcp_user_timeout error: Protocol not available (os error 92)
[2026-10-05--23-10-03 WARN hyper_util::client::legacy::connect::http] tcp set_tcp_user_timeout error: Protocol not available (os error 92)
[2026-10-05--23-10-03 WARN hyper_util::client::legacy::connect::http] tcp set_tcp_user_timeout error: Protocol not available (os error 92)
[2026-10-05--23-10-03 WARN hyper_util::client::legacy::connect::http] tcp set_tcp_user_timeout error: Protocol not available (os error 92)
[2026-10-05--23-10-03 WARN hyper_util::client::legacy::connect::http] tcp set_tcp_user_timeout error: Protocol not available (os error 92)
[2026-10-05--23-10-03 WARN hyper_util::client::legacy::connect::http] tcp set_tcp_user_timeout error: Protocol not available (os error 92)
[2026-10-05--23-10-03 WARN hyper_util::client::legacy::connect::http] tcp set_tcp_user_timeout error: Protocol not available (os error 92)
[2026-10-05--23-10-04 WARN hyper_util::client::legacy::connect::http] tcp set_tcp_user_timeout error: Protocol not available (os error 92)
[2026-10-05--23-10-04 WARN hyper_util::client::legacy::connect::http] tcp set_tcp_user_timeout error: Protocol not available (os error 92)
[2026-10-05--23-10-04 WARN hyper_util::client::legacy::connect::http] tcp set_tcp_user_timeout error: Protocol not available (os error 92)
[2026-10-05--23-10-04 WARN hyper_util::client::legacy::connect::http] tcp set_tcp_user_timeout error: Protocol not available (os error 92)
[2026-10-05--23-10-04 WARN hyper_util::client::legacy::connect::http] tcp set_tcp_user_timeout error: Protocol not available (os error 92)
[2026-10-05--23-10-04 WARN hyper_util::client::legacy::connect::http] tcp set_tcp_user_timeout error: Protocol not available (os error 92)
[2026-10-05--23-10-04 WARN hyper_util::client::legacy::connect::http] tcp set_tcp_user_timeout error: Protocol not available (os error 92)
[2026-10-05--23-10-04 WARN hyper_util::client::legacy::connect::http] tcp set_tcp_user_timeout error: Protocol not available (os error 92)
[2026-10-05--23-10-04 WARN hyper_util::client::legacy::connect::http] tcp set_tcp_user_timeout error: Protocol not available (os error 92)
[2026-10-05--23-10-04 WARN hyper_util::client::legacy::connect::http] tcp set_tcp_user_timeout error: Protocol not available (os error 92)
[2026-10-05--23-10-04 WARN hyper_util::client::legacy::connect::http] tcp set_tcp_user_timeout error: Protocol not available (os error 92)
[2026-10-05--23-10-04 WARN hyper_util::client::legacy::connect::http] tcp set_tcp_user_timeout error: Protocol not available (os error 92)
[2026-10-05--23-10-04 WARN hyper_util::client::legacy::connect::http] tcp set_tcp_user_timeout error: Protocol not available (os error 92)
[2026-10-05--23-10-04 WARN hyper_util::client::legacy::connect::http] tcp set_tcp_user_timeout error: Protocol not available (os error 92)
[2026-10-05--23-10-04 WARN hyper_util::client::legacy::connect::http] tcp set_tcp_user_timeout error: Protocol not available (os error 92)
[2026-10-05--23-10-04 WARN hyper_util::client::legacy::connect::http] tcp set_tcp_user_timeout error: Protocol not available (os error 92)
[2026-10-05--23-10-04 WARN hyper_util::client::legacy::connect::http] tcp set_tcp_user_timeout error: Protocol not available (os error 92)
[2026-10-05--23-10-04 WARN hyper_util::client::legacy::connect::http] tcp set_tcp_user_timeout error: Protocol not available (os error 92)
[2026-10-05--23-10-04 WARN hyper_util::client::legacy::connect::http] tcp set_tcp_user_timeout error: Protocol not available (os error 92)
[2026-10-05--23-10-04 WARN hyper_util::client::legacy::connect::http] tcp set_tcp_user_timeout error: Protocol not available (os error 92)
[2026-10-05--23-10-04 WARN hyper_util::client::legacy::connect::http] tcp set_tcp_user_timeout error: Protocol not available (os error 92)
[2026-10-05--23-10-04 WARN hyper_util::client::legacy::connect::http] tcp set_tcp_user_timeout error: Protocol not available (os error 92)
[2026-10-05--23-10-04 WARN hyper_util::client::legacy::connect::http] tcp set_tcp_user_timeout error: Protocol not available (os error 92)
[2026-10-05--23-10-04 WARN hyper_util::client::legacy::connect::http] tcp set_tcp_user_timeout error: Protocol not available (os error 92)
[2026-10-05--23-10-04 WARN hyper_util::client::legacy::connect::http] tcp set_tcp_user_timeout error: Protocol not available (os error 92)
[2026-10-05--23-10-04 WARN hyper_util::client::legacy::connect::http] tcp set_tcp_user_timeout error: Protocol not available (os error 92)
[2026-10-05--23-10-04 WARN hyper_util::client::legacy::connect::http] tcp set_tcp_user_timeout error: Protocol not available (os error 92)
[2026-10-05--23-10-04 WARN hyper_util::client::legacy::connect::http] tcp set_tcp_user_timeout error: Protocol not available (os error 92)
[2026-10-05--23-10-04 WARN hyper_util::client::legacy::connect::http] tcp set_tcp_user_timeout error: Protocol not available (os error 92)
[2026-10-05--23-10-04 WARN hyper_util::client::legacy::connect::http] tcp set_tcp_user_timeout error: Protocol not available (os error 92)
[2026-10-05--23-10-04 WARN hyper_util::client::legacy::connect::http] tcp set_tcp_user_timeout error: Protocol not available (os error 92)
[2026-10-05--23-10-04 WARN hyper_util::client::legacy::connect::http] tcp set_tcp_user_timeout error: Protocol not available (os error 92)
[2026-10-05--23-10-04 WARN hyper_util::client::legacy::connect::http] tcp set_tcp_user_timeout error: Protocol not available (os error 92)
[2026-10-05--23-10-04 WARN hyper_util::client::legacy::connect::http] tcp set_tcp_user_timeout error: Protocol not available (os error 92)
[2026-10-05--23-10-04 WARN hyper_util::client::legacy::connect::http] tcp set_tcp_user_timeout error: Protocol not available (os error 92)
[2026-10-05--23-10-04 WARN hyper_util::client::legacy::connect::http] tcp set_tcp_user_timeout error: Protocol not available (os error 92)
[2026-10-05--23-10-04 WARN hyper_util::client::legacy::connect::http] tcp set_tcp_user_timeout error: Protocol not available (os error 92)
[2026-10-05--23-10-04 WARN hyper_util::client::legacy::connect::http] tcp set_tcp_user_timeout error: Protocol not available (os error 92)
[2026-10-05--23-10-04 WARN hyper_util::client::legacy::connect::http] tcp set_tcp_user_timeout error: Protocol not available (os error 92)
[2026-10-05--23-10-04 WARN hyper_util::client::legacy::connect::http] tcp set_tcp_user_timeout error: Protocol not available (os error 92)
[2026-10-05--23-10-04 WARN hyper_util::client::legacy::connect::http] tcp set_tcp_user_timeout error: Protocol not available (os error 92)
[2026-10-05--23-10-04 WARN hyper_util::client::legacy::connect::http] tcp set_tcp_user_timeout error: Protocol not available (os error 92)
[2026-10-05--23-10-04 WARN hyper_util::client::legacy::connect::http] tcp set_tcp_user_timeout error: Protocol not available (os error 92)
[2026-10-05--23-10-04 WARN hyper_util::client::legacy::connect::http] tcp set_tcp_user_timeout error: Protocol not available (os error 92)
[2026-10-05--23-10-04 WARN hyper_util::client::legacy::connect::http] tcp set_tcp_user_timeout error: Protocol not available (os error 92)
[2026-10-05--23-10-04 WARN hyper_util::client::legacy::connect::http] tcp set_tcp_user_timeout error: Protocol not available (os error 92)
[2026-10-05--23-10-04 WARN hyper_util::client::legacy::connect::http] tcp set_tcp_user_timeout error: Protocol not available (os error 92)
[2026-10-05--23-10-04 WARN hyper_util::client::legacy::connect::http] tcp set_tcp_user_timeout error: Protocol not available (os error 92)
[2026-10-05--23-10-04 WARN hyper_util::client::legacy::connect::http] tcp set_tcp_user_timeout error: Protocol not available (os error 92)
[2026-10-05--23-10-04 WARN hyper_util::client::legacy::connect::http] tcp set_tcp_user_timeout error: Protocol not available (os error 92)
[2026-10-05--23-10-04 WARN hyper_util::client::legacy::connect::http] tcp set_tcp_user_timeout error: Protocol not available (os error 92)
[2026-10-05--23-10-04 WARN hyper_util::client::legacy::connect::http] tcp set_tcp_user_timeout error: Protocol not available (os error 92)
[2026-10-05--23-10-04 WARN hyper_util::client::legacy::connect::http] tcp set_tcp_user_timeout error: Protocol not available (os error 92)
[2026-10-05--23-10-04 WARN hyper_util::client::legacy::connect::http] tcp set_tcp_user_timeout error: Protocol not available (os error 92)
[2026-10-05--23-10-04 WARN hyper_util::client::legacy::connect::http] tcp set_tcp_user_timeout error: Protocol not available (os error 92)
[2026-10-05--23-10-04 WARN hyper_util::client::legacy::connect::http] tcp set_tcp_user_timeout error: Protocol not available (os error 92)
[2026-10-05--23-10-04 WARN hyper_util::client::legacy::connect::http] tcp set_tcp_user_timeout error: Protocol not available (os error 92)
[2026-10-05--23-10-04 WARN hyper_util::client::legacy::connect::http] tcp set_tcp_user_timeout error: Protocol not available (os error 92)
[2026-10-05--23-10-04 WARN hyper_util::client::legacy::connect::http] tcp set_tcp_user_timeout error: Protocol not available (os error 92)
[2026-10-05--23-10-04 WARN hyper_util::client::legacy::connect::http] tcp set_tcp_user_timeout error: Protocol not available (os error 92)
[2026-10-05--23-10-04 WARN hyper_util::client::legacy::connect::http] tcp set_tcp_user_timeout error: Protocol not available (os error 92)
[2026-10-05--23-10-04 WARN hyper_util::client::legacy::connect::http] tcp set_tcp_user_timeout error: Protocol not available (os error 92)
[2026-10-05--23-10-04 WARN hyper_util::client::legacy::connect::http] tcp set_tcp_user_timeout error: Protocol not available (os error 92)
[2026-10-05--23-10-04 WARN hyper_util::client::legacy::connect::http] tcp set_tcp_user_timeout error: Protocol not available (os error 92)
[2026-10-05--23-10-04 WARN hyper_util::client::legacy::connect::http] tcp set_tcp_user_timeout error: Protocol not available (os error 92)
[2026-10-05--23-10-04 WARN hyper_util::client::legacy::connect::http] tcp set_tcp_user_timeout error: Protocol not available (os error 92)
[2026-10-05--23-10-04 WARN hyper_util::client::legacy::connect::http] tcp set_tcp_user_timeout error: Protocol not available (os error 92)
[2026-10-05--23-10-04 WARN hyper_util::client::legacy::connect::http] tcp set_tcp_user_timeout error: Protocol not available (os error 92)
[2026-10-05--23-10-04 WARN hyper_util::client::legacy::connect::http] tcp set_tcp_user_timeout error: Protocol not available (os error 92)
[2026-10-05--23-10-04 WARN hyper_util::client::legacy::connect::http] tcp set_tcp_user_timeout error: Protocol not available (os error 92)
[2026-10-05--23-10-04 WARN hyper_util::client::legacy::connect::http] tcp set_tcp_user_timeout error: Protocol not available (os error 92)
[2026-10-05--23-10-04 WARN hyper_util::client::legacy::connect::http] tcp set_tcp_user_timeout error: Protocol not available (os error 92)
[2026-10-05--23-10-04 WARN hyper_util::client::legacy::connect::http] tcp set_tcp_user_timeout error: Protocol not available (os error 92)
[2026-10-05--23-10-04 WARN hyper_util::client::legacy::connect::http] tcp set_tcp_user_timeout error: Protocol not available (os error 92)
[2026-10-05--23-10-04 WARN hyper_util::client::legacy::connect::http] tcp set_tcp_user_timeout error: Protocol not available (os error 92)
[2026-10-05--23-10-04 WARN hyper_util::client::legacy::connect::http] tcp set_tcp_user_timeout error: Protocol not available (os error 92)
[2026-10-05--23-10-04 WARN hyper_util::client::legacy::connect::http] tcp set_tcp_user_timeout error: Protocol not available (os error 92)
[2026-10-05--23-10-04 WARN hyper_util::client::legacy::connect::http] tcp set_tcp_user_timeout error: Protocol not available (os error 92)
[2026-10-05--23-10-04 WARN hyper_util::client::legacy::connect::http] tcp set_tcp_user_timeout error: Protocol not available (os error 92)
[2026-10-05--23-10-04 WARN hyper_util::client::legacy::connect::http] tcp set_tcp_user_timeout error: Protocol not available (os error 92)
[2026-10-05--23-10-04 WARN hyper_util::client::legacy::connect::http] tcp set_tcp_user_timeout error: Protocol not available (os error 92)
[2026-10-05--23-10-04 WARN hyper_util::client::legacy::connect::http] tcp set_tcp_user_timeout error: Protocol not available (os error 92)
[2026-10-05--23-10-04 WARN hyper_util::client::legacy::connect::http] tcp set_tcp_user_timeout error: Protocol not available (os error 92)
[2026-10-05--23-10-04 WARN hyper_util::client::legacy::connect::http] tcp set_tcp_user_timeout error: Protocol not available (os error 92)
[2026-10-05--23-10-04 WARN hyper_util::client::legacy::connect::http] tcp set_tcp_user_timeout error: Protocol not available (os error 92)
[2026-10-05--23-10-04 WARN hyper_util::client::legacy::connect::http] tcp set_tcp_user_timeout error: Protocol not available (os error 92)
[2026-10-05--23-10-04 WARN hyper_util::client::legacy::connect::http] tcp set_tcp_user_timeout error: Protocol not available (os error 92)
[2026-10-05--23-10-05 WARN hyper_util::client::legacy::connect::http] tcp set_tcp_user_timeout error: Protocol not available (os error 92)
[2026-10-05--23-10-05 WARN hyper_util::client::legacy::connect::http] tcp set_tcp_user_timeout error: Protocol not available (os error 92)
[2026-10-05--23-10-05 WARN hyper_util::client::legacy::connect::http] tcp set_tcp_user_timeout error: Protocol not available (os error 92)
[2026-10-05--23-10-05 WARN hyper_util::client::legacy::connect::http] tcp set_tcp_user_timeout error: Protocol not available (os error 92)
[2026-10-05--23-10-05 WARN hyper_util::client::legacy::connect::http] tcp set_tcp_user_timeout error: Protocol not available (os error 92)
[2026-10-05--23-10-05 WARN hyper_util::client::legacy::connect::http] tcp set_tcp_user_timeout error: Protocol not available (os error 92)
[2026-10-05--23-10-05 WARN hyper_util::client::legacy::connect::http] tcp set_tcp_user_timeout error: Protocol not available (os error 92)
[2026-10-05--23-10-05 WARN hyper_util::client::legacy::connect::http] tcp set_tcp_user_timeout error: Protocol not available (os error 92)
[2026-10-05--23-10-05 WARN hyper_util::client::legacy::connect::http] tcp set_tcp_user_timeout error: Protocol not available (os error 92)
[2026-10-05--23-10-05 WARN hyper_util::client::legacy::connect::http] tcp set_tcp_user_timeout error: Protocol not available (os error 92)
[2026-10-05--23-10-05 WARN hyper_util::client::legacy::connect::http] tcp set_tcp_user_timeout error: Protocol not available (os error 92)
[2026-10-05--23-10-05 WARN hyper_util::client::legacy::connect::http] tcp set_tcp_user_timeout error: Protocol not available (os error 92)
[2026-10-05--23-10-05 WARN hyper_util::client::legacy::connect::http] tcp set_tcp_user_timeout error: Protocol not available (os error 92)
[2026-10-05--23-10-05 WARN hyper_util::client::legacy::connect::http] tcp set_tcp_user_timeout error: Protocol not available (os error 92)
[2026-10-05--23-10-05 WARN hyper_util::client::legacy::connect::http] tcp set_tcp_user_timeout error: Protocol not available (os error 92)
[2026-10-05--23-10-05 WARN hyper_util::client::legacy::connect::http] tcp set_tcp_user_timeout error: Protocol not available (os error 92)
[2026-10-05--23-10-05 WARN hyper_util::client::legacy::connect::http] tcp set_tcp_user_timeout error: Protocol not available (os error 92)
[2026-10-05--23-10-05 WARN hyper_util::client::legacy::connect::http] tcp set_tcp_user_timeout error: Protocol not available (os error 92)
[2026-10-05--23-10-05 WARN hyper_util::client::legacy::connect::http] tcp set_tcp_user_timeout error: Protocol not available (os error 92)
[2026-10-05--23-10-05 WARN hyper_util::client::legacy::connect::http] tcp set_tcp_user_timeout error: Protocol not available (os error 92)
[2026-10-05--23-10-05 WARN hyper_util::client::legacy::connect::http] tcp set_tcp_user_timeout error: Protocol not available (os error 92)
[2026-10-05--23-10-05 WARN hyper_util::client::legacy::connect::http] tcp set_tcp_user_timeout error: Protocol not available (os error 92)
[2026-10-05--23-10-05 WARN hyper_util::client::legacy::connect::http] tcp set_tcp_user_timeout error: Protocol not available (os error 92)
[2026-10-05--23-10-05 WARN hyper_util::client::legacy::connect::http] tcp set_tcp_user_timeout error: Protocol not available (os error 92)
[2026-10-05--23-10-05 WARN hyper_util::client::legacy::connect::http] tcp set_tcp_user_timeout error: Protocol not available (os error 92)
[2026-10-05--23-10-05 WARN hyper_util::client::legacy::connect::http] tcp set_tcp_user_timeout error: Protocol not available (os error 92)
[2026-10-05--23-10-05 WARN hyper_util::client::legacy::connect::http] tcp set_tcp_user_timeout error: Protocol not available (os error 92)
[2026-10-05--23-10-05 WARN hyper_util::client::legacy::connect::http] tcp set_tcp_user_timeout error: Protocol not available (os error 92)
[2026-10-05--23-10-05 WARN hyper_util::client::legacy::connect::http] tcp set_tcp_user_timeout error: Protocol not available (os error 92)
[2026-10-05--23-10-05 WARN hyper_util::client::legacy::connect::http] tcp set_tcp_user_timeout error: Protocol not available (os error 92)
[2026-10-05--23-10-05 WARN hyper_util::client::legacy::connect::http] tcp set_tcp_user_timeout error: Protocol not available (os error 92)
[2026-10-05--23-10-05 WARN hyper_util::client::legacy::connect::http] tcp set_tcp_user_timeout error: Protocol not available (os error 92)
[2026-10-05--23-10-05 WARN hyper_util::client::legacy::connect::http] tcp set_tcp_user_timeout error: Protocol not available (os error 92)
[2026-10-05--23-10-05 WARN hyper_util::client::legacy::connect::http] tcp set_tcp_user_timeout error: Protocol not available (os error 92)
[2026-10-05--23-10-05 WARN hyper_util::client::legacy::connect::http] tcp set_tcp_user_timeout error: Protocol not available (os error 92)
[2026-10-05--23-10-05 WARN hyper_util::client::legacy::connect::http] tcp set_tcp_user_timeout error: Protocol not available (os error 92)
[2026-10-05--23-10-05 WARN hyper_util::client::legacy::connect::http] tcp set_tcp_user_timeout error: Protocol not available (os error 92)
[2026-10-05--23-10-05 WARN hyper_util::client::legacy::connect::http] tcp set_tcp_user_timeout error: Protocol not available (os error 92)
[2026-10-05--23-10-05 WARN hyper_util::client::legacy::connect::http] tcp set_tcp_user_timeout error: Protocol not available (os error 92)
[2026-10-05--23-10-05 WARN hyper_util::client::legacy::connect::http] tcp set_tcp_user_timeout error: Protocol not available (os error 92)
[2026-10-05--23-10-05 WARN hyper_util::client::legacy::connect::http] tcp set_tcp_user_timeout error: Protocol not available (os error 92)
[2026-10-05--23-10-05 WARN hyper_util::client::legacy::connect::http] tcp set_tcp_user_timeout error: Protocol not available (os error 92)
[2026-10-05--23-10-05 WARN hyper_util::client::legacy::connect::http] tcp set_tcp_user_timeout error: Protocol not available (os error 92)
[2026-10-05--23-10-05 WARN hyper_util::client::legacy::connect::http] tcp set_tcp_user_timeout error: Protocol not available (os error 92)
[2026-10-05--23-10-05 WARN hyper_util::client::legacy::connect::http] tcp set_tcp_user_timeout error: Protocol not available (os error 92)
[2026-10-05--23-10-05 WARN hyper_util::client::legacy::connect::http] tcp set_tcp_user_timeout error: Protocol not available (os error 92)
[2026-10-05--23-10-05 WARN hyper_util::client::legacy::connect::http] tcp set_tcp_user_timeout error: Protocol not available (os error 92)
[2026-10-05--23-10-05 WARN hyper_util::client::legacy::connect::http] tcp set_tcp_user_timeout error: Protocol not available (os error 92)
[2026-10-05--23-10-05 WARN hyper_util::client::legacy::connect::http] tcp set_tcp_user_timeout error: Protocol not available (os error 92)
[2026-10-05--23-10-05 WARN hyper_util::client::legacy::connect::http] tcp set_tcp_user_timeout error: Protocol not available (os error 92)
[2026-10-05--23-10-05 WARN hyper_util::client::legacy::connect::http] tcp set_tcp_user_timeout error: Protocol not available (os error 92)
[2026-10-05--23-10-05 WARN hyper_util::client::legacy::connect::http] tcp set_tcp_user_timeout error: Protocol not available (os error 92)
[2026-10-05--23-10-05 WARN hyper_util::client::legacy::connect::http] tcp set_tcp_user_timeout error: Protocol not available (os error 92)
[2026-10-05--23-10-05 WARN hyper_util::client::legacy::connect::http] tcp set_tcp_user_timeout error: Protocol not available (os error 92)
[2026-10-05--23-10-05 WARN hyper_util::client::legacy::connect::http] tcp set_tcp_user_timeout error: Protocol not available (os error 92)
[2026-10-05--23-10-05 WARN hyper_util::client::legacy::connect::http] tcp set_tcp_user_timeout error: Protocol not available (os error 92)
[2026-10-05--23-10-05 WARN hyper_util::client::legacy::connect::http] tcp set_tcp_user_timeout error: Protocol not available (os error 92)
[2026-10-05--23-10-05 WARN hyper_util::client::legacy::connect::http] tcp set_tcp_user_timeout error: Protocol not available (os error 92)
[2026-10-05--23-10-05 WARN hyper_util::client::legacy::connect::http] tcp set_tcp_user_timeout error: Protocol not available (os error 92)
[2026-10-05--23-10-05 WARN hyper_util::client::legacy::connect::http] tcp set_tcp_user_timeout error: Protocol not available (os error 92)
[2026-10-05--23-10-05 WARN hyper_util::client::legacy::connect::http] tcp set_tcp_user_timeout error: Protocol not available (os error 92)
[2026-10-05--23-10-05 WARN hyper_util::client::legacy::connect::http] tcp set_tcp_user_timeout error: Protocol not available (os error 92)
[2026-10-05--23-10-05 WARN hyper_util::client::legacy::connect::http] tcp set_tcp_user_timeout error: Protocol not available (os error 92)
[2026-10-05--23-10-05 WARN hyper_util::client::legacy::connect::http] tcp set_tcp_user_timeout error: Protocol not available (os error 92)
[2026-10-05--23-10-05 WARN hyper_util::client::legacy::connect::http] tcp set_tcp_user_timeout error: Protocol not available (os error 92)
[2026-10-05--23-10-05 WARN hyper_util::client::legacy::connect::http] tcp set_tcp_user_timeout error: Protocol not available (os error 92)
[2026-10-05--23-10-05 WARN hyper_util::client::legacy::connect::http] tcp set_tcp_user_timeout error: Protocol not available (os error 92)
[2026-10-05--23-10-05 WARN hyper_util::client::legacy::connect::http] tcp set_tcp_user_timeout error: Protocol not available (os error 92)
[2026-10-05--23-10-05 WARN hyper_util::client::legacy::connect::http] tcp set_tcp_user_timeout error: Protocol not available (os error 92)
[2026-10-05--23-10-05 WARN hyper_util::client::legacy::connect::http] tcp set_tcp_user_timeout error: Protocol not available (os error 92)
[2026-10-05--23-10-05 WARN hyper_util::client::legacy::connect::http] tcp set_tcp_user_timeout error: Protocol not available (os error 92)
[2026-10-05--23-10-05 WARN hyper_util::client::legacy::connect::http] tcp set_tcp_user_timeout error: Protocol not available (os error 92)
[2026-10-05--23-10-05 WARN hyper_util::client::legacy::connect::http] tcp set_tcp_user_timeout error: Protocol not available (os error 92)
[2026-10-05--23-10-05 WARN hyper_util::client::legacy::connect::http] tcp set_tcp_user_timeout error: Protocol not available (os error 92)
[2026-10-05--23-10-05 WARN hyper_util::client::legacy::connect::http] tcp set_tcp_user_timeout error: Protocol not available (os error 92)
[2026-10-05--23-10-05 WARN hyper_util::client::legacy::connect::http] tcp set_tcp_user_timeout error: Protocol not available (os error 92)
[2026-10-05--23-10-05 WARN hyper_util::client::legacy::connect::http] tcp set_tcp_user_timeout error: Protocol not available (os error 92)
[2026-10-05--23-10-05 WARN hyper_util::client::legacy::connect::http] tcp set_tcp_user_timeout error: Protocol not available (os error 92)
[2026-10-05--23-10-05 WARN hyper_util::client::legacy::connect::http] tcp set_tcp_user_timeout error: Protocol not available (os error 92)
[2026-10-05--23-10-05 WARN hyper_util::client::legacy::connect::http] tcp set_tcp_user_timeout error: Protocol not available (os error 92)
[2026-10-05--23-10-05 WARN hyper_util::client::legacy::connect::http] tcp set_tcp_user_timeout error: Protocol not available (os error 92)
[2026-10-05--23-10-05 WARN hyper_util::client::legacy::connect::http] tcp set_tcp_user_timeout error: Protocol not available (os error 92)
[2026-10-05--23-10-05 WARN hyper_util::client::legacy::connect::http] tcp set_tcp_user_timeout error: Protocol not available (os error 92)
[2026-10-05--23-10-05 WARN hyper_util::client::legacy::connect::http] tcp set_tcp_user_timeout error: Protocol not available (os error 92)
[2026-10-05--23-10-05 WARN hyper_util::client::legacy::connect::http] tcp set_tcp_user_timeout error: Protocol not available (os error 92)
[2026-10-05--23-10-05 WARN hyper_util::client::legacy::connect::http] tcp set_tcp_user_timeout error: Protocol not available (os error 92)
[2026-10-05--23-10-05 WARN hyper_util::client::legacy::connect::http] tcp set_tcp_user_timeout error: Protocol not available (os error 92)
[2026-10-05--23-10-06 WARN hyper_util::client::legacy::connect::http] tcp set_tcp_user_timeout error: Protocol not available (os error 92)
[2026-10-05--23-10-06 WARN hyper_util::client::legacy::connect::http] tcp set_tcp_user_timeout error: Protocol not available (os error 92)
[2026-10-05--23-10-06 WARN hyper_util::client::legacy::connect::http] tcp set_tcp_user_timeout error: Protocol not available (os error 92)
[2026-10-05--23-10-06 WARN hyper_util::client::legacy::connect::http] tcp set_tcp_user_timeout error: Protocol not available (os error 92)
[2026-10-05--23-10-06 WARN hyper_util::client::legacy::connect::http] tcp set_tcp_user_timeout error: Protocol not available (os error 92)
[2026-10-05--23-10-06 WARN hyper_util::client::legacy::connect::http] tcp set_tcp_user_timeout error: Protocol not available (os error 92)
[2026-10-05--23-10-06 WARN hyper_util::client::legacy::connect::http] tcp set_tcp_user_timeout error: Protocol not available (os error 92)
[2026-10-05--23-10-06 WARN hyper_util::client::legacy::connect::http] tcp set_tcp_user_timeout error: Protocol not available (os error 92)
[2026-10-05--23-10-06 WARN hyper_util::client::legacy::connect::http] tcp set_tcp_user_timeout error: Protocol not available (os error 92)
[2026-10-05--23-10-06 WARN hyper_util::client::legacy::connect::http] tcp set_tcp_user_timeout error: Protocol not available (os error 92)
[2026-10-05--23-10-06 WARN hyper_util::client::legacy::connect::http] tcp set_tcp_user_timeout error: Protocol not available (os error 92)
[2026-10-05--23-10-06 WARN hyper_util::client::legacy::connect::http] tcp set_tcp_user_timeout error: Protocol not available (os error 92)
[2026-10-05--23-10-06 WARN hyper_util::client::legacy::connect::http] tcp set_tcp_user_timeout error: Protocol not available (os error 92)
[2026-10-05--23-10-06 WARN hyper_util::client::legacy::connect::http] tcp set_tcp_user_timeout error: Protocol not available (os error 92)
[2026-10-05--23-10-06 WARN hyper_util::client::legacy::connect::http] tcp set_tcp_user_timeout error: Protocol not available (os error 92)
[2026-10-05--23-10-06 WARN hyper_util::client::legacy::connect::http] tcp set_tcp_user_timeout error: Protocol not available (os error 92)
[2026-10-05--23-10-06 WARN hyper_util::client::legacy::connect::http] tcp set_tcp_user_timeout error: Protocol not available (os error 92)
[2026-10-05--23-10-06 WARN hyper_util::client::legacy::connect::http] tcp set_tcp_user_timeout error: Protocol not available (os error 92)
[2026-10-05--23-10-06 WARN hyper_util::client::legacy::connect::http] tcp set_tcp_user_timeout error: Protocol not available (os error 92)
[2026-10-05--23-10-06 WARN hyper_util::client::legacy::connect::http] tcp set_tcp_user_timeout error: Protocol not available (os error 92)
[2026-10-05--23-10-06 WARN hyper_util::client::legacy::connect::http] tcp set_tcp_user_timeout error: Protocol not available (os error 92)
[2026-10-05--23-10-06 WARN hyper_util::client::legacy::connect::http] tcp set_tcp_user_timeout error: Protocol not available (os error 92)
[2026-10-05--23-10-06 WARN hyper_util::client::legacy::connect::http] tcp set_tcp_user_timeout error: Protocol not available (os error 92)
[2026-10-05--23-10-06 WARN hyper_util::client::legacy::connect::http] tcp set_tcp_user_timeout error: Protocol not available (os error 92)
[2026-10-05--23-10-06 WARN hyper_util::client::legacy::connect::http] tcp set_tcp_user_timeout error: Protocol not available (os error 92)
[2026-10-05--23-10-06 WARN hyper_util::client::legacy::connect::http] tcp set_tcp_user_timeout error: Protocol not available (os error 92)
[2026-10-05--23-10-06 WARN hyper_util::client::legacy::connect::http] tcp set_tcp_user_timeout error: Protocol not available (os error 92)
[2026-10-05--23-10-06 WARN hyper_util::client::legacy::connect::http] tcp set_tcp_user_timeout error: Protocol not available (os error 92)
[2026-10-05--23-10-06 WARN hyper_util::client::legacy::connect::http] tcp set_tcp_user_timeout error: Protocol not available (os error 92)
[2026-10-05--23-10-06 WARN hyper_util::client::legacy::connect::http] tcp set_tcp_user_timeout error: Protocol not available (os error 92)
[2026-10-05--23-10-06 WARN hyper_util::client::legacy::connect::http] tcp set_tcp_user_timeout error: Protocol not available (os error 92)
[2026-10-05--23-10-06 WARN hyper_util::client::legacy::connect::http] tcp set_tcp_user_timeout error: Protocol not available (os error 92)
[2026-10-05--23-10-06 WARN hyper_util::client::legacy::connect::http] tcp set_tcp_user_timeout error: Protocol not available (os error 92)
[2026-10-05--23-10-06 WARN hyper_util::client::legacy::connect::http] tcp set_tcp_user_timeout error: Protocol not available (os error 92)
[2026-10-05--23-10-06 WARN hyper_util::client::legacy::connect::http] tcp set_tcp_user_timeout error: Protocol not available (os error 92)
[2026-10-05--23-10-06 WARN hyper_util::client::legacy::connect::http] tcp set_tcp_user_timeout error: Protocol not available (os error 92)
[2026-10-05--23-10-06 WARN hyper_util::client::legacy::connect::http] tcp set_tcp_user_timeout error: Protocol not available (os error 92)
[2026-10-05--23-10-06 WARN hyper_util::client::legacy::connect::http] tcp set_tcp_user_timeout error: Protocol not available (os error 92)
[2026-10-05--23-10-06 WARN hyper_util::client::legacy::connect::http] tcp set_tcp_user_timeout error: Protocol not available (os error 92)
[2026-10-05--23-10-06 WARN hyper_util::client::legacy::connect::http] tcp set_tcp_user_timeout error: Protocol not available (os error 92)
[2026-10-05--23-10-06 WARN hyper_util::client::legacy::connect::http] tcp set_tcp_user_timeout error: Protocol not available (os error 92)
[2026-10-05--23-10-06 WARN hyper_util::client::legacy::connect::http] tcp set_tcp_user_timeout error: Protocol not available (os error 92)
[2026-10-05--23-10-06 WARN hyper_util::client::legacy::connect::http] tcp set_tcp_user_timeout error: Protocol not available (os error 92)
[2026-10-05--23-10-06 WARN hyper_util::client::legacy::connect::http] tcp set_tcp_user_timeout error: Protocol not available (os error 92)
[2026-10-05--23-10-06 WARN hyper_util::client::legacy::connect::http] tcp set_tcp_user_timeout error: Protocol not available (os error 92)
[2026-10-05--23-10-06 WARN hyper_util::client::legacy::connect::http] tcp set_tcp_user_timeout error: Protocol not available (os error 92)
[2026-10-05--23-10-06 WARN hyper_util::client::legacy::connect::http] tcp set_tcp_user_timeout error: Protocol not available (os error 92)
[2026-10-05--23-10-06 WARN hyper_util::client::legacy::connect::http] tcp set_tcp_user_timeout error: Protocol not available (os error 92)
[2026-10-05--23-10-06 WARN hyper_util::client::legacy::connect::http] tcp set_tcp_user_timeout error: Protocol not available (os error 92)
[2026-10-05--23-10-06 WARN hyper_util::client::legacy::connect::http] tcp set_tcp_user_timeout error: Protocol not available (os error 92)
[2026-10-05--23-10-06 WARN hyper_util::client::legacy::connect::http] tcp set_tcp_user_timeout error: Protocol not available (os error 92)
[2026-10-05--23-10-06 WARN hyper_util::client::legacy::connect::http] tcp set_tcp_user_timeout error: Protocol not available (os error 92)
[2026-10-05--23-10-06 WARN hyper_util::client::legacy::connect::http] tcp set_tcp_user_timeout error: Protocol not available (os error 92)
[2026-10-05--23-10-06 WARN hyper_util::client::legacy::connect::http] tcp set_tcp_user_timeout error: Protocol not available (os error 92)
[2026-10-05--23-10-06 WARN hyper_util::client::legacy::connect::http] tcp set_tcp_user_timeout error: Protocol not available (os error 92)
[2026-10-05--23-10-06 WARN hyper_util::client::legacy::connect::http] tcp set_tcp_user_timeout error: Protocol not available (os error 92)
[2026-10-05--23-10-07 WARN hyper_util::client::legacy::connect::http] tcp set_tcp_user_timeout error: Protocol not available (os error 92)
[2026-10-05--23-10-07 INFO txtx::svm::deploy_program] Buffer Ready - Writing to buffer account is complete
[2026-10-05--23-10-07 WARN hyper_util::client::legacy::connect::http] tcp set_tcp_user_timeout error: Protocol not available (os error 92)
[2026-10-05--23-10-07 WARN hyper_util::client::legacy::connect::http] tcp set_tcp_user_timeout error: Protocol not available (os error 92)
[2026-10-05--23-10-07 WARN hyper_util::client::legacy::connect::http] tcp set_tcp_user_timeout error: Protocol not available (os error 92)
[2026-10-05--23-10-07 WARN hyper_util::client::legacy::connect::http] tcp set_tcp_user_timeout error: Protocol not available (os error 92)
[2026-10-05--23-10-08 WARN hyper_util::client::legacy::connect::http] tcp set_tcp_user_timeout error: Protocol not available (os error 92)
[2026-10-05--23-10-08 WARN hyper_util::client::legacy::connect::http] tcp set_tcp_user_timeout error: Protocol not available (os error 92)
[2026-10-05--23-10-08 WARN hyper_util::client::legacy::connect::http] tcp set_tcp_user_timeout error: Protocol not available (os error 92)
[2026-10-05--23-10-08 INFO txtx::svm::deploy_program] Program Created - Program GVtfTnNDsgcFB89yvS3E98iwWqKeRAx2XHfPQ5GVgZU4 has been deployed
[2026-10-05--23-10-08 WARN hyper_util::client::legacy::connect::http] tcp set_tcp_user_timeout error: Protocol not available (os error 92)
[2026-10-05--23-10-08 WARN hyper_util::client::legacy::connect::http] tcp set_tcp_user_timeout error: Protocol not available (os error 92)
[2026-10-05--23-10-08 WARN hyper_util::client::legacy::connect::http] tcp set_tcp_user_timeout error: Protocol not available (os error 92)
[2026-10-05--23-10-08 WARN hyper_util::client::legacy::connect::http] tcp set_tcp_user_timeout error: Protocol not available (os error 92)
[2026-10-05--23-10-08 WARN hyper_util::client::legacy::connect::http] tcp set_tcp_user_timeout error: Protocol not available (os error 92)
[2026-10-05--23-10-08 WARN hyper_util::client::legacy::connect::http] tcp set_tcp_user_timeout error: Protocol not available (os error 92)
[2026-10-05--23-10-09 WARN hyper_util::client::legacy::connect::http] tcp set_tcp_user_timeout error: Protocol not available (os error 92)
[2026-10-05--23-10-09 WARN hyper_util::client::legacy::connect::http] tcp set_tcp_user_timeout error: Protocol not available (os error 92)
[2026-10-05--23-10-09 INFO txtx::svm::deploy_program] Complete - Ephemeral authority account closed and leftover funds returned to payer
[2026-10-05--23-10-28 WARN hyper_util::client::legacy::connect::http] tcp set_tcp_user_timeout error: Protocol not available (os error 92)
[2026-10-05--23-10-34 WARN hyper_util::client::legacy::connect::http] tcp set_tcp_user_timeout error: Protocol not available (os error 92)
[2026-10-05--23-10-34 WARN hyper_util::client::legacy::connect::http] tcp set_tcp_user_timeout error: Protocol not available (os error 92)
[2026-10-05--23-10-39 WARN hyper_util::client::legacy::connect::http] tcp set_tcp_user_timeout error: Protocol not available (os error 92)
[2026-10-05--23-10-39 WARN hyper_util::client::legacy::connect::http] tcp set_tcp_user_timeout error: Protocol not available (os error 92)
[2026-10-05--23-10-44 WARN hyper_util::client::legacy::connect::http] tcp set_tcp_user_timeout error: Protocol not available (os error 92)
[2026-10-05--23-10-45 INFO parity_ws::io] Accepted a new tcp connection from 127.0.0.1:53050.
[2026-10-05--23-10-46 WARN hyper_util::client::legacy::connect::http] tcp set_tcp_user_timeout error: Protocol not available (os error 92)
[2026-10-05--23-11-06 WARN hyper_util::client::legacy::connect::http] tcp set_tcp_user_timeout error: Protocol not available (os error 92)
[2026-10-05--23-11-52 WARN hyper_util::client::legacy::connect::http] tcp set_tcp_user_timeout error: Protocol not available (os error 92)
[2026-10-05--23-11-52 WARN hyper_util::client::legacy::connect::http] tcp set_tcp_user_timeout error: Protocol not available (os error 92)
[2026-10-05--23-12-06 WARN hyper_util::client::legacy::connect::http] tcp set_tcp_user_timeout error: Protocol not available (os error 92)
[2026-10-05--23-12-55 WARN hyper_util::client::legacy::connect::http] tcp set_tcp_user_timeout error: Protocol not available (os error 92)
[2026-10-05--23-13-00 WARN hyper_util::client::legacy::connect::http] tcp set_tcp_user_timeout error: Protocol not available (os error 92)
[2026-10-05--23-13-07 WARN hyper_util::client::legacy::connect::http] tcp set_tcp_user_timeout error: Protocol not available (os error 92)
[2026-10-05--23-13-15 WARN hyper_util::client::legacy::connect::http] tcp set_tcp_user_timeout error: Protocol not available (os error 92)
[2026-10-05--23-13-31 WARN hyper_util::client::legacy::connect::http] tcp set_tcp_user_timeout error: Protocol not available (os error 92)
[2026-10-05--23-13-34 WARN hyper_util::client::legacy::connect::http] tcp set_tcp_user_timeout error: Protocol not available (os error 92)
[2026-10-05--23-14-13 WARN hyper_util::client::legacy::connect::http] tcp set_tcp_user_timeout error: Protocol not available (os error 92)
[2026-10-05--23-14-15 WARN hyper_util::client::legacy::connect::http] tcp set_tcp_user_timeout error: Protocol not available (os error 92)
[2026-10-05--23-14-20 WARN hyper_util::client::legacy::connect::http] tcp set_tcp_user_timeout error: Protocol not available (os error 92)
[2026-10-05--23-14-21 WARN hyper_util::client::legacy::connect::http] tcp set_tcp_user_timeout error: Protocol not available (os error 92)
[2026-10-05--23-14-48 WARN hyper_util::client::legacy::connect::http] tcp set_tcp_user_timeout error: Protocol not available (os error 92)
[2026-10-05--23-15-07 WARN hyper_util::client::legacy::connect::http] tcp set_tcp_user_timeout error: Protocol not available (os error 92)
[2026-10-05--23-15-07 WARN hyper_util::client::legacy::connect::http] tcp set_tcp_user_timeout error: Protocol not available (os error 92)
[2026-10-05--23-15-08 WARN hyper_util::client::legacy::connect::http] tcp set_tcp_user_timeout error: Protocol not available (os error 92)
[2026-10-05--23-15-33 WARN hyper_util::client::legacy::connect::http] tcp set_tcp_user_timeout error: Protocol not available (os error 92)
[2026-10-05--23-15-36 WARN hyper_util::client::legacy::connect::http] tcp set_tcp_user_timeout error: Protocol not available (os error 92)
[2026-10-05--23-15-43 WARN hyper_util::client::legacy::connect::http] tcp set_tcp_user_timeout error: Protocol not available (os error 92)
[2026-10-05--23-15-53 WARN hyper_util::client::legacy::connect::http] tcp set_tcp_user_timeout error: Protocol not available (os error 92)
[2026-10-05--23-15-53 WARN hyper_util::client::legacy::connect::http] tcp set_tcp_user_timeout error: Protocol not available (os error 92)
[2026-10-05--23-15-53 WARN hyper_util::client::legacy::connect::http] tcp set_tcp_user_timeout error: Protocol not available (os error 92)
[2026-10-05--23-16-09 WARN hyper_util::client::legacy::connect::http] tcp set_tcp_user_timeout error: Protocol not available (os error 92)
[2026-10-05--23-16-09 WARN hyper_util::client::legacy::connect::http] tcp set_tcp_user_timeout error: Protocol not available (os error 92)
[2026-10-05--23-16-20 WARN hyper_util::client::legacy::connect::http] tcp set_tcp_user_timeout error: Protocol not available (os error 92)
[2026-10-05--23-16-21 WARN hyper_util::client::legacy::connect::http] tcp set_tcp_user_timeout error: Protocol not available (os error 92)
[2026-10-05--23-16-25 WARN hyper_util::client::legacy::connect::http] tcp set_tcp_user_timeout error: Protocol not available (os error 92)
[2026-10-05--23-16-48 WARN hyper_util::client::legacy::connect::http] tcp set_tcp_user_timeout error: Protocol not available (os error 92)
[2026-10-05--23-16-48 WARN hyper_util::client::legacy::connect::http] tcp set_tcp_user_timeout error: Protocol not available (os error 92)
[2026-10-05--23-17-10 WARN hyper_util::client::legacy::connect::http] tcp set_tcp_user_timeout error: Protocol not available (os error 92)
[2026-10-05--23-17-10 WARN hyper_util::client::legacy::connect::http] tcp set_tcp_user_timeout error: Protocol not available (os error 92)
[2026-10-05--23-17-27 WARN hyper_util::client::legacy::connect::http] tcp set_tcp_user_timeout error: Protocol not available (os error 92)
[2026-10-05--23-17-49 WARN hyper_util::client::legacy::connect::http] tcp set_tcp_user_timeout error: Protocol not available (os error 92)
[2026-10-05--23-18-06 WARN hyper_util::client::legacy::connect::http] tcp set_tcp_user_timeout error: Protocol not available (os error 92)
[2026-10-05--23-18-07 WARN hyper_util::client::legacy::connect::http] tcp set_tcp_user_timeout error: Protocol not available (os error 92)
[2026-10-05--23-18-12 WARN hyper_util::client::legacy::connect::http] tcp set_tcp_user_timeout error: Protocol not available (os error 92)
[2026-10-05--23-18-35 WARN hyper_util::client::legacy::connect::http] tcp set_tcp_user_timeout error: Protocol not available (os error 92)
[2026-10-05--23-18-57 WARN hyper_util::client::legacy::connect::http] tcp set_tcp_user_timeout error: Protocol not available (os error 92)
[2026-10-05--23-19-02 WARN hyper_util::client::legacy::connect::http] tcp set_tcp_user_timeout error: Protocol not available (os error 92)
[2026-10-05--23-19-14 WARN hyper_util::client::legacy::connect::http] tcp set_tcp_user_timeout error: Protocol not available (os error 92)
[2026-10-05--23-19-15 WARN hyper_util::client::legacy::connect::http] tcp set_tcp_user_timeout error: Protocol not available (os error 92)
[2026-10-05--23-19-37 WARN hyper_util::client::legacy::connect::http] tcp set_tcp_user_timeout error: Protocol not available (os error 92)
[2026-10-05--23-19-39 WARN hyper_util::client::legacy::connect::http] tcp set_tcp_user_timeout error: Protocol not available (os error 92)
[2026-10-05--23-19-54 WARN hyper_util::client::legacy::connect::http] tcp set_tcp_user_timeout error: Protocol not available (os error 92)
[2026-10-05--23-20-02 WARN hyper_util::client::legacy::connect::http] tcp set_tcp_user_timeout error: Protocol not available (os error 92)
[2026-10-05--23-20-07 WARN hyper_util::client::legacy::connect::http] tcp set_tcp_user_timeout error: Protocol not available (os error 92)
[2026-10-05--23-20-28 WARN hyper_util::client::legacy::connect::http] tcp set_tcp_user_timeout error: Protocol not available (os error 92)
[2026-10-05--23-20-30 WARN hyper_util::client::legacy::connect::http] tcp set_tcp_user_timeout error: Protocol not available (os error 92)
[2026-10-05--23-20-30 WARN hyper_util::client::legacy::connect::http] tcp set_tcp_user_timeout error: Protocol not available (os error 92)
[2026-10-05--23-20-30 WARN hyper_util::client::legacy::connect::http] tcp set_tcp_user_timeout error: Protocol not available (os error 92)
[2026-10-05--23-20-30 WARN hyper_util::client::legacy::connect::http] tcp set_tcp_user_timeout error: Protocol not available (os error 92)
[2026-10-05--23-20-35 WARN hyper_util::client::legacy::connect::http] tcp set_tcp_user_timeout error: Protocol not available (os error 92)
[2026-10-05--23-21-00 WARN hyper_util::client::legacy::connect::http] tcp set_tcp_user_timeout error: Protocol not available (os error 92)
[2026-10-05--23-21-00 WARN hyper_util::client::legacy::connect::http] tcp set_tcp_user_timeout error: Protocol not available (os error 92)
[2026-10-05--23-21-19 WARN hyper_util::client::legacy::connect::http] tcp set_tcp_user_timeout error: Protocol not available (os error 92)
[2026-10-05--23-21-34 WARN hyper_util::client::legacy::connect::http] tcp set_tcp_user_timeout error: Protocol not available (os error 92)
[2026-10-05--23-21-38 WARN hyper_util::client::legacy::connect::http] tcp set_tcp_user_timeout error: Protocol not available (os error 92)
[2026-10-05--23-21-48 WARN hyper_util::client::legacy::connect::http] tcp set_tcp_user_timeout error: Protocol not available (os error 92)
[2026-10-05--23-21-59 WARN hyper_util::client::legacy::connect::http] tcp set_tcp_user_timeout error: Protocol not available (os error 92)
[2026-10-05--23-22-13 WARN hyper_util::client::legacy::connect::http] tcp set_tcp_user_timeout error: Protocol not available (os error 92)
[2026-10-05--23-22-15 WARN hyper_util::client::legacy::connect::http] tcp set_tcp_user_timeout error: Protocol not available (os error 92)
[2026-10-05--23-22-26 WARN hyper_util::client::legacy::connect::http] tcp set_tcp_user_timeout error: Protocol not available (os error 92)
[2026-10-05--23-22-37 WARN hyper_util::client::legacy::connect::http] tcp set_tcp_user_timeout error: Protocol not available (os error 92)
[2026-10-05--23-22-38 WARN hyper_util::client::legacy::connect::http] tcp set_tcp_user_timeout error: Protocol not available (os error 92)
[2026-10-05--23-22-45 WARN hyper_util::client::legacy::connect::http] tcp set_tcp_user_timeout error: Protocol not available (os error 92)
[2026-10-05--23-22-56 WARN hyper_util::client::legacy::connect::http] tcp set_tcp_user_timeout error: Protocol not available (os error 92)
[2026-10-05--23-23-07 WARN hyper_util::client::legacy::connect::http] tcp set_tcp_user_timeout error: Protocol not available (os error 92)
[2026-10-05--23-23-15 WARN hyper_util::client::legacy::connect::http] tcp set_tcp_user_timeout error: Protocol not available (os error 92)
[2026-10-05--23-23-16 WARN hyper_util::client::legacy::connect::http] tcp set_tcp_user_timeout error: Protocol not available (os error 92)
[2026-10-05--23-23-26 WARN hyper_util::client::legacy::connect::http] tcp set_tcp_user_timeout error: Protocol not available (os error 92)
[2026-10-05--23-25-22 WARN hyper_util::client::legacy::connect::http] tcp set_tcp_user_timeout error: Protocol not available (os error 92)
[2026-10-05--23-25-23 WARN hyper_util::client::legacy::connect::http] tcp set_tcp_user_timeout error: Protocol not available (os error 92)
[2026-10-05--23-25-44 WARN hyper_util::client::legacy::connect::http] tcp set_tcp_user_timeout error: Protocol not available (os error 92)
[2026-10-05--23-25-47 WARN hyper_util::client::legacy::connect::http] tcp set_tcp_user_timeout error: Protocol not available (os error 92)
[2026-10-05--23-25-50 WARN hyper_util::client::legacy::connect::http] tcp set_tcp_user_timeout error: Protocol not available (os error 92)
[2026-10-05--23-25-50 WARN hyper_util::client::legacy::connect::http] tcp set_tcp_user_timeout error: Protocol not available (os error 92)
[2026-10-05--23-25-58 WARN hyper_util::client::legacy::connect::http] tcp set_tcp_user_timeout error: Protocol not available (os error 92)
[2026-10-05--23-26-14 WARN hyper_util::client::legacy::connect::http] tcp set_tcp_user_timeout error: Protocol not available (os error 92)
[2026-10-05--23-26-25 WARN hyper_util::client::legacy::connect::http] tcp set_tcp_user_timeout error: Protocol not available (os error 92)
[2026-10-05--23-26-27 WARN hyper_util::client::legacy::connect::http] tcp set_tcp_user_timeout error: Protocol not available (os error 92)
[2026-10-05--23-26-28 WARN hyper_util::client::legacy::connect::http] tcp set_tcp_user_timeout error: Protocol not available (os error 92)
[2026-10-05--23-26-35 WARN hyper_util::client::legacy::connect::http] tcp set_tcp_user_timeout error: Protocol not available (os error 92)
[2026-10-05--23-26-37 WARN hyper_util::client::legacy::connect::http] tcp set_tcp_user_timeout error: Protocol not available (os error 92)
[2026-10-05--23-26-42 WARN hyper_util::client::legacy::connect::http] tcp set_tcp_user_timeout error: Protocol not available (os error 92)
[2026-10-05--23-26-48 WARN hyper_util::client::legacy::connect::http] tcp set_tcp_user_timeout error: Protocol not available (os error 92)
[2026-10-05--23-26-50 WARN hyper_util::client::legacy::connect::http] tcp set_tcp_user_timeout error: Protocol not available (os error 92)
[2026-10-05--23-26-52 WARN hyper_util::client::legacy::connect::http] tcp set_tcp_user_timeout error: Protocol not available (os error 92)
[2026-10-05--23-27-07 WARN hyper_util::client::legacy::connect::http] tcp set_tcp_user_timeout error: Protocol not available (os error 92)
[2026-10-05--23-27-32 WARN hyper_util::client::legacy::connect::http] tcp set_tcp_user_timeout error: Protocol not available (os error 92)
[2026-10-05--23-27-32 WARN hyper_util::client::legacy::connect::http] tcp set_tcp_user_timeout error: Protocol not available (os error 92)
[2026-10-05--23-27-37 WARN hyper_util::client::legacy::connect::http] tcp set_tcp_user_timeout error: Protocol not available (os error 92)
[2026-10-05--23-27-43 WARN hyper_util::client::legacy::connect::http] tcp set_tcp_user_timeout error: Protocol not available (os error 92)
