[2026-10-05--22-52-50 INFO actix_server::builder] starting 5 workers
[2026-10-05--22-52-50 INFO actix_server::server] Tokio runtime found; starting in existing Tokio runtime
[2026-10-05--22-52-50 INFO actix_server::server] starting service: "actix-web-service-127.0.0.1:18488", workers: 5, listening on: 127.0.0.1:18488
[2026-10-05--22-52-55 WARN hyper_util::client::legacy::connect::http] tcp set_tcp_user_timeout error: Protocol not available (os error 92)
[2026-10-05--22-52-56 INFO parity_ws] Listening for new connections on 127.0.0.1:8900.
[2026-10-05--22-52-56 WARN hyper_util::client::legacy::connect::http] tcp set_tcp_user_timeout error: Protocol not available (os error 92)
[2026-10-05--22-53-01 WARN hyper_util::client::legacy::connect::http] tcp set_tcp_user_timeout error: Protocol not available (os error 92)
[2026-10-05--22-53-06 WARN hyper_util::client::legacy::connect::http] tcp set_tcp_user_timeout error: Protocol not available (os error 92)
[2026-10-05--22-53-11 WARN hyper_util::client::legacy::connect::http] tcp set_tcp_user_timeout error: Protocol not available (os error 92)
[2026-10-05--22-53-11 WARN hyper_util::client::legacy::connect::http] tcp set_tcp_user_timeout error: Protocol not available (os error 92)
[2026-10-05--22-53-11 WARN hyper_util::client::legacy::connect::http] tcp set_tcp_user_timeout error: Protocol not available (os error 92)
[2026-10-05--22-53-11 WARN hyper_util::client::legacy::connect::http] tcp set_tcp_user_timeout error: Protocol not available (os error 92)
[2026-10-05--22-53-11 INFO txtx::svm::deploy_program] [Recovery Instructions] - An ephemeral authority account will be created and funded to write to the buffer account.
[2026-10-05--22-53-11 INFO txtx::svm::deploy_program] [Recovery Instructions] - Please save the following information in case the deployment fails and the account needs to be recovered:
[2026-10-05--22-53-11 INFO txtx::svm::deploy_program] [Recovery Instructions] - Ephemeral authority public key: 3ntgsBRwqqHTvJv9ZFoYi8rVdVK22bPT7qCwf394jGHC
[2026-10-05--22-53-11 INFO txtx::svm::deploy_program] [Recovery Instructions] - Ephemeral authority secret key: [135, 207, 58, 135, 210, 247, 202, 68, 57, 2, 74, 113, 99, 2, 252, 100, 206, 242, 25, 215, 191, 192, 210, 196, 14, 204, 185, 151, 48, 177, 158, 132, 41, 120, 244, 12, 65, 115, 54, 36, 31, 75, 106, 25, 74, 140, 216, 210, 198, 32, 157, 228, 139, 155, 136, 241, 139, 40, 237, 186, 130, 31, 103, 7]
[2026-10-05--22-53-16 WARN hyper_util::client::legacy::connect::http] tcp set_tcp_user_timeout error: Protocol not available (os error 92)
[2026-10-05--22-53-17 WARN hyper_util::client::legacy::connect::http] tcp set_tcp_user_timeout error: Protocol not available (os error 92)
[2026-10-05--22-53-17 INFO txtx::svm::deploy_program] Account Created - Ephemeral authority account created and funded to write to buffer
[2026-10-05--22-53-17 WARN hyper_util::client::legacy::connect::http] tcp set_tcp_user_timeout error: Protocol not available (os error 92)
[2026-10-05--22-53-17 WARN hyper_util::client::legacy::connect::http] tcp set_tcp_user_timeout error: Protocol not available (os error 92)
[2026-10-05--22-53-17 INFO txtx::svm::deploy_program] [Recovery Instructions] - Creating program buffer account at pubkey F5tRLgJMqFoSPJEiwVSk2USyrpCpVjZ6eqVkrdDXN6sA
[2026-10-05--22-53-17 WARN hyper_util::client::legacy::connect::http] tcp set_tcp_user_timeout error: Protocol not available (os error 92)
[2026-10-05--22-53-17 WARN hyper_util::client::legacy::connect::http] tcp set_tcp_user_timeout error: Protocol not available (os error 92)
[2026-10-05--22-53-17 WARN hyper_util::client::legacy::connect::http] tcp set_tcp_user_timeout error: Protocol not available (os error 92)
[2026-10-05--22-53-17 WARN hyper_util::client::legacy::connect::http] tcp set_tcp_user_timeout error: Protocol not available (os error 92)
[2026-10-05--22-53-17 WARN hyper_util::client::legacy::connect::http] tcp set_tcp_user_timeout error: Protocol not available (os error 92)
[2026-10-05--22-53-17 WARN hyper_util::client::legacy::connect::http] tcp set_tcp_user_timeout error: Protocol not available (os error 92)
[2026-10-05--22-53-17 WARN hyper_util::client::legacy::connect::http] tcp set_tcp_user_timeout error: Protocol not available (os error 92)
[2026-10-05--22-53-17 INFO txtx::svm::deploy_program] Account Created - Program buffer account created
[2026-10-05--22-53-17 WARN hyper_util::client::legacy::connect::http] tcp set_tcp_user_timeout error: Protocol not available (os error 92)
[2026-10-05--22-53-17 WARN hyper_util::client::legacy::connect::http] tcp set_tcp_user_timeout error: Protocol not available (os error 92)
[2026-10-05--22-53-17 WARN hyper_util::client::legacy::connect::http] tcp set_tcp_user_timeout error: Protocol not available (os error 92)
[2026-10-05--22-53-17 WARN hyper_util::client::legacy::connect::http] tcp set_tcp_user_timeout error: Protocol not available (os error 92)
[2026-10-05--22-53-17 WARN hyper_util::client::legacy::connect::http] tcp set_tcp_user_timeout error: Protocol not available (os error 92)
[2026-10-05--22-53-17 WARN hyper_util::client::legacy::connect::http] tcp set_tcp_user_timeout error: Protocol not available (os error 92)
[2026-10-05--22-53-17 WARN hyper_util::client::legacy::connect::http] tcp set_tcp_user_timeout error: Protocol not available (os error 92)
[2026-10-05--22-53-17 WARN hyper_util::client::legacy::connect::http] tcp set_tcp_user_timeout error: Protocol not available (os error 92)
[2026-10-05--22-53-17 WARN hyper_util::client::legacy::connect::http] tcp set_tcp_user_timeout error: Protocol not available (os error 92)
[2026-10-05--22-53-17 WARN hyper_util::client::legacy::connect::http] tcp set_tcp_user_timeout error: Protocol not available (os error 92)
[2026-10-05--22-53-17 WARN hyper_util::client::legacy::connect::http] tcp set_tcp_user_timeout error: Protocol not available (os error 92)
[2026-10-05--22-53-17 WARN hyper_util::client::legacy::connect::http] tcp set_tcp_user_timeout error: Protocol not available (os error 92)
[2026-10-05--22-53-17 WARN hyper_util::client::legacy::connect::http] tcp set_tcp_user_timeout error: Protocol not available (os error 92)
[2026-10-05--22-53-17 WARN hyper_util::client::legacy::connect::http] tcp set_tcp_user_timeout error: Protocol not available (os error 92)
[2026-10-05--22-53-17 WARN hyper_util::client::legacy::connect::http] tcp set_tcp_user_timeout error: Protocol not available (os error 92)
[2026-10-05--22-53-17 WARN hyper_util::client::legacy::connect::http] tcp set_tcp_user_timeout error: Protocol not available (os error 92)
[2026-10-05--22-53-17 WARN hyper_util::client::legacy::connect::http] tcp set_tcp_user_timeout error: Protocol not available (os error 92)
[2026-10-05--22-53-17 WARN hyper_util::client::legacy::connect::http] tcp set_tcp_user_timeout error: Protocol not available (os error 92)
[2026-10-05--22-53-17 WARN hyper_util::client::legacy::connect::http] tcp set_tcp_user_timeout error: Protocol not available (os error 92)
[2026-10-05--22-53-17 WARN hyper_util::client::legacy::connect::http] tcp set_tcp_user_timeout error: Protocol not available (os error 92)
[2026-10-05--22-53-17 WARN hyper_util::client::legacy::connect::http] tcp set_tcp_user_timeout error: Protocol not available (os error 92)
[2026-10-05--22-53-17 WARN hyper_util::client::legacy::connect::http] tcp set_tcp_user_timeout error: Protocol not available (os error 92)
[2026-10-05--22-53-17 WARN hyper_util::client::legacy::connect::http] tcp set_tcp_user_timeout error: Protocol not available (os error 92)
[2026-10-05--22-53-17 WARN hyper_util::client::legacy::connect::http] tcp set_tcp_user_timeout error: Protocol not available (os error 92)
[2026-10-05--22-53-17 WARN hyper_util::client::legacy::connect::http] tcp set_tcp_user_timeout error: Protocol not available (os error 92)
[2026-10-05--22-53-17 WARN hyper_util::client::legacy::connect::http] tcp set_tcp_user_timeout error: Protocol not available (os error 92)
[2026-10-05--22-53-17 WARN hyper_util::client::legacy::connect::http] tcp set_tcp_user_timeout error: Protocol not available (os error 92)
[2026-10-05--22-53-17 WARN hyper_util::client::legacy::connect::http] tcp set_tcp_user_timeout error: Protocol not available (os error 92)
[2026-10-05--22-53-17 WARN hyper_util::client::legacy::connect::http] tcp set_tcp_user_timeout error: Protocol not available (os error 92)
[2026-10-05--22-53-17 WARN hyper_util::client::legacy::connect::http] tcp set_tcp_user_timeout error: Protocol not available (os error 92)
[2026-10-05--22-53-17 WARN hyper_util::client::legacy::connect::http] tcp set_tcp_user_timeout error: Protocol not available (os error 92)
[2026-10-05--22-53-17 WARN hyper_util::client::legacy::connect::http] tcp set_tcp_user_timeout error: Protocol not available (os error 92)
[2026-10-05--22-53-18 WARN hyper_util::client::legacy::connect::http] tcp set_tcp_user_timeout error: Protocol not available (os error 92)
[2026-10-05--22-53-18 WARN hyper_util::client::legacy::connect::http] tcp set_tcp_user_timeout error: Protocol not available (os error 92)
[2026-10-05--22-53-18 WARN hyper_util::client::legacy::connect::http] tcp set_tcp_user_timeout error: Protocol not available (os error 92)
[2026-10-05--22-53-18 WARN hyper_util::client::legacy::connect::http] tcp set_tcp_user_timeout error: Protocol not available (os error 92)
[2026-10-05--22-53-18 WARN hyper_util::client::legacy::connect::http] tcp set_tcp_user_timeout error: Protocol not available (os error 92)
[2026-10-05--22-53-18 WARN hyper_util::client::legacy::connect::http] tcp set_tcp_user_timeout error: Protocol not available (os error 92)
[2026-10-05--22-53-18 WARN hyper_util::client::legacy::connect::http] tcp set_tcp_user_timeout error: Protocol not available (os error 92)
[2026-10-05--22-53-18 WARN hyper_util::client::legacy::connect::http] tcp set_tcp_user_timeout error: Protocol not available (os error 92)
[2026-10-05--22-53-18 WARN hyper_util::client::legacy::connect::http] tcp set_tcp_user_timeout error: Protocol not available (os error 92)
[2026-10-05--22-53-18 WARN hyper_util::client::legacy::connect::http] tcp set_tcp_user_timeout error: Protocol not available (os error 92)
[2026-10-05--22-53-18 WARN hyper_util::client::legacy::connect::http] tcp set_tcp_user_timeout error: Protocol not available (os error 92)
[2026-10-05--22-53-18 WARN hyper_util::client::legacy::connect::http] tcp set_tcp_user_timeout error: Protocol not available (os error 92)
[2026-10-05--22-53-18 WARN hyper_util::client::legacy::connect::http] tcp set_tcp_user_timeout error: Protocol not available (os error 92)
[2026-10-05--22-53-18 WARN hyper_util::client::legacy::connect::http] tcp set_tcp_user_timeout error: Protocol not available (os error 92)
[2026-10-05--22-53-18 WARN hyper_util::client::legacy::connect::http] tcp set_tcp_user_timeout error: Protocol not available (os error 92)
[2026-10-05--22-53-18 WARN hyper_util::client::legacy::connect::http] tcp set_tcp_user_timeout error: Protocol not available (os error 92)
[2026-10-05--22-53-18 WARN hyper_util::client::legacy::connect::http] tcp set_tcp_user_timeout error: Protocol not available (os error 92)
[2026-10-05--22-53-18 WARN hyper_util::client::legacy::connect::http] tcp set_tcp_user_timeout error: Protocol not available (os error 92)
[2026-10-05--22-53-18 WARN hyper_util::client::legacy::connect::http] tcp set_tcp_user_timeout error: Protocol not available (os error 92)
[2026-10-05--22-53-18 WARN hyper_util::client::legacy::connect::http] tcp set_tcp_user_timeout error: Protocol not available (os error 92)
[2026-10-05--22-53-18 WARN hyper_util::client::legacy::connect::http] tcp set_tcp_user_timeout error: Protocol not available (os error 92)
[2026-10-05--22-53-18 WARN hyper_util::client::legacy::connect::http] tcp set_tcp_user_timeout error: Protocol not available (os error 92)
[2026-10-05--22-53-18 WARN hyper_util::client::legacy::connect::http] tcp set_tcp_user_timeout error: Protocol not available (os error 92)
[2026-10-05--22-53-18 WARN hyper_util::client::legacy::connect::http] tcp set_tcp_user_timeout error: Protocol not available (os error 92)
[2026-10-05--22-53-18 WARN hyper_util::client::legacy::connect::http] tcp set_tcp_user_timeout error: Protocol not available (os error 92)
[2026-10-05--22-53-18 WARN hyper_util::client::legacy::connect::http] tcp set_tcp_user_timeout error: Protocol not available (os error 92)
[2026-10-05--22-53-18 WARN hyper_util::client::legacy::connect::http] tcp set_tcp_user_timeout error: Protocol not available (os error 92)
[2026-10-05--22-53-18 WARN hyper_util::client::legacy::connect::http] tcp set_tcp_user_timeout error: Protocol not available (os error 92)
[2026-10-05--22-53-18 WARN hyper_util::client::legacy::connect::http] tcp set_tcp_user_timeout error: Protocol not available (os error 92)
[2026-10-05--22-53-18 WARN hyper_util::client::legacy::connect::http] tcp set_tcp_user_timeout error: Protocol not available (os error 92)
[2026-10-05--22-53-18 WARN hyper_util::client::legacy::connect::http] tcp set_tcp_user_timeout error: Protocol not available (os error 92)
[2026-10-05--22-53-18 WARN hyper_util::client::legacy::connect::http] tcp set_tcp_user_timeout error: Protocol not available (os error 92)
[2026-10-05--22-53-18 WARN hyper_util::client::legacy::connect::http] tcp set_tcp_user_timeout error: Protocol not available (os error 92)
[2026-10-05--22-53-18 WARN hyper_util::client::legacy::connect::http] tcp set_tcp_user_timeout error: Protocol not available (os error 92)
[2026-10-05--22-53-18 WARN hyper_util::client::legacy::connect::http] tcp set_tcp_user_timeout error: Protocol not available (os error 92)
[2026-10-05--22-53-18 WARN hyper_util::client::legacy::connect::http] tcp set_tcp_user_timeout error: Protocol not available (os error 92)
[2026-10-05--22-53-18 WARN hyper_util::client::legacy::connect::http] tcp set_tcp_user_timeout error: Protocol not available (os error 92)
[2026-10-05--22-53-18 WARN hyper_util::client::legacy::connect::http] tcp set_tcp_user_timeout error: Protocol not available (os error 92)
[2026-10-05--22-53-18 WARN hyper_util::client::legacy::connect::http] tcp set_tcp_user_timeout error: Protocol not available (os error 92)
[2026-10-05--22-53-18 WARN hyper_util::client::legacy::connect::http] tcp set_tcp_user_timeout error: Protocol not available (os error 92)
[2026-10-05--22-53-18 WARN hyper_util::client::legacy::connect::http] tcp set_tcp_user_timeout error: Protocol not available (os error 92)
[2026-10-05--22-53-18 WARN hyper_util::client::legacy::connect::http] tcp set_tcp_user_timeout error: Protocol not available (os error 92)
[2026-10-05--22-53-18 WARN hyper_util::client::legacy::connect::http] tcp set_tcp_user_timeout error: Protocol not available (os error 92)
[2026-10-05--22-53-18 WARN hyper_util::client::legacy::connect::http] tcp set_tcp_user_timeout error: Protocol not available (os error 92)
[2026-10-05--22-53-18 WARN hyper_util::client::legacy::connect::http] tcp set_tcp_user_timeout error: Protocol not available (os error 92)
[2026-10-05--22-53-18 WARN hyper_util::client::legacy::connect::http] tcp set_tcp_user_timeout error: Protocol not available (os error 92)
[2026-10-05--22-53-18 WARN hyper_util::client::legacy::connect::http] tcp set_tcp_user_timeout error: Protocol not available (os error 92)
[2026-10-05--22-53-18 WARN hyper_util::client::legacy::connect::http] tcp set_tcp_user_timeout error: Protocol not available (os error 92)
[2026-10-05--22-53-18 WARN hyper_util::client::legacy::connect::http] tcp set_tcp_user_timeout error: Protocol not available (os error 92)
[2026-10-05--22-53-18 WARN hyper_util::client::legacy::connect::http] tcp set_tcp_user_timeout error: Protocol not available (os error 92)
[2026-10-05--22-53-18 WARN hyper_util::client::legacy::connect::http] tcp set_tcp_user_timeout error: Protocol not available (os error 92)
[2026-10-05--22-53-18 WARN hyper_util::client::legacy::connect::http] tcp set_tcp_user_timeout error: Protocol not available (os error 92)
[2026-10-05--22-53-18 WARN hyper_util::client::legacy::connect::http] tcp set_tcp_user_timeout error: Protocol not available (os error 92)
[2026-10-05--22-53-18 WARN hyper_util::client::legacy::connect::http] tcp set_tcp_user_timeout error: Protocol not available (os error 92)
[2026-10-05--22-53-18 WARN hyper_util::client::legacy::connect::http] tcp set_tcp_user_timeout error: Protocol not available (os error 92)
[2026-10-05--22-53-18 WARN hyper_util::client::legacy::connect::http] tcp set_tcp_user_timeout error: Protocol not available (os error 92)
[2026-10-05--22-53-18 WARN hyper_util::client::legacy::connect::http] tcp set_tcp_user_timeout error: Protocol not available (os error 92)
[2026-10-05--22-53-18 WARN hyper_util::client::legacy::connect::http] tcp set_tcp_user_timeout error: Protocol not available (os error 92)
[2026-10-05--22-53-18 WARN hyper_util::client::legacy::connect::http] tcp set_tcp_user_timeout error: Protocol not available (os error 92)
[2026-10-05--22-53-18 WARN hyper_util::client::legacy::connect::http] tcp set_tcp_user_timeout error: Protocol not available (os error 92)
[2026-10-05--22-53-18 WARN hyper_util::client::legacy::connect::http] tcp set_tcp_user_timeout error: Protocol not available (os error 92)
[2026-10-05--22-53-18 WARN hyper_util::client::legacy::connect::http] tcp set_tcp_user_timeout error: Protocol not available (os error 92)
[2026-10-05--22-53-18 WARN hyper_util::client::legacy::connect::http] tcp set_tcp_user_timeout error: Protocol not available (os error 92)
[2026-10-05--22-53-18 WARN hyper_util::client::legacy::connect::http] tcp set_tcp_user_timeout error: Protocol not available (os error 92)
[2026-10-05--22-53-18 WARN hyper_util::client::legacy::connect::http] tcp set_tcp_user_timeout error: Protocol not available (os error 92)
[2026-10-05--22-53-18 WARN hyper_util::client::legacy::connect::http] tcp set_tcp_user_timeout error: Protocol not available (os error 92)
[2026-10-05--22-53-18 WARN hyper_util::client::legacy::connect::http] tcp set_tcp_user_timeout error: Protocol not available (os error 92)
[2026-10-05--22-53-18 WARN hyper_util::client::legacy::connect::http] tcp set_tcp_user_timeout error: Protocol not available (os error 92)
[2026-10-05--22-53-18 WARN hyper_util::client::legacy::connect::http] tcp set_tcp_user_timeout error: Protocol not available (os error 92)
[2026-10-05--22-53-18 WARN hyper_util::client::legacy::connect::http] tcp set_tcp_user_timeout error: Protocol not available (os error 92)
[2026-10-05--22-53-18 WARN hyper_util::client::legacy::connect::http] tcp set_tcp_user_timeout error: Protocol not available (os error 92)
[2026-10-05--22-53-18 WARN hyper_util::client::legacy::connect::http] tcp set_tcp_user_timeout error: Protocol not available (os error 92)
[2026-10-05--22-53-18 WARN hyper_util::client::legacy::connect::http] tcp set_tcp_user_timeout error: Protocol not available (os error 92)
[2026-10-05--22-53-18 WARN hyper_util::client::legacy::connect::http] tcp set_tcp_user_timeout error: Protocol not available (os error 92)
[2026-10-05--22-53-18 WARN hyper_util::client::legacy::connect::http] tcp set_tcp_user_timeout error: Protocol not available (os error 92)
[2026-10-05--22-53-18 WARN hyper_util::client::legacy::connect::http] tcp set_tcp_user_timeout error: Protocol not available (os error 92)
[2026-10-05--22-53-18 WARN hyper_util::client::legacy::connect::http] tcp set_tcp_user_timeout error: Protocol not available (os error 92)
[2026-10-05--22-53-18 WARN hyper_util::client::legacy::connect::http] tcp set_tcp_user_timeout error: Protocol not available (os error 92)
[2026-10-05--22-53-18 WARN hyper_util::client::legacy::connect::http] tcp set_tcp_user_timeout error: Protocol not available (os error 92)
[2026-10-05--22-53-18 WARN hyper_util::client::legacy::connect::http] tcp set_tcp_user_timeout error: Protocol not available (os error 92)
[2026-10-05--22-53-18 WARN hyper_util::client::legacy::connect::http] tcp set_tcp_user_timeout error: Protocol not available (os error 92)
[2026-10-05--22-53-18 WARN hyper_util::client::legacy::connect::http] tcp set_tcp_user_timeout error: Protocol not available (os error 92)
[2026-10-05--22-53-18 WARN hyper_util::client::legacy::connect::http] tcp set_tcp_user_timeout error: Protocol not available (os error 92)
[2026-10-05--22-53-18 WARN hyper_util::client::legacy::connect::http] tcp set_tcp_user_timeout error: Protocol not available (os error 92)
[2026-10-05--22-53-18 WARN hyper_util::client::legacy::connect::http] tcp set_tcp_user_timeout error: Protocol not available (os error 92)
[2026-10-05--22-53-18 WARN hyper_util::client::legacy::connect::http] tcp set_tcp_user_timeout error: Protocol not available (os error 92)
[2026-10-05--22-53-18 WARN hyper_util::client::legacy::connect::http] tcp set_tcp_user_timeout error: Protocol not available (os error 92)
[2026-10-05--22-53-18 WARN hyper_util::client::legacy::connect::http] tcp set_tcp_user_timeout error: Protocol not available (os error 92)
[2026-10-05--22-53-18 WARN hyper_util::client::legacy::connect::http] tcp set_tcp_user_timeout error: Protocol not available (os error 92)
[2026-10-05--22-53-18 WARN hyper_util::client::legacy::connect::http] tcp set_tcp_user_timeout error: Protocol not available (os error 92)
[2026-10-05--22-53-18 WARN hyper_util::client::legacy::connect::http] tcp set_tcp_user_timeout error: Protocol not available (os error 92)
[2026-10-05--22-53-18 INFO parity_ws::io] Accepted a new tcp connection from 127.0.0.1:49375.
[2026-10-05--22-53-18 WARN hyper_util::client::legacy::connect::http] tcp set_tcp_user_timeout error: Protocol not available (os error 92)
[2026-10-05--22-53-18 WARN hyper_util::client::legacy::connect::http] tcp set_tcp_user_timeout error: Protocol not available (os error 92)
[2026-10-05--22-53-18 WARN hyper_util::client::legacy::connect::http] tcp set_tcp_user_timeout error: Protocol not available (os error 92)
[2026-10-05--22-53-18 WARN hyper_util::client::legacy::connect::http] tcp set_tcp_user_timeout error: Protocol not available (os error 92)
[2026-10-05--22-53-18 WARN hyper_util::client::legacy::connect::http] tcp set_tcp_user_timeout error: Protocol not available (os error 92)
[2026-10-05--22-53-18 WARN hyper_util::client::legacy::connect::http] tcp set_tcp_user_timeout error: Protocol not available (os error 92)
[2026-10-05--22-53-18 WARN hyper_util::client::legacy::connect::http] tcp set_tcp_user_timeout error: Protocol not available (os error 92)
[2026-10-05--22-53-18 WARN hyper_util::client::legacy::connect::http] tcp set_tcp_user_timeout error: Protocol not available (os error 92)
[2026-10-05--22-53-18 WARN hyper_util::client::legacy::connect::http] tcp set_tcp_user_timeout error: Protocol not available (os error 92)
[2026-10-05--22-53-19 WARN hyper_util::client::legacy::connect::http] tcp set_tcp_user_timeout error: Protocol not available (os error 92)
[2026-10-05--22-53-19 WARN hyper_util::client::legacy::connect::http] tcp set_tcp_user_timeout error: Protocol not available (os error 92)
[2026-10-05--22-53-19 WARN hyper_util::client::legacy::connect::http] tcp set_tcp_user_timeout error: Protocol not available (os error 92)
[2026-10-05--22-53-19 WARN hyper_util::client::legacy::connect::http] tcp set_tcp_user_timeout error: Protocol not available (os error 92)
[2026-10-05--22-53-19 WARN hyper_util::client::legacy::connect::http] tcp set_tcp_user_timeout error: Protocol not available (os error 92)
[2026-10-05--22-53-19 WARN hyper_util::client::legacy::connect::http] tcp set_tcp_user_timeout error: Protocol not available (os error 92)
[2026-10-05--22-53-19 WARN hyper_util::client::legacy::connect::http] tcp set_tcp_user_timeout error: Protocol not available (os error 92)
[2026-10-05--22-53-19 WARN hyper_util::client::legacy::connect::http] tcp set_tcp_user_timeout error: Protocol not available (os error 92)
[2026-10-05--22-53-19 WARN hyper_util::client::legacy::connect::http] tcp set_tcp_user_timeout error: Protocol not available (os error 92)
[2026-10-05--22-53-19 WARN hyper_util::client::legacy::connect::http] tcp set_tcp_user_timeout error: Protocol not available (os error 92)
[2026-10-05--22-53-19 WARN hyper_util::client::legacy::connect::http] tcp set_tcp_user_timeout error: Protocol not available (os error 92)
[2026-10-05--22-53-19 WARN hyper_util::client::legacy::connect::http] tcp set_tcp_user_timeout error: Protocol not available (os error 92)
[2026-10-05--22-53-19 WARN hyper_util::client::legacy::connect::http] tcp set_tcp_user_timeout error: Protocol not available (os error 92)
[2026-10-05--22-53-19 WARN hyper_util::client::legacy::connect::http] tcp set_tcp_user_timeout error: Protocol not available (os error 92)
[2026-10-05--22-53-19 WARN hyper_util::client::legacy::connect::http] tcp set_tcp_user_timeout error: Protocol not available (os error 92)
[2026-10-05--22-53-19 WARN hyper_util::client::legacy::connect::http] tcp set_tcp_user_timeout error: Protocol not available (os error 92)
[2026-10-05--22-53-19 WARN hyper_util::client::legacy::connect::http] tcp set_tcp_user_timeout error: Protocol not available (os error 92)
[2026-10-05--22-53-19 WARN hyper_util::client::legacy::connect::http] tcp set_tcp_user_timeout error: Protocol not available (os error 92)
[2026-10-05--22-53-19 WARN hyper_util::client::legacy::connect::http] tcp set_tcp_user_timeout error: Protocol not available (os error 92)
[2026-10-05--22-53-19 WARN hyper_util::client::legacy::connect::http] tcp set_tcp_user_timeout error: Protocol not available (os error 92)
[2026-10-05--22-53-19 WARN hyper_util::client::legacy::connect::http] tcp set_tcp_user_timeout error: Protocol not available (os error 92)
[2026-10-05--22-53-19 WARN hyper_util::client::legacy::connect::http] tcp set_tcp_user_timeout error: Protocol not available (os error 92)
[2026-10-05--22-53-19 WARN hyper_util::client::legacy::connect::http] tcp set_tcp_user_timeout error: Protocol not available (os error 92)
[2026-10-05--22-53-19 WARN hyper_util::client::legacy::connect::http] tcp set_tcp_user_timeout error: Protocol not available (os error 92)
[2026-10-05--22-53-19 WARN hyper_util::client::legacy::connect::http] tcp set_tcp_user_timeout error: Protocol not available (os error 92)
[2026-10-05--22-53-19 WARN hyper_util::client::legacy::connect::http] tcp set_tcp_user_timeout error: Protocol not available (os error 92)
[2026-10-05--22-53-19 WARN hyper_util::client::legacy::connect::http] tcp set_tcp_user_timeout error: Protocol not available (os error 92)
[2026-10-05--22-53-19 WARN hyper_util::client::legacy::connect::http] tcp set_tcp_user_timeout error: Protocol not available (os error 92)
[2026-10-05--22-53-19 WARN hyper_util::client::legacy::connect::http] tcp set_tcp_user_timeout error: Protocol not available (os error 92)
[2026-10-05--22-53-19 WARN hyper_util::client::legacy::connect::http] tcp set_tcp_user_timeout error: Protocol not available (os error 92)
[2026-10-05--22-53-19 WARN hyper_util::client::legacy::connect::http] tcp set_tcp_user_timeout error: Protocol not available (os error 92)
[2026-10-05--22-53-19 WARN hyper_util::client::legacy::connect::http] tcp set_tcp_user_timeout error: Protocol not available (os error 92)
[2026-10-05--22-53-19 WARN hyper_util::client::legacy::connect::http] tcp set_tcp_user_timeout error: Protocol not available (os error 92)
[2026-10-05--22-53-19 WARN hyper_util::client::legacy::connect::http] tcp set_tcp_user_timeout error: Protocol not available (os error 92)
[2026-10-05--22-53-19 WARN hyper_util::client::legacy::connect::http] tcp set_tcp_user_timeout error: Protocol not available (os error 92)
[2026-10-05--22-53-19 WARN hyper_util::client::legacy::connect::http] tcp set_tcp_user_timeout error: Protocol not available (os error 92)
[2026-10-05--22-53-19 WARN hyper_util::client::legacy::connect::http] tcp set_tcp_user_timeout error: Protocol not available (os error 92)
[2026-10-05--22-53-19 WARN hyper_util::client::legacy::connect::http] tcp set_tcp_user_timeout error: Protocol not available (os error 92)
[2026-10-05--22-53-19 WARN hyper_util::client::legacy::connect::http] tcp set_tcp_user_timeout error: Protocol not available (os error 92)
[2026-10-05--22-53-19 WARN hyper_util::client::legacy::connect::http] tcp set_tcp_user_timeout error: Protocol not available (os error 92)
[2026-10-05--22-53-19 WARN hyper_util::client::legacy::connect::http] tcp set_tcp_user_timeout error: Protocol not available (os error 92)
[2026-10-05--22-53-19 WARN hyper_util::client::legacy::connect::http] tcp set_tcp_user_timeout error: Protocol not available (os error 92)
[2026-10-05--22-53-19 WARN hyper_util::client::legacy::connect::http] tcp set_tcp_user_timeout error: Protocol not available (os error 92)
[2026-10-05--22-53-19 WARN hyper_util::client::legacy::connect::http] tcp set_tcp_user_timeout error: Protocol not available (os error 92)
[2026-10-05--22-53-19 WARN hyper_util::client::legacy::connect::http] tcp set_tcp_user_timeout error: Protocol not available (os error 92)
[2026-10-05--22-53-19 WARN hyper_util::client::legacy::connect::http] tcp set_tcp_user_timeout error: Protocol not available (os error 92)
[2026-10-05--22-53-19 WARN hyper_util::client::legacy::connect::http] tcp set_tcp_user_timeout error: Protocol not available (os error 92)
[2026-10-05--22-53-19 WARN hyper_util::client::legacy::connect::http] tcp set_tcp_user_timeout error: Protocol not available (os error 92)
[2026-10-05--22-53-19 WARN hyper_util::client::legacy::connect::http] tcp set_tcp_user_timeout error: Protocol not available (os error 92)
[2026-10-05--22-53-19 WARN hyper_util::client::legacy::connect::http] tcp set_tcp_user_timeout error: Protocol not available (os error 92)
[2026-10-05--22-53-19 WARN hyper_util::client::legacy::connect::http] tcp set_tcp_user_timeout error: Protocol not available (os error 92)
[2026-10-05--22-53-19 WARN hyper_util::client::legacy::connect::http] tcp set_tcp_user_timeout error: Protocol not available (os error 92)
[2026-10-05--22-53-19 WARN hyper_util::client::legacy::connect::http] tcp set_tcp_user_timeout error: Protocol not available (os error 92)
[2026-10-05--22-53-19 WARN hyper_util::client::legacy::connect::http] tcp set_tcp_user_timeout error: Protocol not available (os error 92)
[2026-10-05--22-53-19 WARN hyper_util::client::legacy::connect::http] tcp set_tcp_user_timeout error: Protocol not available (os error 92)
[2026-10-05--22-53-19 WARN hyper_util::client::legacy::connect::http] tcp set_tcp_user_timeout error: Protocol not available (os error 92)
[2026-10-05--22-53-19 WARN hyper_util::client::legacy::connect::http] tcp set_tcp_user_timeout error: Protocol not available (os error 92)
[2026-10-05--22-53-19 WARN hyper_util::client::legacy::connect::http] tcp set_tcp_user_timeout error: Protocol not available (os error 92)
[2026-10-05--22-53-19 WARN hyper_util::client::legacy::connect::http] tcp set_tcp_user_timeout error: Protocol not available (os error 92)
[2026-10-05--22-53-19 WARN hyper_util::client::legacy::connect::http] tcp set_tcp_user_timeout error: Protocol not available (os error 92)
[2026-10-05--22-53-19 WARN hyper_util::client::legacy::connect::http] tcp set_tcp_user_timeout error: Protocol not available (os error 92)
[2026-10-05--22-53-19 WARN hyper_util::client::legacy::connect::http] tcp set_tcp_user_timeout error: Protocol not available (os error 92)
[2026-10-05--22-53-19 WARN hyper_util::client::legacy::connect::http] tcp set_tcp_user_timeout error: Protocol not available (os error 92)
[2026-10-05--22-53-19 WARN hyper_util::client::legacy::connect::http] tcp set_tcp_user_timeout error: Protocol not available (os error 92)
[2026-10-05--22-53-19 WARN hyper_util::client::legacy::connect::http] tcp set_tcp_user_timeout error: Protocol not available (os error 92)
[2026-10-05--22-53-19 WARN hyper_util::client::legacy::connect::http] tcp set_tcp_user_timeout error: Protocol not available (os error 92)
[2026-10-05--22-53-19 WARN hyper_util::client::legacy::connect::http] tcp set_tcp_user_timeout error: Protocol not available (os error 92)
[2026-10-05--22-53-19 WARN hyper_util::client::legacy::connect::http] tcp set_tcp_user_timeout error: Protocol not available (os error 92)
[2026-10-05--22-53-19 WARN hyper_util::client::legacy::connect::http] tcp set_tcp_user_timeout error: Protocol not available (os error 92)
[2026-10-05--22-53-19 WARN hyper_util::client::legacy::connect::http] tcp set_tcp_user_timeout error: Protocol not available (os error 92)
[2026-10-05--22-53-19 WARN hyper_util::client::legacy::connect::http] tcp set_tcp_user_timeout error: Protocol not available (os error 92)
[2026-10-05--22-53-19 WARN hyper_util::client::legacy::connect::http] tcp set_tcp_user_timeout error: Protocol not available (os error 92)
[2026-10-05--22-53-19 WARN hyper_util::client::legacy::connect::http] tcp set_tcp_user_timeout error: Protocol not available (os error 92)
[2026-10-05--22-53-19 WARN hyper_util::client::legacy::connect::http] tcp set_tcp_user_timeout error: Protocol not available (os error 92)
[2026-10-05--22-53-19 WARN hyper_util::client::legacy::connect::http] tcp set_tcp_user_timeout error: Protocol not available (os error 92)
[2026-10-05--22-53-19 WARN hyper_util::client::legacy::connect::http] tcp set_tcp_user_timeout error: Protocol not available (os error 92)
[2026-10-05--22-53-19 WARN hyper_util::client::legacy::connect::http] tcp set_tcp_user_timeout error: Protocol not available (os error 92)
[2026-10-05--22-53-19 WARN hyper_util::client::legacy::connect::http] tcp set_tcp_user_timeout error: Protocol not available (os error 92)
[2026-10-05--22-53-19 WARN hyper_util::client::legacy::connect::http] tcp set_tcp_user_timeout error: Protocol not available (os error 92)
[2026-10-05--22-53-19 WARN hyper_util::client::legacy::connect::http] tcp set_tcp_user_timeout error: Protocol not available (os error 92)
[2026-10-05--22-53-19 WARN hyper_util::client::legacy::connect::http] tcp set_tcp_user_timeout error: Protocol not available (os error 92)
[2026-10-05--22-53-19 WARN hyper_util::client::legacy::connect::http] tcp set_tcp_user_timeout error: Protocol not available (os error 92)
[2026-10-05--22-53-19 WARN hyper_util::client::legacy::connect::http] tcp set_tcp_user_timeout error: Protocol not available (os error 92)
[2026-10-05--22-53-19 WARN hyper_util::client::legacy::connect::http] tcp set_tcp_user_timeout error: Protocol not available (os error 92)
[2026-10-05--22-53-19 WARN hyper_util::client::legacy::connect::http] tcp set_tcp_user_timeout error: Protocol not available (os error 92)
[2026-10-05--22-53-19 WARN hyper_util::client::legacy::connect::http] tcp set_tcp_user_timeout error: Protocol not available (os error 92)
[2026-10-05--22-53-19 WARN hyper_util::client::legacy::connect::http] tcp set_tcp_user_timeout error: Protocol not available (os error 92)
[2026-10-05--22-53-19 WARN hyper_util::client::legacy::connect::http] tcp set_tcp_user_timeout error: Protocol not available (os error 92)
[2026-10-05--22-53-19 WARN hyper_util::client::legacy::connect::http] tcp set_tcp_user_timeout error: Protocol not available (os error 92)
[2026-10-05--22-53-19 WARN hyper_util::client::legacy::connect::http] tcp set_tcp_user_timeout error: Protocol not available (os error 92)
[2026-10-05--22-53-19 WARN hyper_util::client::legacy::connect::http] tcp set_tcp_user_timeout error: Protocol not available (os error 92)
[2026-10-05--22-53-19 WARN hyper_util::client::legacy::connect::http] tcp set_tcp_user_timeout error: Protocol not available (os error 92)
[2026-10-05--22-53-19 WARN hyper_util::client::legacy::connect::http] tcp set_tcp_user_timeout error: Protocol not available (os error 92)
[2026-10-05--22-53-19 WARN hyper_util::client::legacy::connect::http] tcp set_tcp_user_timeout error: Protocol not available (os error 92)
[2026-10-05--22-53-19 WARN hyper_util::client::legacy::connect::http] tcp set_tcp_user_timeout error: Protocol not available (os error 92)
[2026-10-05--22-53-19 WARN hyper_util::client::legacy::connect::http] tcp set_tcp_user_timeout error: Protocol not available (os error 92)
[2026-10-05--22-53-19 WARN hyper_util::client::legacy::connect::http] tcp set_tcp_user_timeout error: Protocol not available (os error 92)
[2026-10-05--22-53-19 WARN hyper_util::client::legacy::connect::http] tcp set_tcp_user_timeout error: Protocol not available (os error 92)
[2026-10-05--22-53-19 WARN hyper_util::client::legacy::connect::http] tcp set_tcp_user_timeout error: Protocol not available (os error 92)
[2026-10-05--22-53-19 WARN hyper_util::client::legacy::connect::http] tcp set_tcp_user_timeout error: Protocol not available (os error 92)
[2026-10-05--22-53-19 WARN hyper_util::client::legacy::connect::http] tcp set_tcp_user_timeout error: Protocol not available (os error 92)
[2026-10-05--22-53-19 WARN hyper_util::client::legacy::connect::http] tcp set_tcp_user_timeout error: Protocol not available (os error 92)
[2026-10-05--22-53-19 WARN hyper_util::client::legacy::connect::http] tcp set_tcp_user_timeout error: Protocol not available (os error 92)
[2026-10-05--22-53-20 WARN hyper_util::client::legacy::connect::http] tcp set_tcp_user_timeout error: Protocol not available (os error 92)
[2026-10-05--22-53-20 WARN hyper_util::client::legacy::connect::http] tcp set_tcp_user_timeout error: Protocol not available (os error 92)
[2026-10-05--22-53-20 WARN hyper_util::client::legacy::connect::http] tcp set_tcp_user_timeout error: Protocol not available (os error 92)
[2026-10-05--22-53-20 WARN hyper_util::client::legacy::connect::http] tcp set_tcp_user_timeout error: Protocol not available (os error 92)
[2026-10-05--22-53-20 WARN hyper_util::client::legacy::connect::http] tcp set_tcp_user_timeout error: Protocol not available (os error 92)
[2026-10-05--22-53-20 WARN hyper_util::client::legacy::connect::http] tcp set_tcp_user_timeout error: Protocol not available (os error 92)
[2026-10-05--22-53-20 WARN hyper_util::client::legacy::connect::http] tcp set_tcp_user_timeout error: Protocol not available (os error 92)
[2026-10-05--22-53-20 WARN hyper_util::client::legacy::connect::http] tcp set_tcp_user_timeout error: Protocol not available (os error 92)
[2026-10-05--22-53-20 WARN hyper_util::client::legacy::connect::http] tcp set_tcp_user_timeout error: Protocol not available (os error 92)
[2026-10-05--22-53-20 WARN hyper_util::client::legacy::connect::http] tcp set_tcp_user_timeout error: Protocol not available (os error 92)
[2026-10-05--22-53-20 WARN hyper_util::client::legacy::connect::http] tcp set_tcp_user_timeout error: Protocol not available (os error 92)
[2026-10-05--22-53-20 WARN hyper_util::client::legacy::connect::http] tcp set_tcp_user_timeout error: Protocol not available (os error 92)
[2026-10-05--22-53-20 WARN hyper_util::client::legacy::connect::http] tcp set_tcp_user_timeout error: Protocol not available (os error 92)
[2026-10-05--22-53-20 WARN hyper_util::client::legacy::connect::http] tcp set_tcp_user_timeout error: Protocol not available (os error 92)
[2026-10-05--22-53-20 WARN hyper_util::client::legacy::connect::http] tcp set_tcp_user_timeout error: Protocol not available (os error 92)
[2026-10-05--22-53-20 WARN hyper_util::client::legacy::connect::http] tcp set_tcp_user_timeout error: Protocol not available (os error 92)
[2026-10-05--22-53-20 WARN hyper_util::client::legacy::connect::http] tcp set_tcp_user_timeout error: Protocol not available (os error 92)
[2026-10-05--22-53-20 WARN hyper_util::client::legacy::connect::http] tcp set_tcp_user_timeout error: Protocol not available (os error 92)
[2026-10-05--22-53-20 WARN hyper_util::client::legacy::connect::http] tcp set_tcp_user_timeout error: Protocol not available (os error 92)
[2026-10-05--22-53-20 WARN hyper_util::client::legacy::connect::http] tcp set_tcp_user_timeout error: Protocol not available (os error 92)
[2026-10-05--22-53-20 WARN hyper_util::client::legacy::connect::http] tcp set_tcp_user_timeout error: Protocol not available (os error 92)
[2026-10-05--22-53-20 WARN hyper_util::client::legacy::connect::http] tcp set_tcp_user_timeout error: Protocol not available (os error 92)
[2026-10-05--22-53-20 WARN hyper_util::client::legacy::connect::http] tcp set_tcp_user_timeout error: Protocol not available (os error 92)
[2026-10-05--22-53-20 WARN hyper_util::client::legacy::connect::http] tcp set_tcp_user_timeout error: Protocol not available (os error 92)
[2026-10-05--22-53-20 WARN hyper_util::client::legacy::connect::http] tcp set_tcp_user_timeout error: Protocol not available (os error 92)
[2026-10-05--22-53-20 WARN hyper_util::client::legacy::connect::http] tcp set_tcp_user_timeout error: Protocol not available (os error 92)
[2026-10-05--22-53-20 WARN hyper_util::client::legacy::connect::http] tcp set_tcp_user_timeout error: Protocol not available (os error 92)
[2026-10-05--22-53-20 WARN hyper_util::client::legacy::connect::http] tcp set_tcp_user_timeout error: Protocol not available (os error 92)
[2026-10-05--22-53-20 WARN hyper_util::client::legacy::connect::http] tcp set_tcp_user_timeout error: Protocol not available (os error 92)
[2026-10-05--22-53-20 WARN hyper_util::client::legacy::connect::http] tcp set_tcp_user_timeout error: Protocol not available (os error 92)
[2026-10-05--22-53-20 WARN hyper_util::client::legacy::connect::http] tcp set_tcp_user_timeout error: Protocol not available (os error 92)
[2026-10-05--22-53-20 WARN hyper_util::client::legacy::connect::http] tcp set_tcp_user_timeout error: Protocol not available (os error 92)
[2026-10-05--22-53-20 WARN hyper_util::client::legacy::connect::http] tcp set_tcp_user_timeout error: Protocol not available (os error 92)
[2026-10-05--22-53-20 WARN hyper_util::client::legacy::connect::http] tcp set_tcp_user_timeout error: Protocol not available (os error 92)
[2026-10-05--22-53-20 WARN hyper_util::client::legacy::connect::http] tcp set_tcp_user_timeout error: Protocol not available (os error 92)
[2026-10-05--22-53-20 WARN hyper_util::client::legacy::connect::http] tcp set_tcp_user_timeout error: Protocol not available (os error 92)
[2026-10-05--22-53-20 WARN hyper_util::client::legacy::connect::http] tcp set_tcp_user_timeout error: Protocol not available (os error 92)
[2026-10-05--22-53-20 WARN hyper_util::client::legacy::connect::http] tcp set_tcp_user_timeout error: Protocol not available (os error 92)
[2026-10-05--22-53-20 WARN hyper_util::client::legacy::connect::http] tcp set_tcp_user_timeout error: Protocol not available (os error 92)
[2026-10-05--22-53-20 WARN hyper_util::client::legacy::connect::http] tcp set_tcp_user_timeout error: Protocol not available (os error 92)
[2026-10-05--22-53-20 WARN hyper_util::client::legacy::connect::http] tcp set_tcp_user_timeout error: Protocol not available (os error 92)
[2026-10-05--22-53-20 WARN hyper_util::client::legacy::connect::http] tcp set_tcp_user_timeout error: Protocol not available (os error 92)
[2026-10-05--22-53-20 WARN hyper_util::client::legacy::connect::http] tcp set_tcp_user_timeout error: Protocol not available (os error 92)
[2026-10-05--22-53-20 WARN hyper_util::client::legacy::connect::http] tcp set_tcp_user_timeout error: Protocol not available (os error 92)
[2026-10-05--22-53-20 WARN hyper_util::client::legacy::connect::http] tcp set_tcp_user_timeout error: Protocol not available (os error 92)
[2026-10-05--22-53-20 WARN hyper_util::client::legacy::connect::http] tcp set_tcp_user_timeout error: Protocol not available (os error 92)
[2026-10-05--22-53-20 WARN hyper_util::client::legacy::connect::http] tcp set_tcp_user_timeout error: Protocol not available (os error 92)
[2026-10-05--22-53-20 WARN hyper_util::client::legacy::connect::http] tcp set_tcp_user_timeout error: Protocol not available (os error 92)
[2026-10-05--22-53-20 WARN hyper_util::client::legacy::connect::http] tcp set_tcp_user_timeout error: Protocol not available (os error 92)
[2026-10-05--22-53-20 WARN hyper_util::client::legacy::connect::http] tcp set_tcp_user_timeout error: Protocol not available (os error 92)
[2026-10-05--22-53-20 WARN hyper_util::client::legacy::connect::http] tcp set_tcp_user_timeout error: Protocol not available (os error 92)
[2026-10-05--22-53-20 WARN hyper_util::client::legacy::connect::http] tcp set_tcp_user_timeout error: Protocol not available (os error 92)
[2026-10-05--22-53-20 WARN hyper_util::client::legacy::connect::http] tcp set_tcp_user_timeout error: Protocol not available (os error 92)
[2026-10-05--22-53-20 WARN hyper_util::client::legacy::connect::http] tcp set_tcp_user_timeout error: Protocol not available (os error 92)
[2026-10-05--22-53-20 WARN hyper_util::client::legacy::connect::http] tcp set_tcp_user_timeout error: Protocol not available (os error 92)
[2026-10-05--22-53-20 WARN hyper_util::client::legacy::connect::http] tcp set_tcp_user_timeout error: Protocol not available (os error 92)
[2026-10-05--22-53-20 WARN hyper_util::client::legacy::connect::http] tcp set_tcp_user_timeout error: Protocol not available (os error 92)
[2026-10-05--22-53-20 WARN hyper_util::client::legacy::connect::http] tcp set_tcp_user_timeout error: Protocol not available (os error 92)
[2026-10-05--22-53-20 WARN hyper_util::client::legacy::connect::http] tcp set_tcp_user_timeout error: Protocol not available (os error 92)
[2026-10-05--22-53-20 WARN hyper_util::client::legacy::connect::http] tcp set_tcp_user_timeout error: Protocol not available (os error 92)
[2026-10-05--22-53-20 WARN hyper_util::client::legacy::connect::http] tcp set_tcp_user_timeout error: Protocol not available (os error 92)
[2026-10-05--22-53-20 WARN hyper_util::client::legacy::connect::http] tcp set_tcp_user_timeout error: Protocol not available (os error 92)
[2026-10-05--22-53-20 WARN hyper_util::client::legacy::connect::http] tcp set_tcp_user_timeout error: Protocol not available (os error 92)
[2026-10-05--22-53-20 WARN hyper_util::client::legacy::connect::http] tcp set_tcp_user_timeout error: Protocol not available (os error 92)
[2026-10-05--22-53-20 WARN hyper_util::client::legacy::connect::http] tcp set_tcp_user_timeout error: Protocol not available (os error 92)
[2026-10-05--22-53-20 WARN hyper_util::client::legacy::connect::http] tcp set_tcp_user_timeout error: Protocol not available (os error 92)
[2026-10-05--22-53-20 WARN hyper_util::client::legacy::connect::http] tcp set_tcp_user_timeout error: Protocol not available (os error 92)
[2026-10-05--22-53-20 WARN hyper_util::client::legacy::connect::http] tcp set_tcp_user_timeout error: Protocol not available (os error 92)
[2026-10-05--22-53-20 WARN hyper_util::client::legacy::connect::http] tcp set_tcp_user_timeout error: Protocol not available (os error 92)
[2026-10-05--22-53-20 WARN hyper_util::client::legacy::connect::http] tcp set_tcp_user_timeout error: Protocol not available (os error 92)
[2026-10-05--22-53-20 WARN hyper_util::client::legacy::connect::http] tcp set_tcp_user_timeout error: Protocol not available (os error 92)
[2026-10-05--22-53-20 WARN hyper_util::client::legacy::connect::http] tcp set_tcp_user_timeout error: Protocol not available (os error 92)
[2026-10-05--22-53-20 WARN hyper_util::client::legacy::connect::http] tcp set_tcp_user_timeout error: Protocol not available (os error 92)
[2026-10-05--22-53-20 WARN hyper_util::client::legacy::connect::http] tcp set_tcp_user_timeout error: Protocol not available (os error 92)
[2026-10-05--22-53-20 WARN hyper_util::client::legacy::connect::http] tcp set_tcp_user_timeout error: Protocol not available (os error 92)
[2026-10-05--22-53-20 WARN hyper_util::client::legacy::connect::http] tcp set_tcp_user_timeout error: Protocol not available (os error 92)
[2026-10-05--22-53-20 WARN hyper_util::client::legacy::connect::http] tcp set_tcp_user_timeout error: Protocol not available (os error 92)
[2026-10-05--22-53-20 WARN hyper_util::client::legacy::connect::http] tcp set_tcp_user_timeout error: Protocol not available (os error 92)
[2026-10-05--22-53-20 WARN hyper_util::client::legacy::connect::http] tcp set_tcp_user_timeout error: Protocol not available (os error 92)
[2026-10-05--22-53-20 WARN hyper_util::client::legacy::connect::http] tcp set_tcp_user_timeout error: Protocol not available (os error 92)
[2026-10-05--22-53-20 WARN hyper_util::client::legacy::connect::http] tcp set_tcp_user_timeout error: Protocol not available (os error 92)
[2026-10-05--22-53-20 WARN hyper_util::client::legacy::connect::http] tcp set_tcp_user_timeout error: Protocol not available (os error 92)
[2026-10-05--22-53-20 WARN hyper_util::client::legacy::connect::http] tcp set_tcp_user_timeout error: Protocol not available (os error 92)
[2026-10-05--22-53-20 WARN hyper_util::client::legacy::connect::http] tcp set_tcp_user_timeout error: Protocol not available (os error 92)
[2026-10-05--22-53-20 WARN hyper_util::client::legacy::connect::http] tcp set_tcp_user_timeout error: Protocol not available (os error 92)
[2026-10-05--22-53-20 WARN hyper_util::client::legacy::connect::http] tcp set_tcp_user_timeout error: Protocol not available (os error 92)
[2026-10-05--22-53-20 WARN hyper_util::client::legacy::connect::http] tcp set_tcp_user_timeout error: Protocol not available (os error 92)
[2026-10-05--22-53-20 WARN hyper_util::client::legacy::connect::http] tcp set_tcp_user_timeout error: Protocol not available (os error 92)
[2026-10-05--22-53-20 WARN hyper_util::client::legacy::connect::http] tcp set_tcp_user_timeout error: Protocol not available (os error 92)
[2026-10-05--22-53-20 WARN hyper_util::client::legacy::connect::http] tcp set_tcp_user_timeout error: Protocol not available (os error 92)
[2026-10-05--22-53-20 WARN hyper_util::client::legacy::connect::http] tcp set_tcp_user_timeout error: Protocol not available (os error 92)
[2026-10-05--22-53-20 WARN hyper_util::client::legacy::connect::http] tcp set_tcp_user_timeout error: Protocol not available (os error 92)
[2026-10-05--22-53-20 WARN hyper_util::client::legacy::connect::http] tcp set_tcp_user_timeout error: Protocol not available (os error 92)
[2026-10-05--22-53-20 WARN hyper_util::client::legacy::connect::http] tcp set_tcp_user_timeout error: Protocol not available (os error 92)
[2026-10-05--22-53-20 WARN hyper_util::client::legacy::connect::http] tcp set_tcp_user_timeout error: Protocol not available (os error 92)
[2026-10-05--22-53-20 WARN hyper_util::client::legacy::connect::http] tcp set_tcp_user_timeout error: Protocol not available (os error 92)
[2026-10-05--22-53-20 WARN hyper_util::client::legacy::connect::http] tcp set_tcp_user_timeout error: Protocol not available (os error 92)
[2026-10-05--22-53-20 WARN hyper_util::client::legacy::connect::http] tcp set_tcp_user_timeout error: Protocol not available (os error 92)
[2026-10-05--22-53-20 WARN hyper_util::client::legacy::connect::http] tcp set_tcp_user_timeout error: Protocol not available (os error 92)
[2026-10-05--22-53-20 WARN hyper_util::client::legacy::connect::http] tcp set_tcp_user_timeout error: Protocol not available (os error 92)
[2026-10-05--22-53-20 WARN hyper_util::client::legacy::connect::http] tcp set_tcp_user_timeout error: Protocol not available (os error 92)
[2026-10-05--22-53-20 WARN hyper_util::client::legacy::connect::http] tcp set_tcp_user_timeout error: Protocol not available (os error 92)
[2026-10-05--22-53-21 WARN hyper_util::client::legacy::connect::http] tcp set_tcp_user_timeout error: Protocol not available (os error 92)
[2026-10-05--22-53-21 WARN hyper_util::client::legacy::connect::http] tcp set_tcp_user_timeout error: Protocol not available (os error 92)
[2026-10-05--22-53-21 WARN hyper_util::client::legacy::connect::http] tcp set_tcp_user_timeout error: Protocol not available (os error 92)
[2026-10-05--22-53-21 WARN hyper_util::client::legacy::connect::http] tcp set_tcp_user_timeout error: Protocol not available (os error 92)
[2026-10-05--22-53-21 WARN hyper_util::client::legacy::connect::http] tcp set_tcp_user_timeout error: Protocol not available (os error 92)
[2026-10-05--22-53-21 WARN hyper_util::client::legacy::connect::http] tcp set_tcp_user_timeout error: Protocol not available (os error 92)
[2026-10-05--22-53-21 WARN hyper_util::client::legacy::connect::http] tcp set_tcp_user_timeout error: Protocol not available (os error 92)
[2026-10-05--22-53-21 WARN hyper_util::client::legacy::connect::http] tcp set_tcp_user_timeout error: Protocol not available (os error 92)
[2026-10-05--22-53-21 WARN hyper_util::client::legacy::connect::http] tcp set_tcp_user_timeout error: Protocol not available (os error 92)
[2026-10-05--22-53-21 WARN hyper_util::client::legacy::connect::http] tcp set_tcp_user_timeout error: Protocol not available (os error 92)
[2026-10-05--22-53-21 WARN hyper_util::client::legacy::connect::http] tcp set_tcp_user_timeout error: Protocol not available (os error 92)
[2026-10-05--22-53-21 WARN hyper_util::client::legacy::connect::http] tcp set_tcp_user_timeout error: Protocol not available (os error 92)
[2026-10-05--22-53-21 WARN hyper_util::client::legacy::connect::http] tcp set_tcp_user_timeout error: Protocol not available (os error 92)
[2026-10-05--22-53-21 WARN hyper_util::client::legacy::connect::http] tcp set_tcp_user_timeout error: Protocol not available (os error 92)
[2026-10-05--22-53-21 WARN hyper_util::client::legacy::connect::http] tcp set_tcp_user_timeout error: Protocol not available (os error 92)
[2026-10-05--22-53-21 WARN hyper_util::client::legacy::connect::http] tcp set_tcp_user_timeout error: Protocol not available (os error 92)
[2026-10-05--22-53-21 WARN hyper_util::client::legacy::connect::http] tcp set_tcp_user_timeout error: Protocol not available (os error 92)
[2026-10-05--22-53-21 WARN hyper_util::client::legacy::connect::http] tcp set_tcp_user_timeout error: Protocol not available (os error 92)
[2026-10-05--22-53-21 WARN hyper_util::client::legacy::connect::http] tcp set_tcp_user_timeout error: Protocol not available (os error 92)
[2026-10-05--22-53-21 WARN hyper_util::client::legacy::connect::http] tcp set_tcp_user_timeout error: Protocol not available (os error 92)
[2026-10-05--22-53-21 WARN hyper_util::client::legacy::connect::http] tcp set_tcp_user_timeout error: Protocol not available (os error 92)
[2026-10-05--22-53-21 WARN hyper_util::client::legacy::connect::http] tcp set_tcp_user_timeout error: Protocol not available (os error 92)
[2026-10-05--22-53-21 WARN hyper_util::client::legacy::connect::http] tcp set_tcp_user_timeout error: Protocol not available (os error 92)
[2026-10-05--22-53-21 WARN hyper_util::client::legacy::connect::http] tcp set_tcp_user_timeout error: Protocol not available (os error 92)
[2026-10-05--22-53-21 WARN hyper_util::client::legacy::connect::http] tcp set_tcp_user_timeout error: Protocol not available (os error 92)
[2026-10-05--22-53-21 WARN hyper_util::client::legacy::connect::http] tcp set_tcp_user_timeout error: Protocol not available (os error 92)
[2026-10-05--22-53-21 WARN hyper_util::client::legacy::connect::http] tcp set_tcp_user_timeout error: Protocol not available (os error 92)
[2026-10-05--22-53-21 WARN hyper_util::client::legacy::connect::http] tcp set_tcp_user_timeout error: Protocol not available (os error 92)
[2026-10-05--22-53-21 WARN hyper_util::client::legacy::connect::http] tcp set_tcp_user_timeout error: Protocol not available (os error 92)
[2026-10-05--22-53-21 WARN hyper_util::client::legacy::connect::http] tcp set_tcp_user_timeout error: Protocol not available (os error 92)
[2026-10-05--22-53-21 WARN hyper_util::client::legacy::connect::http] tcp set_tcp_user_timeout error: Protocol not available (os error 92)
[2026-10-05--22-53-21 WARN hyper_util::client::legacy::connect::http] tcp set_tcp_user_timeout error: Protocol not available (os error 92)
[2026-10-05--22-53-21 WARN hyper_util::client::legacy::connect::http] tcp set_tcp_user_timeout error: Protocol not available (os error 92)
[2026-10-05--22-53-21 WARN hyper_util::client::legacy::connect::http] tcp set_tcp_user_timeout error: Protocol not available (os error 92)
[2026-10-05--22-53-21 WARN hyper_util::client::legacy::connect::http] tcp set_tcp_user_timeout error: Protocol not available (os error 92)
[2026-10-05--22-53-21 WARN hyper_util::client::legacy::connect::http] tcp set_tcp_user_timeout error: Protocol not available (os error 92)
[2026-10-05--22-53-21 WARN hyper_util::client::legacy::connect::http] tcp set_tcp_user_timeout error: Protocol not available (os error 92)
[2026-10-05--22-53-21 WARN hyper_util::client::legacy::connect::http] tcp set_tcp_user_timeout error: Protocol not available (os error 92)
[2026-10-05--22-53-21 WARN hyper_util::client::legacy::connect::http] tcp set_tcp_user_timeout error: Protocol not available (os error 92)
[2026-10-05--22-53-21 WARN hyper_util::client::legacy::connect::http] tcp set_tcp_user_timeout error: Protocol not available (os error 92)
[2026-10-05--22-53-21 WARN hyper_util::client::legacy::connect::http] tcp set_tcp_user_timeout error: Protocol not available (os error 92)
[2026-10-05--22-53-21 WARN hyper_util::client::legacy::connect::http] tcp set_tcp_user_timeout error: Protocol not available (os error 92)
[2026-10-05--22-53-21 WARN hyper_util::client::legacy::connect::http] tcp set_tcp_user_timeout error: Protocol not available (os error 92)
[2026-10-05--22-53-21 WARN hyper_util::client::legacy::connect::http] tcp set_tcp_user_timeout error: Protocol not available (os error 92)
[2026-10-05--22-53-21 WARN hyper_util::client::legacy::connect::http] tcp set_tcp_user_timeout error: Protocol not available (os error 92)
[2026-10-05--22-53-21 WARN hyper_util::client::legacy::connect::http] tcp set_tcp_user_timeout error: Protocol not available (os error 92)
[2026-10-05--22-53-21 WARN hyper_util::client::legacy::connect::http] tcp set_tcp_user_timeout error: Protocol not available (os error 92)
[2026-10-05--22-53-21 WARN hyper_util::client::legacy::connect::http] tcp set_tcp_user_timeout error: Protocol not available (os error 92)
[2026-10-05--22-53-21 WARN hyper_util::client::legacy::connect::http] tcp set_tcp_user_timeout error: Protocol not available (os error 92)
[2026-10-05--22-53-21 WARN hyper_util::client::legacy::connect::http] tcp set_tcp_user_timeout error: Protocol not available (os error 92)
[2026-10-05--22-53-21 WARN hyper_util::client::legacy::connect::http] tcp set_tcp_user_timeout error: Protocol not available (os error 92)
[2026-10-05--22-53-21 WARN hyper_util::client::legacy::connect::http] tcp set_tcp_user_timeout error: Protocol not available (os error 92)
[2026-10-05--22-53-21 WARN hyper_util::client::legacy::connect::http] tcp set_tcp_user_timeout error: Protocol not available (os error 92)
[2026-10-05--22-53-21 WARN hyper_util::client::legacy::connect::http] tcp set_tcp_user_timeout error: Protocol not available (os error 92)
[2026-10-05--22-53-21 WARN hyper_util::client::legacy::connect::http] tcp set_tcp_user_timeout error: Protocol not available (os error 92)
[2026-10-05--22-53-21 WARN hyper_util::client::legacy::connect::http] tcp set_tcp_user_timeout error: Protocol not available (os error 92)
[2026-10-05--22-53-21 WARN hyper_util::client::legacy::connect::http] tcp set_tcp_user_timeout error: Protocol not available (os error 92)
[2026-10-05--22-53-21 WARN hyper_util::client::legacy::connect::http] tcp set_tcp_user_timeout error: Protocol not available (os error 92)
[2026-10-05--22-53-21 WARN hyper_util::client::legacy::connect::http] tcp set_tcp_user_timeout error: Protocol not available (os error 92)
[2026-10-05--22-53-21 WARN hyper_util::client::legacy::connect::http] tcp set_tcp_user_timeout error: Protocol not available (os error 92)
[2026-10-05--22-53-21 WARN hyper_util::client::legacy::connect::http] tcp set_tcp_user_timeout error: Protocol not available (os error 92)
[2026-10-05--22-53-21 WARN hyper_util::client::legacy::connect::http] tcp set_tcp_user_timeout error: Protocol not available (os error 92)
[2026-10-05--22-53-21 WARN hyper_util::client::legacy::connect::http] tcp set_tcp_user_timeout error: Protocol not available (os error 92)
[2026-10-05--22-53-21 WARN hyper_util::client::legacy::connect::http] tcp set_tcp_user_timeout error: Protocol not available (os error 92)
[2026-10-05--22-53-21 WARN hyper_util::client::legacy::connect::http] tcp set_tcp_user_timeout error: Protocol not available (os error 92)
[2026-10-05--22-53-21 WARN hyper_util::client::legacy::connect::http] tcp set_tcp_user_timeout error: Protocol not available (os error 92)
[2026-10-05--22-53-21 WARN hyper_util::client::legacy::connect::http] tcp set_tcp_user_timeout error: Protocol not available (os error 92)
[2026-10-05--22-53-21 WARN hyper_util::client::legacy::connect::http] tcp set_tcp_user_timeout error: Protocol not available (os error 92)
[2026-10-05--22-53-21 WARN hyper_util::client::legacy::connect::http] tcp set_tcp_user_timeout error: Protocol not available (os error 92)
[2026-10-05--22-53-21 WARN hyper_util::client::legacy::connect::http] tcp set_tcp_user_timeout error: Protocol not available (os error 92)
[2026-10-05--22-53-21 WARN hyper_util::client::legacy::connect::http] tcp set_tcp_user_timeout error: Protocol not available (os error 92)
[2026-10-05--22-53-21 WARN hyper_util::client::legacy::connect::http] tcp set_tcp_user_timeout error: Protocol not available (os error 92)
[2026-10-05--22-53-21 WARN hyper_util::client::legacy::connect::http] tcp set_tcp_user_timeout error: Protocol not available (os error 92)
[2026-10-05--22-53-21 WARN hyper_util::client::legacy::connect::http] tcp set_tcp_user_timeout error: Protocol not available (os error 92)
[2026-10-05--22-53-21 WARN hyper_util::client::legacy::connect::http] tcp set_tcp_user_timeout error: Protocol not available (os error 92)
[2026-10-05--22-53-21 WARN hyper_util::client::legacy::connect::http] tcp set_tcp_user_timeout error: Protocol not available (os error 92)
[2026-10-05--22-53-21 WARN hyper_util::client::legacy::connect::http] tcp set_tcp_user_timeout error: Protocol not available (os error 92)
[2026-10-05--22-53-21 WARN hyper_util::client::legacy::connect::http] tcp set_tcp_user_timeout error: Protocol not available (os error 92)
[2026-10-05--22-53-21 WARN hyper_util::client::legacy::connect::http] tcp set_tcp_user_timeout error: Protocol not available (os error 92)
[2026-10-05--22-53-21 WARN hyper_util::client::legacy::connect::http] tcp set_tcp_user_timeout error: Protocol not available (os error 92)
[2026-10-05--22-53-21 WARN hyper_util::client::legacy::connect::http] tcp set_tcp_user_timeout error: Protocol not available (os error 92)
[2026-10-05--22-53-21 WARN hyper_util::client::legacy::connect::http] tcp set_tcp_user_timeout error: Protocol not available (os error 92)
[2026-10-05--22-53-21 WARN hyper_util::client::legacy::connect::http] tcp set_tcp_user_timeout error: Protocol not available (os error 92)
[2026-10-05--22-53-21 WARN hyper_util::client::legacy::connect::http] tcp set_tcp_user_timeout error: Protocol not available (os error 92)
[2026-10-05--22-53-21 WARN hyper_util::client::legacy::connect::http] tcp set_tcp_user_timeout error: Protocol not available (os error 92)
[2026-10-05--22-53-21 WARN hyper_util::client::legacy::connect::http] tcp set_tcp_user_timeout error: Protocol not available (os error 92)
[2026-10-05--22-53-21 WARN hyper_util::client::legacy::connect::http] tcp set_tcp_user_timeout error: Protocol not available (os error 92)
[2026-10-05--22-53-21 WARN hyper_util::client::legacy::connect::http] tcp set_tcp_user_timeout error: Protocol not available (os error 92)
[2026-10-05--22-53-21 WARN hyper_util::client::legacy::connect::http] tcp set_tcp_user_timeout error: Protocol not available (os error 92)
[2026-10-05--22-53-21 WARN hyper_util::client::legacy::connect::http] tcp set_tcp_user_timeout error: Protocol not available (os error 92)
[2026-10-05--22-53-21 WARN hyper_util::client::legacy::connect::http] tcp set_tcp_user_timeout error: Protocol not available (os error 92)
[2026-10-05--22-53-21 WARN hyper_util::client::legacy::connect::http] tcp set_tcp_user_timeout error: Protocol not available (os error 92)
[2026-10-05--22-53-21 WARN hyper_util::client::legacy::connect::http] tcp set_tcp_user_timeout error: Protocol not available (os error 92)
[2026-10-05--22-53-21 WARN hyper_util::client::legacy::connect::http] tcp set_tcp_user_timeout error: Protocol not available (os error 92)
[2026-10-05--22-53-21 WARN hyper_util::client::legacy::connect::http] tcp set_tcp_user_timeout error: Protocol not available (os error 92)
[2026-10-05--22-53-21 WARN hyper_util::client::legacy::connect::http] tcp set_tcp_user_timeout error: Protocol not available (os error 92)
[2026-10-05--22-53-21 WARN hyper_util::client::legacy::connect::http] tcp set_tcp_user_timeout error: Protocol not available (os error 92)
[2026-10-05--22-53-21 WARN hyper_util::client::legacy::connect::http] tcp set_tcp_user_timeout error: Protocol not available (os error 92)
[2026-10-05--22-53-21 WARN hyper_util::client::legacy::connect::http] tcp set_tcp_user_timeout error: Protocol not available (os error 92)
[2026-10-05--22-53-21 WARN hyper_util::client::legacy::connect::http] tcp set_tcp_user_timeout error: Protocol not available (os error 92)
[2026-10-05--22-53-21 WARN hyper_util::client::legacy::connect::http] tcp set_tcp_user_timeout error: Protocol not available (os error 92)
[2026-10-05--22-53-21 WARN hyper_util::client::legacy::connect::http] tcp set_tcp_user_timeout error: Protocol not available (os error 92)
[2026-10-05--22-53-21 WARN hyper_util::client::legacy::connect::http] tcp set_tcp_user_timeout error: Protocol not available (os error 92)
[2026-10-05--22-53-21 WARN hyper_util::client::legacy::connect::http] tcp set_tcp_user_timeout error: Protocol not available (os error 92)
[2026-10-05--22-53-21 WARN hyper_util::client::legacy::connect::http] tcp set_tcp_user_timeout error: Protocol not available (os error 92)
[2026-10-05--22-53-22 WARN hyper_util::client::legacy::connect::http] tcp set_tcp_user_timeout error: Protocol not available (os error 92)
[2026-10-05--22-53-22 WARN hyper_util::client::legacy::connect::http] tcp set_tcp_user_timeout error: Protocol not available (os error 92)
[2026-10-05--22-53-22 WARN hyper_util::client::legacy::connect::http] tcp set_tcp_user_timeout error: Protocol not available (os error 92)
[2026-10-05--22-53-22 WARN hyper_util::client::legacy::connect::http] tcp set_tcp_user_timeout error: Protocol not available (os error 92)
[2026-10-05--22-53-22 WARN hyper_util::client::legacy::connect::http] tcp set_tcp_user_timeout error: Protocol not available (os error 92)
[2026-10-05--22-53-22 WARN hyper_util::client::legacy::connect::http] tcp set_tcp_user_timeout error: Protocol not available (os error 92)
[2026-10-05--22-53-22 WARN hyper_util::client::legacy::connect::http] tcp set_tcp_user_timeout error: Protocol not available (os error 92)
[2026-10-05--22-53-22 WARN hyper_util::client::legacy::connect::http] tcp set_tcp_user_timeout error: Protocol not available (os error 92)
[2026-10-05--22-53-22 WARN hyper_util::client::legacy::connect::http] tcp set_tcp_user_timeout error: Protocol not available (os error 92)
[2026-10-05--22-53-22 WARN hyper_util::client::legacy::connect::http] tcp set_tcp_user_timeout error: Protocol not available (os error 92)
[2026-10-05--22-53-22 WARN hyper_util::client::legacy::connect::http] tcp set_tcp_user_timeout error: Protocol not available (os error 92)
[2026-10-05--22-53-22 WARN hyper_util::client::legacy::connect::http] tcp set_tcp_user_timeout error: Protocol not available (os error 92)
[2026-10-05--22-53-22 WARN hyper_util::client::legacy::connect::http] tcp set_tcp_user_timeout error: Protocol not available (os error 92)
[2026-10-05--22-53-22 WARN hyper_util::client::legacy::connect::http] tcp set_tcp_user_timeout error: Protocol not available (os error 92)
[2026-10-05--22-53-22 WARN hyper_util::client::legacy::connect::http] tcp set_tcp_user_timeout error: Protocol not available (os error 92)
[2026-10-05--22-53-22 WARN hyper_util::client::legacy::connect::http] tcp set_tcp_user_timeout error: Protocol not available (os error 92)
[2026-10-05--22-53-22 WARN hyper_util::client::legacy::connect::http] tcp set_tcp_user_timeout error: Protocol not available (os error 92)
[2026-10-05--22-53-22 WARN hyper_util::client::legacy::connect::http] tcp set_tcp_user_timeout error: Protocol not available (os error 92)
[2026-10-05--22-53-22 WARN hyper_util::client::legacy::connect::http] tcp set_tcp_user_timeout error: Protocol not available (os error 92)
[2026-10-05--22-53-22 WARN hyper_util::client::legacy::connect::http] tcp set_tcp_user_timeout error: Protocol not available (os error 92)
[2026-10-05--22-53-22 WARN hyper_util::client::legacy::connect::http] tcp set_tcp_user_timeout error: Protocol not available (os error 92)
[2026-10-05--22-53-22 WARN hyper_util::client::legacy::connect::http] tcp set_tcp_user_timeout error: Protocol not available (os error 92)
[2026-10-05--22-53-22 WARN hyper_util::client::legacy::connect::http] tcp set_tcp_user_timeout error: Protocol not available (os error 92)
[2026-10-05--22-53-22 WARN hyper_util::client::legacy::connect::http] tcp set_tcp_user_timeout error: Protocol not available (os error 92)
[2026-10-05--22-53-22 WARN hyper_util::client::legacy::connect::http] tcp set_tcp_user_timeout error: Protocol not available (os error 92)
[2026-10-05--22-53-22 WARN hyper_util::client::legacy::connect::http] tcp set_tcp_user_timeout error: Protocol not available (os error 92)
[2026-10-05--22-53-22 WARN hyper_util::client::legacy::connect::http] tcp set_tcp_user_timeout error: Protocol not available (os error 92)
[2026-10-05--22-53-22 WARN hyper_util::client::legacy::connect::http] tcp set_tcp_user_timeout error: Protocol not available (os error 92)
[2026-10-05--22-53-22 WARN hyper_util::client::legacy::connect::http] tcp set_tcp_user_timeout error: Protocol not available (os error 92)
[2026-10-05--22-53-22 WARN hyper_util::client::legacy::connect::http] tcp set_tcp_user_timeout error: Protocol not available (os error 92)
[2026-10-05--22-53-22 WARN hyper_util::client::legacy::connect::http] tcp set_tcp_user_timeout error: Protocol not available (os error 92)
[2026-10-05--22-53-22 WARN hyper_util::client::legacy::connect::http] tcp set_tcp_user_timeout error: Protocol not available (os error 92)
[2026-10-05--22-53-22 WARN hyper_util::client::legacy::connect::http] tcp set_tcp_user_timeout error: Protocol not available (os error 92)
[2026-10-05--22-53-22 WARN hyper_util::client::legacy::connect::http] tcp set_tcp_user_timeout error: Protocol not available (os error 92)
[2026-10-05--22-53-22 WARN hyper_util::client::legacy::connect::http] tcp set_tcp_user_timeout error: Protocol not available (os error 92)
[2026-10-05--22-53-22 WARN hyper_util::client::legacy::connect::http] tcp set_tcp_user_timeout error: Protocol not available (os error 92)
[2026-10-05--22-53-22 WARN hyper_util::client::legacy::connect::http] tcp set_tcp_user_timeout error: Protocol not available (os error 92)
[2026-10-05--22-53-22 WARN hyper_util::client::legacy::connect::http] tcp set_tcp_user_timeout error: Protocol not available (os error 92)
[2026-10-05--22-53-22 WARN hyper_util::client::legacy::connect::http] tcp set_tcp_user_timeout error: Protocol not available (os error 92)
[2026-10-05--22-53-22 WARN hyper_util::client::legacy::connect::http] tcp set_tcp_user_timeout error: Protocol not available (os error 92)
[2026-10-05--22-53-22 WARN hyper_util::client::legacy::connect::http] tcp set_tcp_user_timeout error: Protocol not available (os error 92)
[2026-10-05--22-53-22 WARN hyper_util::client::legacy::connect::http] tcp set_tcp_user_timeout error: Protocol not available (os error 92)
[2026-10-05--22-53-22 WARN hyper_util::client::legacy::connect::http] tcp set_tcp_user_timeout error: Protocol not available (os error 92)
[2026-10-05--22-53-22 WARN hyper_util::client::legacy::connect::http] tcp set_tcp_user_timeout error: Protocol not available (os error 92)
[2026-10-05--22-53-22 WARN hyper_util::client::legacy::connect::http] tcp set_tcp_user_timeout error: Protocol not available (os error 92)
[2026-10-05--22-53-22 WARN hyper_util::client::legacy::connect::http] tcp set_tcp_user_timeout error: Protocol not available (os error 92)
[2026-10-05--22-53-22 WARN hyper_util::client::legacy::connect::http] tcp set_tcp_user_timeout error: Protocol not available (os error 92)
[2026-10-05--22-53-22 WARN hyper_util::client::legacy::connect::http] tcp set_tcp_user_timeout error: Protocol not available (os error 92)
[2026-10-05--22-53-22 WARN hyper_util::client::legacy::connect::http] tcp set_tcp_user_timeout error: Protocol not available (os error 92)
[2026-10-05--22-53-22 WARN hyper_util::client::legacy::connect::http] tcp set_tcp_user_timeout error: Protocol not available (os error 92)
[2026-10-05--22-53-22 WARN hyper_util::client::legacy::connect::http] tcp set_tcp_user_timeout error: Protocol not available (os error 92)
[2026-10-05--22-53-22 WARN hyper_util::client::legacy::connect::http] tcp set_tcp_user_timeout error: Protocol not available (os error 92)
[2026-10-05--22-53-22 WARN hyper_util::client::legacy::connect::http] tcp set_tcp_user_timeout error: Protocol not available (os error 92)
[2026-10-05--22-53-22 WARN hyper_util::client::legacy::connect::http] tcp set_tcp_user_timeout error: Protocol not available (os error 92)
[2026-10-05--22-53-22 WARN hyper_util::client::legacy::connect::http] tcp set_tcp_user_timeout error: Protocol not available (os error 92)
[2026-10-05--22-53-22 WARN hyper_util::client::legacy::connect::http] tcp set_tcp_user_timeout error: Protocol not available (os error 92)
[2026-10-05--22-53-22 WARN hyper_util::client::legacy::connect::http] tcp set_tcp_user_timeout error: Protocol not available (os error 92)
[2026-10-05--22-53-22 WARN hyper_util::client::legacy::connect::http] tcp set_tcp_user_timeout error: Protocol not available (os error 92)
[2026-10-05--22-53-22 WARN hyper_util::client::legacy::connect::http] tcp set_tcp_user_timeout error: Protocol not available (os error 92)
[2026-10-05--22-53-22 WARN hyper_util::client::legacy::connect::http] tcp set_tcp_user_timeout error: Protocol not available (os error 92)
[2026-10-05--22-53-22 WARN hyper_util::client::legacy::connect::http] tcp set_tcp_user_timeout error: Protocol not available (os error 92)
[2026-10-05--22-53-22 WARN hyper_util::client::legacy::connect::http] tcp set_tcp_user_timeout error: Protocol not available (os error 92)
[2026-10-05--22-53-22 WARN hyper_util::client::legacy::connect::http] tcp set_tcp_user_timeout error: Protocol not available (os error 92)
[2026-10-05--22-53-22 WARN hyper_util::client::legacy::connect::http] tcp set_tcp_user_timeout error: Protocol not available (os error 92)
[2026-10-05--22-53-22 WARN hyper_util::client::legacy::connect::http] tcp set_tcp_user_timeout error: Protocol not available (os error 92)
[2026-10-05--22-53-22 WARN hyper_util::client::legacy::connect::http] tcp set_tcp_user_timeout error: Protocol not available (os error 92)
[2026-10-05--22-53-22 WARN hyper_util::client::legacy::connect::http] tcp set_tcp_user_timeout error: Protocol not available (os error 92)
[2026-10-05--22-53-22 WARN hyper_util::client::legacy::connect::http] tcp set_tcp_user_timeout error: Protocol not available (os error 92)
[2026-10-05--22-53-22 WARN hyper_util::client::legacy::connect::http] tcp set_tcp_user_timeout error: Protocol not available (os error 92)
[2026-10-05--22-53-22 WARN hyper_util::client::legacy::connect::http] tcp set_tcp_user_timeout error: Protocol not available (os error 92)
[2026-10-05--22-53-22 WARN hyper_util::client::legacy::connect::http] tcp set_tcp_user_timeout error: Protocol not available (os error 92)
[2026-10-05--22-53-22 WARN hyper_util::client::legacy::connect::http] tcp set_tcp_user_timeout error: Protocol not available (os error 92)
[2026-10-05--22-53-22 WARN hyper_util::client::legacy::connect::http] tcp set_tcp_user_timeout error: Protocol not available (os error 92)
[2026-10-05--22-53-22 WARN hyper_util::client::legacy::connect::http] tcp set_tcp_user_timeout error: Protocol not available (os error 92)
[2026-10-05--22-53-22 WARN hyper_util::client::legacy::connect::http] tcp set_tcp_user_timeout error: Protocol not available (os error 92)
[2026-10-05--22-53-22 WARN hyper_util::client::legacy::connect::http] tcp set_tcp_user_timeout error: Protocol not available (os error 92)
[2026-10-05--22-53-22 WARN hyper_util::client::legacy::connect::http] tcp set_tcp_user_timeout error: Protocol not available (os error 92)
[2026-10-05--22-53-22 WARN hyper_util::client::legacy::connect::http] tcp set_tcp_user_timeout error: Protocol not available (os error 92)
[2026-10-05--22-53-22 WARN hyper_util::client::legacy::connect::http] tcp set_tcp_user_timeout error: Protocol not available (os error 92)
[2026-10-05--22-53-22 WARN hyper_util::client::legacy::connect::http] tcp set_tcp_user_timeout error: Protocol not available (os error 92)
[2026-10-05--22-53-22 WARN hyper_util::client::legacy::connect::http] tcp set_tcp_user_timeout error: Protocol not available (os error 92)
[2026-10-05--22-53-22 WARN hyper_util::client::legacy::connect::http] tcp set_tcp_user_timeout error: Protocol not available (os error 92)
[2026-10-05--22-53-22 WARN hyper_util::client::legacy::connect::http] tcp set_tcp_user_timeout error: Protocol not available (os error 92)
[2026-10-05--22-53-22 WARN hyper_util::client::legacy::connect::http] tcp set_tcp_user_timeout error: Protocol not available (os error 92)
[2026-10-05--22-53-22 WARN hyper_util::client::legacy::connect::http] tcp set_tcp_user_timeout error: Protocol not available (os error 92)
[2026-10-05--22-53-22 WARN hyper_util::client::legacy::connect::http] tcp set_tcp_user_timeout error: Protocol not available (os error 92)
[2026-10-05--22-53-22 WARN hyper_util::client::legacy::connect::http] tcp set_tcp_user_timeout error: Protocol not available (os error 92)
[2026-10-05--22-53-22 WARN hyper_util::client::legacy::connect::http] tcp set_tcp_user_timeout error: Protocol not available (os error 92)
[2026-10-05--22-53-22 WARN hyper_util::client::legacy::connect::http] tcp set_tcp_user_timeout error: Protocol not available (os error 92)
[2026-10-05--22-53-22 WARN hyper_util::client::legacy::connect::http] tcp set_tcp_user_timeout error: Protocol not available (os error 92)
[2026-10-05--22-53-22 WARN hyper_util::client::legacy::connect::http] tcp set_tcp_user_timeout error: Protocol not available (os error 92)
[2026-10-05--22-53-22 WARN hyper_util::client::legacy::connect::http] tcp set_tcp_user_timeout error: Protocol not available (os error 92)
[2026-10-05--22-53-22 WARN hyper_util::client::legacy::connect::http] tcp set_tcp_user_timeout error: Protocol not available (os error 92)
[2026-10-05--22-53-22 WARN hyper_util::client::legacy::connect::http] tcp set_tcp_user_timeout error: Protocol not available (os error 92)
[2026-10-05--22-53-22 WARN hyper_util::client::legacy::connect::http] tcp set_tcp_user_timeout error: Protocol not available (os error 92)
[2026-10-05--22-53-22 WARN hyper_util::client::legacy::connect::http] tcp set_tcp_user_timeout error: Protocol not available (os error 92)
[2026-10-05--22-53-22 WARN hyper_util::client::legacy::connect::http] tcp set_tcp_user_timeout error: Protocol not available (os error 92)
[2026-10-05--22-53-22 WARN hyper_util::client::legacy::connect::http] tcp set_tcp_user_timeout error: Protocol not available (os error 92)
[2026-10-05--22-53-22 WARN hyper_util::client::legacy::connect::http] tcp set_tcp_user_timeout error: Protocol not available (os error 92)
[2026-10-05--22-53-23 WARN hyper_util::client::legacy::connect::http] tcp set_tcp_user_timeout error: Protocol not available (os error 92)
[2026-10-05--22-53-23 WARN hyper_util::client::legacy::connect::http] tcp set_tcp_user_timeout error: Protocol not available (os error 92)
[2026-10-05--22-53-23 WARN hyper_util::client::legacy::connect::http] tcp set_tcp_user_timeout error: Protocol not available (os error 92)
[2026-10-05--22-53-23 WARN hyper_util::client::legacy::connect::http] tcp set_tcp_user_timeout error: Protocol not available (os error 92)
[2026-10-05--22-53-23 WARN hyper_util::client::legacy::connect::http] tcp set_tcp_user_timeout error: Protocol not available (os error 92)
[2026-10-05--22-53-23 WARN hyper_util::client::legacy::connect::http] tcp set_tcp_user_timeout error: Protocol not available (os error 92)
[2026-10-05--22-53-23 WARN hyper_util::client::legacy::connect::http] tcp set_tcp_user_timeout error: Protocol not available (os error 92)
[2026-10-05--22-53-23 WARN hyper_util::client::legacy::connect::http] tcp set_tcp_user_timeout error: Protocol not available (os error 92)
[2026-10-05--22-53-23 WARN hyper_util::client::legacy::connect::http] tcp set_tcp_user_timeout error: Protocol not available (os error 92)
[2026-10-05--22-53-23 WARN hyper_util::client::legacy::connect::http] tcp set_tcp_user_timeout error: Protocol not available (os error 92)
[2026-10-05--22-53-23 WARN hyper_util::client::legacy::connect::http] tcp set_tcp_user_timeout error: Protocol not available (os error 92)
[2026-10-05--22-53-23 WARN hyper_util::client::legacy::connect::http] tcp set_tcp_user_timeout error: Protocol not available (os error 92)
[2026-10-05--22-53-23 WARN hyper_util::client::legacy::connect::http] tcp set_tcp_user_timeout error: Protocol not available (os error 92)
[2026-10-05--22-53-23 WARN hyper_util::client::legacy::connect::http] tcp set_tcp_user_timeout error: Protocol not available (os error 92)
[2026-10-05--22-53-23 WARN hyper_util::client::legacy::connect::http] tcp set_tcp_user_timeout error: Protocol not available (os error 92)
[2026-10-05--22-53-23 WARN hyper_util::client::legacy::connect::http] tcp set_tcp_user_timeout error: Protocol not available (os error 92)
[2026-10-05--22-53-23 WARN hyper_util::client::legacy::connect::http] tcp set_tcp_user_timeout error: Protocol not available (os error 92)
[2026-10-05--22-53-23 WARN hyper_util::client::legacy::connect::http] tcp set_tcp_user_timeout error: Protocol not available (os error 92)
[2026-10-05--22-53-23 WARN hyper_util::client::legacy::connect::http] tcp set_tcp_user_timeout error: Protocol not available (os error 92)
[2026-10-05--22-53-23 WARN hyper_util::client::legacy::connect::http] tcp set_tcp_user_timeout error: Protocol not available (os error 92)
[2026-10-05--22-53-23 WARN hyper_util::client::legacy::connect::http] tcp set_tcp_user_timeout error: Protocol not available (os error 92)
[2026-10-05--22-53-23 WARN hyper_util::client::legacy::connect::http] tcp set_tcp_user_timeout error: Protocol not available (os error 92)
[2026-10-05--22-53-23 WARN hyper_util::client::legacy::connect::http] tcp set_tcp_user_timeout error: Protocol not available (os error 92)
[2026-10-05--22-53-23 WARN hyper_util::client::legacy::connect::http] tcp set_tcp_user_timeout error: Protocol not available (os error 92)
[2026-10-05--22-53-23 WARN hyper_util::client::legacy::connect::http] tcp set_tcp_user_timeout error: Protocol not available (os error 92)
[2026-10-05--22-53-23 WARN hyper_util::client::legacy::connect::http] tcp set_tcp_user_timeout error: Protocol not available (os error 92)
[2026-10-05--22-53-23 WARN hyper_util::client::legacy::connect::http] tcp set_tcp_user_timeout error: Protocol not available (os error 92)
[2026-10-05--22-53-23 WARN hyper_util::client::legacy::connect::http] tcp set_tcp_user_timeout error: Protocol not available (os error 92)
[2026-10-05--22-53-23 WARN hyper_util::client::legacy::connect::http] tcp set_tcp_user_timeout error: Protocol not available (os error 92)
[2026-10-05--22-53-23 WARN hyper_util::client::legacy::connect::http] tcp set_tcp_user_timeout error: Protocol not available (os error 92)
[2026-10-05--22-53-23 WARN hyper_util::client::legacy::connect::http] tcp set_tcp_user_timeout error: Protocol not available (os error 92)
[2026-10-05--22-53-23 WARN hyper_util::client::legacy::connect::http] tcp set_tcp_user_timeout error: Protocol not available (os error 92)
[2026-10-05--22-53-23 WARN hyper_util::client::legacy::connect::http] tcp set_tcp_user_timeout error: Protocol not available (os error 92)
[2026-10-05--22-53-23 WARN hyper_util::client::legacy::connect::http] tcp set_tcp_user_timeout error: Protocol not available (os error 92)
[2026-10-05--22-53-23 WARN hyper_util::client::legacy::connect::http] tcp set_tcp_user_timeout error: Protocol not available (os error 92)
[2026-10-05--22-53-23 WARN hyper_util::client::legacy::connect::http] tcp set_tcp_user_timeout error: Protocol not available (os error 92)
[2026-10-05--22-53-23 WARN hyper_util::client::legacy::connect::http] tcp set_tcp_user_timeout error: Protocol not available (os error 92)
[2026-10-05--22-53-23 WARN hyper_util::client::legacy::connect::http] tcp set_tcp_user_timeout error: Protocol not available (os error 92)
[2026-10-05--22-53-23 WARN hyper_util::client::legacy::connect::http] tcp set_tcp_user_timeout error: Protocol not available (os error 92)
[2026-10-05--22-53-23 WARN hyper_util::client::legacy::connect::http] tcp set_tcp_user_timeout error: Protocol not available (os error 92)
[2026-10-05--22-53-23 WARN hyper_util::client::legacy::connect::http] tcp set_tcp_user_timeout error: Protocol not available (os error 92)
[2026-10-05--22-53-23 WARN hyper_util::client::legacy::connect::http] tcp set_tcp_user_timeout error: Protocol not available (os error 92)
[2026-10-05--22-53-23 WARN hyper_util::client::legacy::connect::http] tcp set_tcp_user_timeout error: Protocol not available (os error 92)
[2026-10-05--22-53-23 WARN hyper_util::client::legacy::connect::http] tcp set_tcp_user_timeout error: Protocol not available (os error 92)
[2026-10-05--22-53-23 WARN hyper_util::client::legacy::connect::http] tcp set_tcp_user_timeout error: Protocol not available (os error 92)
[2026-10-05--22-53-23 WARN hyper_util::client::legacy::connect::http] tcp set_tcp_user_timeout error: Protocol not available (os error 92)
[2026-10-05--22-53-23 WARN hyper_util::client::legacy::connect::http] tcp set_tcp_user_timeout error: Protocol not available (os error 92)
[2026-10-05--22-53-23 WARN hyper_util::client::legacy::connect::http] tcp set_tcp_user_timeout error: Protocol not available (os error 92)
[2026-10-05--22-53-23 WARN hyper_util::client::legacy::connect::http] tcp set_tcp_user_timeout error: Protocol not available (os error 92)
[2026-10-05--22-53-23 WARN hyper_util::client::legacy::connect::http] tcp set_tcp_user_timeout error: Protocol not available (os error 92)
[2026-10-05--22-53-23 WARN hyper_util::client::legacy::connect::http] tcp set_tcp_user_timeout error: Protocol not available (os error 92)
[2026-10-05--22-53-23 WARN hyper_util::client::legacy::connect::http] tcp set_tcp_user_timeout error: Protocol not available (os error 92)
[2026-10-05--22-53-23 WARN hyper_util::client::legacy::connect::http] tcp set_tcp_user_timeout error: Protocol not available (os error 92)
[2026-10-05--22-53-23 WARN hyper_util::client::legacy::connect::http] tcp set_tcp_user_timeout error: Protocol not available (os error 92)
[2026-10-05--22-53-23 WARN hyper_util::client::legacy::connect::http] tcp set_tcp_user_timeout error: Protocol not available (os error 92)
[2026-10-05--22-53-23 WARN hyper_util::client::legacy::connect::http] tcp set_tcp_user_timeout error: Protocol not available (os error 92)
[2026-10-05--22-53-23 WARN hyper_util::client::legacy::connect::http] tcp set_tcp_user_timeout error: Protocol not available (os error 92)
[2026-10-05--22-53-23 WARN hyper_util::client::legacy::connect::http] tcp set_tcp_user_timeout error: Protocol not available (os error 92)
[2026-10-05--22-53-23 WARN hyper_util::client::legacy::connect::http] tcp set_tcp_user_timeout error: Protocol not available (os error 92)
[2026-10-05--22-53-23 WARN hyper_util::client::legacy::connect::http] tcp set_tcp_user_timeout error: Protocol not available (os error 92)
[2026-10-05--22-53-23 WARN hyper_util::client::legacy::connect::http] tcp set_tcp_user_timeout error: Protocol not available (os error 92)
[2026-10-05--22-53-23 WARN hyper_util::client::legacy::connect::http] tcp set_tcp_user_timeout error: Protocol not available (os error 92)
[2026-10-05--22-53-23 WARN hyper_util::client::legacy::connect::http] tcp set_tcp_user_timeout error: Protocol not available (os error 92)
[2026-10-05--22-53-23 WARN hyper_util::client::legacy::connect::http] tcp set_tcp_user_timeout error: Protocol not available (os error 92)
[2026-10-05--22-53-23 WARN hyper_util::client::legacy::connect::http] tcp set_tcp_user_timeout error: Protocol not available (os error 92)
[2026-10-05--22-53-23 WARN hyper_util::client::legacy::connect::http] tcp set_tcp_user_timeout error: Protocol not available (os error 92)
[2026-10-05--22-53-23 WARN hyper_util::client::legacy::connect::http] tcp set_tcp_user_timeout error: Protocol not available (os error 92)
[2026-10-05--22-53-23 WARN hyper_util::client::legacy::connect::http] tcp set_tcp_user_timeout error: Protocol not available (os error 92)
[2026-10-05--22-53-23 WARN hyper_util::client::legacy::connect::http] tcp set_tcp_user_timeout error: Protocol not available (os error 92)
[2026-10-05--22-53-23 WARN hyper_util::client::legacy::connect::http] tcp set_tcp_user_timeout error: Protocol not available (os error 92)
[2026-10-05--22-53-23 WARN hyper_util::client::legacy::connect::http] tcp set_tcp_user_timeout error: Protocol not available (os error 92)
[2026-10-05--22-53-23 WARN hyper_util::client::legacy::connect::http] tcp set_tcp_user_timeout error: Protocol not available (os error 92)
[2026-10-05--22-53-23 WARN hyper_util::client::legacy::connect::http] tcp set_tcp_user_timeout error: Protocol not available (os error 92)
[2026-10-05--22-53-23 WARN hyper_util::client::legacy::connect::http] tcp set_tcp_user_timeout error: Protocol not available (os error 92)
[2026-10-05--22-53-23 WARN hyper_util::client::legacy::connect::http] tcp set_tcp_user_timeout error: Protocol not available (os error 92)
[2026-10-05--22-53-23 WARN hyper_util::client::legacy::connect::http] tcp set_tcp_user_timeout error: Protocol not available (os error 92)
[2026-10-05--22-53-23 WARN hyper_util::client::legacy::connect::http] tcp set_tcp_user_timeout error: Protocol not available (os error 92)
[2026-10-05--22-53-23 WARN hyper_util::client::legacy::connect::http] tcp set_tcp_user_timeout error: Protocol not available (os error 92)
[2026-10-05--22-53-23 WARN hyper_util::client::legacy::connect::http] tcp set_tcp_user_timeout error: Protocol not available (os error 92)
[2026-10-05--22-53-23 WARN hyper_util::client::legacy::connect::http] tcp set_tcp_user_timeout error: Protocol not available (os error 92)
[2026-10-05--22-53-23 WARN hyper_util::client::legacy::connect::http] tcp set_tcp_user_timeout error: Protocol not available (os error 92)
[2026-10-05--22-53-23 WARN hyper_util::client::legacy::connect::http] tcp set_tcp_user_timeout error: Protocol not available (os error 92)
[2026-10-05--22-53-23 WARN hyper_util::client::legacy::connect::http] tcp set_tcp_user_timeout error: Protocol not available (os error 92)
[2026-10-05--22-53-23 WARN hyper_util::client::legacy::connect::http] tcp set_tcp_user_timeout error: Protocol not available (os error 92)
[2026-10-05--22-53-23 WARN hyper_util::client::legacy::connect::http] tcp set_tcp_user_timeout error: Protocol not available (os error 92)
[2026-10-05--22-53-23 WARN hyper_util::client::legacy::connect::http] tcp set_tcp_user_timeout error: Protocol not available (os error 92)
[2026-10-05--22-53-23 WARN hyper_util::client::legacy::connect::http] tcp set_tcp_user_timeout error: Protocol not available (os error 92)
[2026-10-05--22-53-23 WARN hyper_util::client::legacy::connect::http] tcp set_tcp_user_timeout error: Protocol not available (os error 92)
[2026-10-05--22-53-23 WARN hyper_util::client::legacy::connect::http] tcp set_tcp_user_timeout error: Protocol not available (os error 92)
[2026-10-05--22-53-23 WARN hyper_util::client::legacy::connect::http] tcp set_tcp_user_timeout error: Protocol not available (os error 92)
[2026-10-05--22-53-23 WARN hyper_util::client::legacy::connect::http] tcp set_tcp_user_timeout error: Protocol not available (os error 92)
[2026-10-05--22-53-23 WARN hyper_util::client::legacy::connect::http] tcp set_tcp_user_timeout error: Protocol not available (os error 92)
[2026-10-05--22-53-23 WARN hyper_util::client::legacy::connect::http] tcp set_tcp_user_timeout error: Protocol not available (os error 92)
[2026-10-05--22-53-23 WARN hyper_util::client::legacy::connect::http] tcp set_tcp_user_timeout error: Protocol not available (os error 92)
[2026-10-05--22-53-23 WARN hyper_util::client::legacy::connect::http] tcp set_tcp_user_timeout error: Protocol not available (os error 92)
[2026-10-05--22-53-23 WARN hyper_util::client::legacy::connect::http] tcp set_tcp_user_timeout error: Protocol not available (os error 92)
[2026-10-05--22-53-23 WARN hyper_util::client::legacy::connect::http] tcp set_tcp_user_timeout error: Protocol not available (os error 92)
[2026-10-05--22-53-23 WARN hyper_util::client::legacy::connect::http] tcp set_tcp_user_timeout error: Protocol not available (os error 92)
[2026-10-05--22-53-23 WARN hyper_util::client::legacy::connect::http] tcp set_tcp_user_timeout error: Protocol not available (os error 92)
[2026-10-05--22-53-23 WARN hyper_util::client::legacy::connect::http] tcp set_tcp_user_timeout error: Protocol not available (os error 92)
[2026-10-05--22-53-23 WARN hyper_util::client::legacy::connect::http] tcp set_tcp_user_timeout error: Protocol not available (os error 92)
[2026-10-05--22-53-23 WARN hyper_util::client::legacy::connect::http] tcp set_tcp_user_timeout error: Protocol not available (os error 92)
[2026-10-05--22-53-23 WARN hyper_util::client::legacy::connect::http] tcp set_tcp_user_timeout error: Protocol not available (os error 92)
[2026-10-05--22-53-23 WARN hyper_util::client::legacy::connect::http] tcp set_tcp_user_timeout error: Protocol not available (os error 92)
[2026-10-05--22-53-24 WARN hyper_util::client::legacy::connect::http] tcp set_tcp_user_timeout error: Protocol not available (os error 92)
[2026-10-05--22-53-24 WARN hyper_util::client::legacy::connect::http] tcp set_tcp_user_timeout error: Protocol not available (os error 92)
[2026-10-05--22-53-24 WARN hyper_util::client::legacy::connect::http] tcp set_tcp_user_timeout error: Protocol not available (os error 92)
[2026-10-05--22-53-24 WARN hyper_util::client::legacy::connect::http] tcp set_tcp_user_timeout error: Protocol not available (os error 92)
[2026-10-05--22-53-24 WARN hyper_util::client::legacy::connect::http] tcp set_tcp_user_timeout error: Protocol not available (os error 92)
[2026-10-05--22-53-24 WARN hyper_util::client::legacy::connect::http] tcp set_tcp_user_timeout error: Protocol not available (os error 92)
[2026-10-05--22-53-24 WARN hyper_util::client::legacy::connect::http] tcp set_tcp_user_timeout error: Protocol not available (os error 92)
[2026-10-05--22-53-24 WARN hyper_util::client::legacy::connect::http] tcp set_tcp_user_timeout error: Protocol not available (os error 92)
[2026-10-05--22-53-24 WARN hyper_util::client::legacy::connect::http] tcp set_tcp_user_timeout error: Protocol not available (os error 92)
[2026-10-05--22-53-24 WARN hyper_util::client::legacy::connect::http] tcp set_tcp_user_timeout error: Protocol not available (os error 92)
[2026-10-05--22-53-24 WARN hyper_util::client::legacy::connect::http] tcp set_tcp_user_timeout error: Protocol not available (os error 92)
[2026-10-05--22-53-24 WARN hyper_util::client::legacy::connect::http] tcp set_tcp_user_timeout error: Protocol not available (os error 92)
[2026-10-05--22-53-24 WARN hyper_util::client::legacy::connect::http] tcp set_tcp_user_timeout error: Protocol not available (os error 92)
[2026-10-05--22-53-24 WARN hyper_util::client::legacy::connect::http] tcp set_tcp_user_timeout error: Protocol not available (os error 92)
[2026-10-05--22-53-24 WARN hyper_util::client::legacy::connect::http] tcp set_tcp_user_timeout error: Protocol not available (os error 92)
[2026-10-05--22-53-24 WARN hyper_util::client::legacy::connect::http] tcp set_tcp_user_timeout error: Protocol not available (os error 92)
[2026-10-05--22-53-24 WARN hyper_util::client::legacy::connect::http] tcp set_tcp_user_timeout error: Protocol not available (os error 92)
[2026-10-05--22-53-24 WARN hyper_util::client::legacy::connect::http] tcp set_tcp_user_timeout error: Protocol not available (os error 92)
[2026-10-05--22-53-24 WARN hyper_util::client::legacy::connect::http] tcp set_tcp_user_timeout error: Protocol not available (os error 92)
[2026-10-05--22-53-24 WARN hyper_util::client::legacy::connect::http] tcp set_tcp_user_timeout error: Protocol not available (os error 92)
[2026-10-05--22-53-24 WARN hyper_util::client::legacy::connect::http] tcp set_tcp_user_timeout error: Protocol not available (os error 92)
[2026-10-05--22-53-24 WARN hyper_util::client::legacy::connect::http] tcp set_tcp_user_timeout error: Protocol not available (os error 92)
[2026-10-05--22-53-24 WARN hyper_util::client::legacy::connect::http] tcp set_tcp_user_timeout error: Protocol not available (os error 92)
[2026-10-05--22-53-24 WARN hyper_util::client::legacy::connect::http] tcp set_tcp_user_timeout error: Protocol not available (os error 92)
[2026-10-05--22-53-24 WARN hyper_util::client::legacy::connect::http] tcp set_tcp_user_timeout error: Protocol not available (os error 92)
[2026-10-05--22-53-24 WARN hyper_util::client::legacy::connect::http] tcp set_tcp_user_timeout error: Protocol not available (os error 92)
[2026-10-05--22-53-24 WARN hyper_util::client::legacy::connect::http] tcp set_tcp_user_timeout error: Protocol not available (os error 92)
[2026-10-05--22-53-24 WARN hyper_util::client::legacy::connect::http] tcp set_tcp_user_timeout error: Protocol not available (os error 92)
[2026-10-05--22-53-24 WARN hyper_util::client::legacy::connect::http] tcp set_tcp_user_timeout error: Protocol not available (os error 92)
[2026-10-05--22-53-24 WARN hyper_util::client::legacy::connect::http] tcp set_tcp_user_timeout error: Protocol not available (os error 92)
[2026-10-05--22-53-24 WARN hyper_util::client::legacy::connect::http] tcp set_tcp_user_timeout error: Protocol not available (os error 92)
[2026-10-05--22-53-24 WARN hyper_util::client::legacy::connect::http] tcp set_tcp_user_timeout error: Protocol not available (os error 92)
[2026-10-05--22-53-24 WARN hyper_util::client::legacy::connect::http] tcp set_tcp_user_timeout error: Protocol not available (os error 92)
[2026-10-05--22-53-24 WARN hyper_util::client::legacy::connect::http] tcp set_tcp_user_timeout error: Protocol not available (os error 92)
[2026-10-05--22-53-24 WARN hyper_util::client::legacy::connect::http] tcp set_tcp_user_timeout error: Protocol not available (os error 92)
[2026-10-05--22-53-24 WARN hyper_util::client::legacy::connect::http] tcp set_tcp_user_timeout error: Protocol not available (os error 92)
[2026-10-05--22-53-24 WARN hyper_util::client::legacy::connect::http] tcp set_tcp_user_timeout error: Protocol not available (os error 92)
[2026-10-05--22-53-24 WARN hyper_util::client::legacy::connect::http] tcp set_tcp_user_timeout error: Protocol not available (os error 92)
[2026-10-05--22-53-24 WARN hyper_util::client::legacy::connect::http] tcp set_tcp_user_timeout error: Protocol not available (os error 92)
[2026-10-05--22-53-24 WARN hyper_util::client::legacy::connect::http] tcp set_tcp_user_timeout error: Protocol not available (os error 92)
[2026-10-05--22-53-24 WARN hyper_util::client::legacy::connect::http] tcp set_tcp_user_timeout error: Protocol not available (os error 92)
[2026-10-05--22-53-24 WARN hyper_util::client::legacy::connect::http] tcp set_tcp_user_timeout error: Protocol not available (os error 92)
[2026-10-05--22-53-24 WARN hyper_util::client::legacy::connect::http] tcp set_tcp_user_timeout error: Protocol not available (os error 92)
[2026-10-05--22-53-24 WARN hyper_util::client::legacy::connect::http] tcp set_tcp_user_timeout error: Protocol not available (os error 92)
[2026-10-05--22-53-24 WARN hyper_util::client::legacy::connect::http] tcp set_tcp_user_timeout error: Protocol not available (os error 92)
[2026-10-05--22-53-24 WARN hyper_util::client::legacy::connect::http] tcp set_tcp_user_timeout error: Protocol not available (os error 92)
[2026-10-05--22-53-24 WARN hyper_util::client::legacy::connect::http] tcp set_tcp_user_timeout error: Protocol not available (os error 92)
[2026-10-05--22-53-24 WARN hyper_util::client::legacy::connect::http] tcp set_tcp_user_timeout error: Protocol not available (os error 92)
[2026-10-05--22-53-24 WARN hyper_util::client::legacy::connect::http] tcp set_tcp_user_timeout error: Protocol not available (os error 92)
[2026-10-05--22-53-24 WARN hyper_util::client::legacy::connect::http] tcp set_tcp_user_timeout error: Protocol not available (os error 92)
[2026-10-05--22-53-24 WARN hyper_util::client::legacy::connect::http] tcp set_tcp_user_timeout error: Protocol not available (os error 92)
[2026-10-05--22-53-24 WARN hyper_util::client::legacy::connect::http] tcp set_tcp_user_timeout error: Protocol not available (os error 92)
[2026-10-05--22-53-24 WARN hyper_util::client::legacy::connect::http] tcp set_tcp_user_timeout error: Protocol not available (os error 92)
[2026-10-05--22-53-24 WARN hyper_util::client::legacy::connect::http] tcp set_tcp_user_timeout error: Protocol not available (os error 92)
[2026-10-05--22-53-24 WARN hyper_util::client::legacy::connect::http] tcp set_tcp_user_timeout error: Protocol not available (os error 92)
[2026-10-05--22-53-24 WARN hyper_util::client::legacy::connect::http] tcp set_tcp_user_timeout error: Protocol not available (os error 92)
[2026-10-05--22-53-24 WARN hyper_util::client::legacy::connect::http] tcp set_tcp_user_timeout error: Protocol not available (os error 92)
[2026-10-05--22-53-24 WARN hyper_util::client::legacy::connect::http] tcp set_tcp_user_timeout error: Protocol not available (os error 92)
[2026-10-05--22-53-24 WARN hyper_util::client::legacy::connect::http] tcp set_tcp_user_timeout error: Protocol not available (os error 92)
[2026-10-05--22-53-24 WARN hyper_util::client::legacy::connect::http] tcp set_tcp_user_timeout error: Protocol not available (os error 92)
[2026-10-05--22-53-24 WARN hyper_util::client::legacy::connect::http] tcp set_tcp_user_timeout error: Protocol not available (os error 92)
[2026-10-05--22-53-24 WARN hyper_util::client::legacy::connect::http] tcp set_tcp_user_timeout error: Protocol not available (os error 92)
[2026-10-05--22-53-24 WARN hyper_util::client::legacy::connect::http] tcp set_tcp_user_timeout error: Protocol not available (os error 92)
[2026-10-05--22-53-24 WARN hyper_util::client::legacy::connect::http] tcp set_tcp_user_timeout error: Protocol not available (os error 92)
[2026-10-05--22-53-24 WARN hyper_util::client::legacy::connect::http] tcp set_tcp_user_timeout error: Protocol not available (os error 92)
[2026-10-05--22-53-24 WARN hyper_util::client::legacy::connect::http] tcp set_tcp_user_timeout error: Protocol not available (os error 92)
[2026-10-05--22-53-24 WARN hyper_util::client::legacy::connect::http] tcp set_tcp_user_timeout error: Protocol not available (os error 92)
[2026-10-05--22-53-24 WARN hyper_util::client::legacy::connect::http] tcp set_tcp_user_timeout error: Protocol not available (os error 92)
[2026-10-05--22-53-24 WARN hyper_util::client::legacy::connect::http] tcp set_tcp_user_timeout error: Protocol not available (os error 92)
[2026-10-05--22-53-24 WARN hyper_util::client::legacy::connect::http] tcp set_tcp_user_timeout error: Protocol not available (os error 92)
[2026-10-05--22-53-24 WARN hyper_util::client::legacy::connect::http] tcp set_tcp_user_timeout error: Protocol not available (os error 92)
[2026-10-05--22-53-24 WARN hyper_util::client::legacy::connect::http] tcp set_tcp_user_timeout error: Protocol not available (os error 92)
[2026-10-05--22-53-24 WARN hyper_util::client::legacy::connect::http] tcp set_tcp_user_timeout error: Protocol not available (os error 92)
[2026-10-05--22-53-24 WARN hyper_util::client::legacy::connect::http] tcp set_tcp_user_timeout error: Protocol not available (os error 92)
[2026-10-05--22-53-24 WARN hyper_util::client::legacy::connect::http] tcp set_tcp_user_timeout error: Protocol not available (os error 92)
[2026-10-05--22-53-24 WARN hyper_util::client::legacy::connect::http] tcp set_tcp_user_timeout error: Protocol not available (os error 92)
[2026-10-05--22-53-24 WARN hyper_util::client::legacy::connect::http] tcp set_tcp_user_timeout error: Protocol not available (os error 92)
[2026-10-05--22-53-24 WARN hyper_util::client::legacy::connect::http] tcp set_tcp_user_timeout error: Protocol not available (os error 92)
[2026-10-05--22-53-24 WARN hyper_util::client::legacy::connect::http] tcp set_tcp_user_timeout error: Protocol not available (os error 92)
[2026-10-05--22-53-24 WARN hyper_util::client::legacy::connect::http] tcp set_tcp_user_timeout error: Protocol not available (os error 92)
[2026-10-05--22-53-24 WARN hyper_util::client::legacy::connect::http] tcp set_tcp_user_timeout error: Protocol not available (os error 92)
[2026-10-05--22-53-24 WARN hyper_util::client::legacy::connect::http] tcp set_tcp_user_timeout error: Protocol not available (os error 92)
[2026-10-05--22-53-24 WARN hyper_util::client::legacy::connect::http] tcp set_tcp_user_timeout error: Protocol not available (os error 92)
[2026-10-05--22-53-24 WARN hyper_util::client::legacy::connect::http] tcp set_tcp_user_timeout error: Protocol not available (os error 92)
[2026-10-05--22-53-24 WARN hyper_util::client::legacy::connect::http] tcp set_tcp_user_timeout error: Protocol not available (os error 92)
[2026-10-05--22-53-24 WARN hyper_util::client::legacy::connect::http] tcp set_tcp_user_timeout error: Protocol not available (os error 92)
[2026-10-05--22-53-24 WARN hyper_util::client::legacy::connect::http] tcp set_tcp_user_timeout error: Protocol not available (os error 92)
[2026-10-05--22-53-24 WARN hyper_util::client::legacy::connect::http] tcp set_tcp_user_timeout error: Protocol not available (os error 92)
[2026-10-05--22-53-24 WARN hyper_util::client::legacy::connect::http] tcp set_tcp_user_timeout error: Protocol not available (os error 92)
[2026-10-05--22-53-24 WARN hyper_util::client::legacy::connect::http] tcp set_tcp_user_timeout error: Protocol not available (os error 92)
[2026-10-05--22-53-24 WARN hyper_util::client::legacy::connect::http] tcp set_tcp_user_timeout error: Protocol not available (os error 92)
[2026-10-05--22-53-24 WARN hyper_util::client::legacy::connect::http] tcp set_tcp_user_timeout error: Protocol not available (os error 92)
[2026-10-05--22-53-24 WARN hyper_util::client::legacy::connect::http] tcp set_tcp_user_timeout error: Protocol not available (os error 92)
[2026-10-05--22-53-24 WARN hyper_util::client::legacy::connect::http] tcp set_tcp_user_timeout error: Protocol not available (os error 92)
[2026-10-05--22-53-24 WARN hyper_util::client::legacy::connect::http] tcp set_tcp_user_timeout error: Protocol not available (os error 92)
[2026-10-05--22-53-24 WARN hyper_util::client::legacy::connect::http] tcp set_tcp_user_timeout error: Protocol not available (os error 92)
[2026-10-05--22-53-24 WARN hyper_util::client::legacy::connect::http] tcp set_tcp_user_timeout error: Protocol not available (os error 92)
[2026-10-05--22-53-24 WARN hyper_util::client::legacy::connect::http] tcp set_tcp_user_timeout error: Protocol not available (os error 92)
[2026-10-05--22-53-24 WARN hyper_util::client::legacy::connect::http] tcp set_tcp_user_timeout error: Protocol not available (os error 92)
[2026-10-05--22-53-24 WARN hyper_util::client::legacy::connect::http] tcp set_tcp_user_timeout error: Protocol not available (os error 92)
[2026-10-05--22-53-24 WARN hyper_util::client::legacy::connect::http] tcp set_tcp_user_timeout error: Protocol not available (os error 92)
[2026-10-05--22-53-24 WARN hyper_util::client::legacy::connect::http] tcp set_tcp_user_timeout error: Protocol not available (os error 92)
[2026-10-05--22-53-24 WARN hyper_util::client::legacy::connect::http] tcp set_tcp_user_timeout error: Protocol not available (os error 92)
[2026-10-05--22-53-25 WARN hyper_util::client::legacy::connect::http] tcp set_tcp_user_timeout error: Protocol not available (os error 92)
[2026-10-05--22-53-25 WARN hyper_util::client::legacy::connect::http] tcp set_tcp_user_timeout error: Protocol not available (os error 92)
[2026-10-05--22-53-25 WARN hyper_util::client::legacy::connect::http] tcp set_tcp_user_timeout error: Protocol not available (os error 92)
[2026-10-05--22-53-25 WARN hyper_util::client::legacy::connect::http] tcp set_tcp_user_timeout error: Protocol not available (os error 92)
[2026-10-05--22-53-25 WARN hyper_util::client::legacy::connect::http] tcp set_tcp_user_timeout error: Protocol not available (os error 92)
[2026-10-05--22-53-25 WARN hyper_util::client::legacy::connect::http] tcp set_tcp_user_timeout error: Protocol not available (os error 92)
[2026-10-05--22-53-25 WARN hyper_util::client::legacy::connect::http] tcp set_tcp_user_timeout error: Protocol not available (os error 92)
[2026-10-05--22-53-25 WARN hyper_util::client::legacy::connect::http] tcp set_tcp_user_timeout error: Protocol not available (os error 92)
[2026-10-05--22-53-25 WARN hyper_util::client::legacy::connect::http] tcp set_tcp_user_timeout error: Protocol not available (os error 92)
[2026-10-05--22-53-25 WARN hyper_util::client::legacy::connect::http] tcp set_tcp_user_timeout error: Protocol not available (os error 92)
[2026-10-05--22-53-25 WARN hyper_util::client::legacy::connect::http] tcp set_tcp_user_timeout error: Protocol not available (os error 92)
[2026-10-05--22-53-25 WARN hyper_util::client::legacy::connect::http] tcp set_tcp_user_timeout error: Protocol not available (os error 92)
[2026-10-05--22-53-25 WARN hyper_util::client::legacy::connect::http] tcp set_tcp_user_timeout error: Protocol not available (os error 92)
[2026-10-05--22-53-25 WARN hyper_util::client::legacy::connect::http] tcp set_tcp_user_timeout error: Protocol not available (os error 92)
[2026-10-05--22-53-25 WARN hyper_util::client::legacy::connect::http] tcp set_tcp_user_timeout error: Protocol not available (os error 92)
[2026-10-05--22-53-25 WARN hyper_util::client::legacy::connect::http] tcp set_tcp_user_timeout error: Protocol not available (os error 92)
[2026-10-05--22-53-25 WARN hyper_util::client::legacy::connect::http] tcp set_tcp_user_timeout error: Protocol not available (os error 92)
[2026-10-05--22-53-25 WARN hyper_util::client::legacy::connect::http] tcp set_tcp_user_timeout error: Protocol not available (os error 92)
[2026-10-05--22-53-25 WARN hyper_util::client::legacy::connect::http] tcp set_tcp_user_timeout error: Protocol not available (os error 92)
[2026-10-05--22-53-25 WARN hyper_util::client::legacy::connect::http] tcp set_tcp_user_timeout error: Protocol not available (os error 92)
[2026-10-05--22-53-25 WARN hyper_util::client::legacy::connect::http] tcp set_tcp_user_timeout error: Protocol not available (os error 92)
[2026-10-05--22-53-25 WARN hyper_util::client::legacy::connect::http] tcp set_tcp_user_timeout error: Protocol not available (os error 92)
[2026-10-05--22-53-25 WARN hyper_util::client::legacy::connect::http] tcp set_tcp_user_timeout error: Protocol not available (os error 92)
[2026-10-05--22-53-25 WARN hyper_util::client::legacy::connect::http] tcp set_tcp_user_timeout error: Protocol not available (os error 92)
[2026-10-05--22-53-25 WARN hyper_util::client::legacy::connect::http] tcp set_tcp_user_timeout error: Protocol not available (os error 92)
[2026-10-05--22-53-25 WARN hyper_util::client::legacy::connect::http] tcp set_tcp_user_timeout error: Protocol not available (os error 92)
[2026-10-05--22-53-25 WARN hyper_util::client::legacy::connect::http] tcp set_tcp_user_timeout error: Protocol not available (os error 92)
[2026-10-05--22-53-25 WARN hyper_util::client::legacy::connect::http] tcp set_tcp_user_timeout error: Protocol not available (os error 92)
[2026-10-05--22-53-25 WARN hyper_util::client::legacy::connect::http] tcp set_tcp_user_timeout error: Protocol not available (os error 92)
[2026-10-05--22-53-25 WARN hyper_util::client::legacy::connect::http] tcp set_tcp_user_timeout error: Protocol not available (os error 92)
[2026-10-05--22-53-25 WARN hyper_util::client::legacy::connect::http] tcp set_tcp_user_timeout error: Protocol not available (os error 92)
[2026-10-05--22-53-25 WARN hyper_util::client::legacy::connect::http] tcp set_tcp_user_timeout error: Protocol not available (os error 92)
[2026-10-05--22-53-25 WARN hyper_util::client::legacy::connect::http] tcp set_tcp_user_timeout error: Protocol not available (os error 92)
[2026-10-05--22-53-25 WARN hyper_util::client::legacy::connect::http] tcp set_tcp_user_timeout error: Protocol not available (os error 92)
[2026-10-05--22-53-25 WARN hyper_util::client::legacy::connect::http] tcp set_tcp_user_timeout error: Protocol not available (os error 92)
[2026-10-05--22-53-25 WARN hyper_util::client::legacy::connect::http] tcp set_tcp_user_timeout error: Protocol not available (os error 92)
[2026-10-05--22-53-25 WARN hyper_util::client::legacy::connect::http] tcp set_tcp_user_timeout error: Protocol not available (os error 92)
[2026-10-05--22-53-25 WARN hyper_util::client::legacy::connect::http] tcp set_tcp_user_timeout error: Protocol not available (os error 92)
[2026-10-05--22-53-25 WARN hyper_util::client::legacy::connect::http] tcp set_tcp_user_timeout error: Protocol not available (os error 92)
[2026-10-05--22-53-25 WARN hyper_util::client::legacy::connect::http] tcp set_tcp_user_timeout error: Protocol not available (os error 92)
[2026-10-05--22-53-25 WARN hyper_util::client::legacy::connect::http] tcp set_tcp_user_timeout error: Protocol not available (os error 92)
[2026-10-05--22-53-25 WARN hyper_util::client::legacy::connect::http] tcp set_tcp_user_timeout error: Protocol not available (os error 92)
[2026-10-05--22-53-25 WARN hyper_util::client::legacy::connect::http] tcp set_tcp_user_timeout error: Protocol not available (os error 92)
[2026-10-05--22-53-25 WARN hyper_util::client::legacy::connect::http] tcp set_tcp_user_timeout error: Protocol not available (os error 92)
[2026-10-05--22-53-25 WARN hyper_util::client::legacy::connect::http] tcp set_tcp_user_timeout error: Protocol not available (os error 92)
[2026-10-05--22-53-25 WARN hyper_util::client::legacy::connect::http] tcp set_tcp_user_timeout error: Protocol not available (os error 92)
[2026-10-05--22-53-25 WARN hyper_util::client::legacy::connect::http] tcp set_tcp_user_timeout error: Protocol not available (os error 92)
[2026-10-05--22-53-25 WARN hyper_util::client::legacy::connect::http] tcp set_tcp_user_timeout error: Protocol not available (os error 92)
[2026-10-05--22-53-25 WARN hyper_util::client::legacy::connect::http] tcp set_tcp_user_timeout error: Protocol not available (os error 92)
[2026-10-05--22-53-25 WARN hyper_util::client::legacy::connect::http] tcp set_tcp_user_timeout error: Protocol not available (os error 92)
[2026-10-05--22-53-25 WARN hyper_util::client::legacy::connect::http] tcp set_tcp_user_timeout error: Protocol not available (os error 92)
[2026-10-05--22-53-25 WARN hyper_util::client::legacy::connect::http] tcp set_tcp_user_timeout error: Protocol not available (os error 92)
[2026-10-05--22-53-25 WARN hyper_util::client::legacy::connect::http] tcp set_tcp_user_timeout error: Protocol not available (os error 92)
[2026-10-05--22-53-25 WARN hyper_util::client::legacy::connect::http] tcp set_tcp_user_timeout error: Protocol not available (os error 92)
[2026-10-05--22-53-25 WARN hyper_util::client::legacy::connect::http] tcp set_tcp_user_timeout error: Protocol not available (os error 92)
[2026-10-05--22-53-25 WARN hyper_util::client::legacy::connect::http] tcp set_tcp_user_timeout error: Protocol not available (os error 92)
[2026-10-05--22-53-25 WARN hyper_util::client::legacy::connect::http] tcp set_tcp_user_timeout error: Protocol not available (os error 92)
[2026-10-05--22-53-25 WARN hyper_util::client::legacy::connect::http] tcp set_tcp_user_timeout error: Protocol not available (os error 92)
[2026-10-05--22-53-25 WARN hyper_util::client::legacy::connect::http] tcp set_tcp_user_timeout error: Protocol not available (os error 92)
[2026-10-05--22-53-25 WARN hyper_util::client::legacy::connect::http] tcp set_tcp_user_timeout error: Protocol not available (os error 92)
[2026-10-05--22-53-25 WARN hyper_util::client::legacy::connect::http] tcp set_tcp_user_timeout error: Protocol not available (os error 92)
[2026-10-05--22-53-25 WARN hyper_util::client::legacy::connect::http] tcp set_tcp_user_timeout error: Protocol not available (os error 92)
[2026-10-05--22-53-25 WARN hyper_util::client::legacy::connect::http] tcp set_tcp_user_timeout error: Protocol not available (os error 92)
[2026-10-05--22-53-25 WARN hyper_util::client::legacy::connect::http] tcp set_tcp_user_timeout error: Protocol not available (os error 92)
[2026-10-05--22-53-25 WARN hyper_util::client::legacy::connect::http] tcp set_tcp_user_timeout error: Protocol not available (os error 92)
[2026-10-05--22-53-25 WARN hyper_util::client::legacy::connect::http] tcp set_tcp_user_timeout error: Protocol not available (os error 92)
[2026-10-05--22-53-25 WARN hyper_util::client::legacy::connect::http] tcp set_tcp_user_timeout error: Protocol not available (os error 92)
[2026-10-05--22-53-25 WARN hyper_util::client::legacy::connect::http] tcp set_tcp_user_timeout error: Protocol not available (os error 92)
[2026-10-05--22-53-25 WARN hyper_util::client::legacy::connect::http] tcp set_tcp_user_timeout error: Protocol not available (os error 92)
[2026-10-05--22-53-25 WARN hyper_util::client::legacy::connect::http] tcp set_tcp_user_timeout error: Protocol not available (os error 92)
[2026-10-05--22-53-25 WARN hyper_util::client::legacy::connect::http] tcp set_tcp_user_timeout error: Protocol not available (os error 92)
[2026-10-05--22-53-25 WARN hyper_util::client::legacy::connect::http] tcp set_tcp_user_timeout error: Protocol not available (os error 92)
[2026-10-05--22-53-25 WARN hyper_util::client::legacy::connect::http] tcp set_tcp_user_timeout error: Protocol not available (os error 92)
[2026-10-05--22-53-25 WARN hyper_util::client::legacy::connect::http] tcp set_tcp_user_timeout error: Protocol not available (os error 92)
[2026-10-05--22-53-25 WARN hyper_util::client::legacy::connect::http] tcp set_tcp_user_timeout error: Protocol not available (os error 92)
[2026-10-05--22-53-25 WARN hyper_util::client::legacy::connect::http] tcp set_tcp_user_timeout error: Protocol not available (os error 92)
[2026-10-05--22-53-25 WARN hyper_util::client::legacy::connect::http] tcp set_tcp_user_timeout error: Protocol not available (os error 92)
[2026-10-05--22-53-25 WARN hyper_util::client::legacy::connect::http] tcp set_tcp_user_timeout error: Protocol not available (os error 92)
[2026-10-05--22-53-25 WARN hyper_util::client::legacy::connect::http] tcp set_tcp_user_timeout error: Protocol not available (os error 92)
[2026-10-05--22-53-25 WARN hyper_util::client::legacy::connect::http] tcp set_tcp_user_timeout error: Protocol not available (os error 92)
[2026-10-05--22-53-25 WARN hyper_util::client::legacy::connect::http] tcp set_tcp_user_timeout error: Protocol not available (os error 92)
[2026-10-05--22-53-25 WARN hyper_util::client::legacy::connect::http] tcp set_tcp_user_timeout error: Protocol not available (os error 92)
[2026-10-05--22-53-25 WARN hyper_util::client::legacy::connect::http] tcp set_tcp_user_timeout error: Protocol not available (os error 92)
[2026-10-05--22-53-25 WARN hyper_util::client::legacy::connect::http] tcp set_tcp_user_timeout error: Protocol not available (os error 92)
[2026-10-05--22-53-25 WARN hyper_util::client::legacy::connect::http] tcp set_tcp_user_timeout error: Protocol not available (os error 92)
[2026-10-05--22-53-25 WARN hyper_util::client::legacy::connect::http] tcp set_tcp_user_timeout error: Protocol not available (os error 92)
[2026-10-05--22-53-25 WARN hyper_util::client::legacy::connect::http] tcp set_tcp_user_timeout error: Protocol not available (os error 92)
[2026-10-05--22-53-25 WARN hyper_util::client::legacy::connect::http] tcp set_tcp_user_timeout error: Protocol not available (os error 92)
[2026-10-05--22-53-25 WARN hyper_util::client::legacy::connect::http] tcp set_tcp_user_timeout error: Protocol not available (os error 92)
[2026-10-05--22-53-25 WARN hyper_util::client::legacy::connect::http] tcp set_tcp_user_timeout error: Protocol not available (os error 92)
[2026-10-05--22-53-25 WARN hyper_util::client::legacy::connect::http] tcp set_tcp_user_timeout error: Protocol not available (os error 92)
[2026-10-05--22-53-25 WARN hyper_util::client::legacy::connect::http] tcp set_tcp_user_timeout error: Protocol not available (os error 92)
[2026-10-05--22-53-25 WARN hyper_util::client::legacy::connect::http] tcp set_tcp_user_timeout error: Protocol not available (os error 92)
[2026-10-05--22-53-25 WARN hyper_util::client::legacy::connect::http] tcp set_tcp_user_timeout error: Protocol not available (os error 92)
[2026-10-05--22-53-25 WARN hyper_util::client::legacy::connect::http] tcp set_tcp_user_timeout error: Protocol not available (os error 92)
[2026-10-05--22-53-25 WARN hyper_util::client::legacy::connect::http] tcp set_tcp_user_timeout error: Protocol not available (os error 92)
[2026-10-05--22-53-25 WARN hyper_util::client::legacy::connect::http] tcp set_tcp_user_timeout error: Protocol not available (os error 92)
[2026-10-05--22-53-25 WARN hyper_util::client::legacy::connect::http] tcp set_tcp_user_timeout error: Protocol not available (os error 92)
[2026-10-05--22-53-25 WARN hyper_util::client::legacy::connect::http] tcp set_tcp_user_timeout error: Protocol not available (os error 92)
[2026-10-05--22-53-25 WARN hyper_util::client::legacy::connect::http] tcp set_tcp_user_timeout error: Protocol not available (os error 92)
[2026-10-05--22-53-25 WARN hyper_util::client::legacy::connect::http] tcp set_tcp_user_timeout error: Protocol not available (os error 92)
[2026-10-05--22-53-25 WARN hyper_util::client::legacy::connect::http] tcp set_tcp_user_timeout error: Protocol not available (os error 92)
[2026-10-05--22-53-26 WARN hyper_util::client::legacy::connect::http] tcp set_tcp_user_timeout error: Protocol not available (os error 92)
[2026-10-05--22-53-26 WARN hyper_util::client::legacy::connect::http] tcp set_tcp_user_timeout error: Protocol not available (os error 92)
[2026-10-05--22-53-26 WARN hyper_util::client::legacy::connect::http] tcp set_tcp_user_timeout error: Protocol not available (os error 92)
[2026-10-05--22-53-26 WARN hyper_util::client::legacy::connect::http] tcp set_tcp_user_timeout error: Protocol not available (os error 92)
[2026-10-05--22-53-26 WARN hyper_util::client::legacy::connect::http] tcp set_tcp_user_timeout error: Protocol not available (os error 92)
[2026-10-05--22-53-26 WARN hyper_util::client::legacy::connect::http] tcp set_tcp_user_timeout error: Protocol not available (os error 92)
[2026-10-05--22-53-26 WARN hyper_util::client::legacy::connect::http] tcp set_tcp_user_timeout error: Protocol not available (os error 92)
[2026-10-05--22-53-26 WARN hyper_util::client::legacy::connect::http] tcp set_tcp_user_timeout error: Protocol not available (os error 92)
[2026-10-05--22-53-26 WARN hyper_util::client::legacy::connect::http] tcp set_tcp_user_timeout error: Protocol not available (os error 92)
[2026-10-05--22-53-26 WARN hyper_util::client::legacy::connect::http] tcp set_tcp_user_timeout error: Protocol not available (os error 92)
[2026-10-05--22-53-26 WARN hyper_util::client::legacy::connect::http] tcp set_tcp_user_timeout error: Protocol not available (os error 92)
[2026-10-05--22-53-26 WARN hyper_util::client::legacy::connect::http] tcp set_tcp_user_timeout error: Protocol not available (os error 92)
[2026-10-05--22-53-26 WARN hyper_util::client::legacy::connect::http] tcp set_tcp_user_timeout error: Protocol not available (os error 92)
[2026-10-05--22-53-26 WARN hyper_util::client::legacy::connect::http] tcp set_tcp_user_timeout error: Protocol not available (os error 92)
[2026-10-05--22-53-26 WARN hyper_util::client::legacy::connect::http] tcp set_tcp_user_timeout error: Protocol not available (os error 92)
[2026-10-05--22-53-26 WARN hyper_util::client::legacy::connect::http] tcp set_tcp_user_timeout error: Protocol not available (os error 92)
[2026-10-05--22-53-26 WARN hyper_util::client::legacy::connect::http] tcp set_tcp_user_timeout error: Protocol not available (os error 92)
[2026-10-05--22-53-26 WARN hyper_util::client::legacy::connect::http] tcp set_tcp_user_timeout error: Protocol not available (os error 92)
[2026-10-05--22-53-26 WARN hyper_util::client::legacy::connect::http] tcp set_tcp_user_timeout error: Protocol not available (os error 92)
[2026-10-05--22-53-26 WARN hyper_util::client::legacy::connect::http] tcp set_tcp_user_timeout error: Protocol not available (os error 92)
[2026-10-05--22-53-26 WARN hyper_util::client::legacy::connect::http] tcp set_tcp_user_timeout error: Protocol not available (os error 92)
[2026-10-05--22-53-26 WARN hyper_util::client::legacy::connect::http] tcp set_tcp_user_timeout error: Protocol not available (os error 92)
[2026-10-05--22-53-26 WARN hyper_util::client::legacy::connect::http] tcp set_tcp_user_timeout error: Protocol not available (os error 92)
[2026-10-05--22-53-26 WARN hyper_util::client::legacy::connect::http] tcp set_tcp_user_timeout error: Protocol not available (os error 92)
[2026-10-05--22-53-26 WARN hyper_util::client::legacy::connect::http] tcp set_tcp_user_timeout error: Protocol not available (os error 92)
[2026-10-05--22-53-26 WARN hyper_util::client::legacy::connect::http] tcp set_tcp_user_timeout error: Protocol not available (os error 92)
[2026-10-05--22-53-26 WARN hyper_util::client::legacy::connect::http] tcp set_tcp_user_timeout error: Protocol not available (os error 92)
[2026-10-05--22-53-26 WARN hyper_util::client::legacy::connect::http] tcp set_tcp_user_timeout error: Protocol not available (os error 92)
[2026-10-05--22-53-26 WARN hyper_util::client::legacy::connect::http] tcp set_tcp_user_timeout error: Protocol not available (os error 92)
[2026-10-05--22-53-26 WARN hyper_util::client::legacy::connect::http] tcp set_tcp_user_timeout error: Protocol not available (os error 92)
[2026-10-05--22-53-26 WARN hyper_util::client::legacy::connect::http] tcp set_tcp_user_timeout error: Protocol not available (os error 92)
[2026-10-05--22-53-26 WARN hyper_util::client::legacy::connect::http] tcp set_tcp_user_timeout error: Protocol not available (os error 92)
[2026-10-05--22-53-26 WARN hyper_util::client::legacy::connect::http] tcp set_tcp_user_timeout error: Protocol not available (os error 92)
[2026-10-05--22-53-26 WARN hyper_util::client::legacy::connect::http] tcp set_tcp_user_timeout error: Protocol not available (os error 92)
[2026-10-05--22-53-26 WARN hyper_util::client::legacy::connect::http] tcp set_tcp_user_timeout error: Protocol not available (os error 92)
[2026-10-05--22-53-26 WARN hyper_util::client::legacy::connect::http] tcp set_tcp_user_timeout error: Protocol not available (os error 92)
[2026-10-05--22-53-26 WARN hyper_util::client::legacy::connect::http] tcp set_tcp_user_timeout error: Protocol not available (os error 92)
[2026-10-05--22-53-26 WARN hyper_util::client::legacy::connect::http] tcp set_tcp_user_timeout error: Protocol not available (os error 92)
[2026-10-05--22-53-26 WARN hyper_util::client::legacy::connect::http] tcp set_tcp_user_timeout error: Protocol not available (os error 92)
[2026-10-05--22-53-26 WARN hyper_util::client::legacy::connect::http] tcp set_tcp_user_timeout error: Protocol not available (os error 92)
[2026-10-05--22-53-26 WARN hyper_util::client::legacy::connect::http] tcp set_tcp_user_timeout error: Protocol not available (os error 92)
[2026-10-05--22-53-26 WARN hyper_util::client::legacy::connect::http] tcp set_tcp_user_timeout error: Protocol not available (os error 92)
[2026-10-05--22-53-26 WARN hyper_util::client::legacy::connect::http] tcp set_tcp_user_timeout error: Protocol not available (os error 92)
[2026-10-05--22-53-26 WARN hyper_util::client::legacy::connect::http] tcp set_tcp_user_timeout error: Protocol not available (os error 92)
[2026-10-05--22-53-26 WARN hyper_util::client::legacy::connect::http] tcp set_tcp_user_timeout error: Protocol not available (os error 92)
[2026-10-05--22-53-26 WARN hyper_util::client::legacy::connect::http] tcp set_tcp_user_timeout error: Protocol not available (os error 92)
[2026-10-05--22-53-26 WARN hyper_util::client::legacy::connect::http] tcp set_tcp_user_timeout error: Protocol not available (os error 92)
[2026-10-05--22-53-26 WARN hyper_util::client::legacy::connect::http] tcp set_tcp_user_timeout error: Protocol not available (os error 92)
[2026-10-05--22-53-26 WARN hyper_util::client::legacy::connect::http] tcp set_tcp_user_timeout error: Protocol not available (os error 92)
[2026-10-05--22-53-26 WARN hyper_util::client::legacy::connect::http] tcp set_tcp_user_timeout error: Protocol not available (os error 92)
[2026-10-05--22-53-26 WARN hyper_util::client::legacy::connect::http] tcp set_tcp_user_timeout error: Protocol not available (os error 92)
[2026-10-05--22-53-26 WARN hyper_util::client::legacy::connect::http] tcp set_tcp_user_timeout error: Protocol not available (os error 92)
[2026-10-05--22-53-26 WARN hyper_util::client::legacy::connect::http] tcp set_tcp_user_timeout error: Protocol not available (os error 92)
[2026-10-05--22-53-26 WARN hyper_util::client::legacy::connect::http] tcp set_tcp_user_timeout error: Protocol not available (os error 92)
[2026-10-05--22-53-26 WARN hyper_util::client::legacy::connect::http] tcp set_tcp_user_timeout error: Protocol not available (os error 92)
[2026-10-05--22-53-26 WARN hyper_util::client::legacy::connect::http] tcp set_tcp_user_timeout error: Protocol not available (os error 92)
[2026-10-05--22-53-26 WARN hyper_util::client::legacy::connect::http] tcp set_tcp_user_timeout error: Protocol not available (os error 92)
[2026-10-05--22-53-26 WARN hyper_util::client::legacy::connect::http] tcp set_tcp_user_timeout error: Protocol not available (os error 92)
[2026-10-05--22-53-26 WARN hyper_util::client::legacy::connect::http] tcp set_tcp_user_timeout error: Protocol not available (os error 92)
[2026-10-05--22-53-26 WARN hyper_util::client::legacy::connect::http] tcp set_tcp_user_timeout error: Protocol not available (os error 92)
[2026-10-05--22-53-26 WARN hyper_util::client::legacy::connect::http] tcp set_tcp_user_timeout error: Protocol not available (os error 92)
[2026-10-05--22-53-26 WARN hyper_util::client::legacy::connect::http] tcp set_tcp_user_timeout error: Protocol not available (os error 92)
[2026-10-05--22-53-26 WARN hyper_util::client::legacy::connect::http] tcp set_tcp_user_timeout error: Protocol not available (os error 92)
[2026-10-05--22-53-26 WARN hyper_util::client::legacy::connect::http] tcp set_tcp_user_timeout error: Protocol not available (os error 92)
[2026-10-05--22-53-26 WARN hyper_util::client::legacy::connect::http] tcp set_tcp_user_timeout error: Protocol not available (os error 92)
[2026-10-05--22-53-26 WARN hyper_util::client::legacy::connect::http] tcp set_tcp_user_timeout error: Protocol not available (os error 92)
[2026-10-05--22-53-26 WARN hyper_util::client::legacy::connect::http] tcp set_tcp_user_timeout error: Protocol not available (os error 92)
[2026-10-05--22-53-26 WARN hyper_util::client::legacy::connect::http] tcp set_tcp_user_timeout error: Protocol not available (os error 92)
[2026-10-05--22-53-26 WARN hyper_util::client::legacy::connect::http] tcp set_tcp_user_timeout error: Protocol not available (os error 92)
[2026-10-05--22-53-26 WARN hyper_util::client::legacy::connect::http] tcp set_tcp_user_timeout error: Protocol not available (os error 92)
[2026-10-05--22-53-26 WARN hyper_util::client::legacy::connect::http] tcp set_tcp_user_timeout error: Protocol not available (os error 92)
[2026-10-05--22-53-26 WARN hyper_util::client::legacy::connect::http] tcp set_tcp_user_timeout error: Protocol not available (os error 92)
[2026-10-05--22-53-26 WARN hyper_util::client::legacy::connect::http] tcp set_tcp_user_timeout error: Protocol not available (os error 92)
[2026-10-05--22-53-26 WARN hyper_util::client::legacy::connect::http] tcp set_tcp_user_timeout error: Protocol not available (os error 92)
[2026-10-05--22-53-26 WARN hyper_util::client::legacy::connect::http] tcp set_tcp_user_timeout error: Protocol not available (os error 92)
[2026-10-05--22-53-26 WARN hyper_util::client::legacy::connect::http] tcp set_tcp_user_timeout error: Protocol not available (os error 92)
[2026-10-05--22-53-26 WARN hyper_util::client::legacy::connect::http] tcp set_tcp_user_timeout error: Protocol not available (os error 92)
[2026-10-05--22-53-26 WARN hyper_util::client::legacy::connect::http] tcp set_tcp_user_timeout error: Protocol not available (os error 92)
[2026-10-05--22-53-26 WARN hyper_util::client::legacy::connect::http] tcp set_tcp_user_timeout error: Protocol not available (os error 92)
[2026-10-05--22-53-26 WARN hyper_util::client::legacy::connect::http] tcp set_tcp_user_timeout error: Protocol not available (os error 92)
[2026-10-05--22-53-26 WARN hyper_util::client::legacy::connect::http] tcp set_tcp_user_timeout error: Protocol not available (os error 92)
[2026-10-05--22-53-26 WARN hyper_util::client::legacy::connect::http] tcp set_tcp_user_timeout error: Protocol not available (os error 92)
[2026-10-05--22-53-26 WARN hyper_util::client::legacy::connect::http] tcp set_tcp_user_timeout error: Protocol not available (os error 92)
[2026-10-05--22-53-26 WARN hyper_util::client::legacy::connect::http] tcp set_tcp_user_timeout error: Protocol not available (os error 92)
[2026-10-05--22-53-26 WARN hyper_util::client::legacy::connect::http] tcp set_tcp_user_timeout error: Protocol not available (os error 92)
[2026-10-05--22-53-26 WARN hyper_util::client::legacy::connect::http] tcp set_tcp_user_timeout error: Protocol not available (os error 92)
[2026-10-05--22-53-27 WARN hyper_util::client::legacy::connect::http] tcp set_tcp_user_timeout error: Protocol not available (os error 92)
[2026-10-05--22-53-27 WARN hyper_util::client::legacy::connect::http] tcp set_tcp_user_timeout error: Protocol not available (os error 92)
[2026-10-05--22-53-27 WARN hyper_util::client::legacy::connect::http] tcp set_tcp_user_timeout error: Protocol not available (os error 92)
[2026-10-05--22-53-27 WARN hyper_util::client::legacy::connect::http] tcp set_tcp_user_timeout error: Protocol not available (os error 92)
[2026-10-05--22-53-27 WARN hyper_util::client::legacy::connect::http] tcp set_tcp_user_timeout error: Protocol not available (os error 92)
[2026-10-05--22-53-27 WARN hyper_util::client::legacy::connect::http] tcp set_tcp_user_timeout error: Protocol not available (os error 92)
[2026-10-05--22-53-27 WARN hyper_util::client::legacy::connect::http] tcp set_tcp_user_timeout error: Protocol not available (os error 92)
[2026-10-05--22-53-27 WARN hyper_util::client::legacy::connect::http] tcp set_tcp_user_timeout error: Protocol not available (os error 92)
[2026-10-05--22-53-27 WARN hyper_util::client::legacy::connect::http] tcp set_tcp_user_timeout error: Protocol not available (os error 92)
[2026-10-05--22-53-27 WARN hyper_util::client::legacy::connect::http] tcp set_tcp_user_timeout error: Protocol not available (os error 92)
[2026-10-05--22-53-27 WARN hyper_util::client::legacy::connect::http] tcp set_tcp_user_timeout error: Protocol not available (os error 92)
[2026-10-05--22-53-27 WARN hyper_util::client::legacy::connect::http] tcp set_tcp_user_timeout error: Protocol not available (os error 92)
[2026-10-05--22-53-27 WARN hyper_util::client::legacy::connect::http] tcp set_tcp_user_timeout error: Protocol not available (os error 92)
[2026-10-05--22-53-27 WARN hyper_util::client::legacy::connect::http] tcp set_tcp_user_timeout error: Protocol not available (os error 92)
[2026-10-05--22-53-27 WARN hyper_util::client::legacy::connect::http] tcp set_tcp_user_timeout error: Protocol not available (os error 92)
[2026-10-05--22-53-27 WARN hyper_util::client::legacy::connect::http] tcp set_tcp_user_timeout error: Protocol not available (os error 92)
[2026-10-05--22-53-27 WARN hyper_util::client::legacy::connect::http] tcp set_tcp_user_timeout error: Protocol not available (os error 92)
[2026-10-05--22-53-27 WARN hyper_util::client::legacy::connect::http] tcp set_tcp_user_timeout error: Protocol not available (os error 92)
[2026-10-05--22-53-27 WARN hyper_util::client::legacy::connect::http] tcp set_tcp_user_timeout error: Protocol not available (os error 92)
[2026-10-05--22-53-27 WARN hyper_util::client::legacy::connect::http] tcp set_tcp_user_timeout error: Protocol not available (os error 92)
[2026-10-05--22-53-27 WARN hyper_util::client::legacy::connect::http] tcp set_tcp_user_timeout error: Protocol not available (os error 92)
[2026-10-05--22-53-27 WARN hyper_util::client::legacy::connect::http] tcp set_tcp_user_timeout error: Protocol not available (os error 92)
[2026-10-05--22-53-27 WARN hyper_util::client::legacy::connect::http] tcp set_tcp_user_timeout error: Protocol not available (os error 92)
[2026-10-05--22-53-27 WARN hyper_util::client::legacy::connect::http] tcp set_tcp_user_timeout error: Protocol not available (os error 92)
[2026-10-05--22-53-27 WARN hyper_util::client::legacy::connect::http] tcp set_tcp_user_timeout error: Protocol not available (os error 92)
[2026-10-05--22-53-27 WARN hyper_util::client::legacy::connect::http] tcp set_tcp_user_timeout error: Protocol not available (os error 92)
[2026-10-05--22-53-27 WARN hyper_util::client::legacy::connect::http] tcp set_tcp_user_timeout error: Protocol not available (os error 92)
[2026-10-05--22-53-27 WARN hyper_util::client::legacy::connect::http] tcp set_tcp_user_timeout error: Protocol not available (os error 92)
[2026-10-05--22-53-27 WARN hyper_util::client::legacy::connect::http] tcp set_tcp_user_timeout error: Protocol not available (os error 92)
[2026-10-05--22-53-27 WARN hyper_util::client::legacy::connect::http] tcp set_tcp_user_timeout error: Protocol not available (os error 92)
[2026-10-05--22-53-27 WARN hyper_util::client::legacy::connect::http] tcp set_tcp_user_timeout error: Protocol not available (os error 92)
[2026-10-05--22-53-27 WARN hyper_util::client::legacy::connect::http] tcp set_tcp_user_timeout error: Protocol not available (os error 92)
[2026-10-05--22-53-27 WARN hyper_util::client::legacy::connect::http] tcp set_tcp_user_timeout error: Protocol not available (os error 92)
[2026-10-05--22-53-27 WARN hyper_util::client::legacy::connect::http] tcp set_tcp_user_timeout error: Protocol not available (os error 92)
[2026-10-05--22-53-27 WARN hyper_util::client::legacy::connect::http] tcp set_tcp_user_timeout error: Protocol not available (os error 92)
[2026-10-05--22-53-27 WARN hyper_util::client::legacy::connect::http] tcp set_tcp_user_timeout error: Protocol not available (os error 92)
[2026-10-05--22-53-27 WARN hyper_util::client::legacy::connect::http] tcp set_tcp_user_timeout error: Protocol not available (os error 92)
[2026-10-05--22-53-27 WARN hyper_util::client::legacy::connect::http] tcp set_tcp_user_timeout error: Protocol not available (os error 92)
[2026-10-05--22-53-27 WARN hyper_util::client::legacy::connect::http] tcp set_tcp_user_timeout error: Protocol not available (os error 92)
[2026-10-05--22-53-27 WARN hyper_util::client::legacy::connect::http] tcp set_tcp_user_timeout error: Protocol not available (os error 92)
[2026-10-05--22-53-27 WARN hyper_util::client::legacy::connect::http] tcp set_tcp_user_timeout error: Protocol not available (os error 92)
[2026-10-05--22-53-27 WARN hyper_util::client::legacy::connect::http] tcp set_tcp_user_timeout error: Protocol not available (os error 92)
[2026-10-05--22-53-27 WARN hyper_util::client::legacy::connect::http] tcp set_tcp_user_timeout error: Protocol not available (os error 92)
[2026-10-05--22-53-27 WARN hyper_util::client::legacy::connect::http] tcp set_tcp_user_timeout error: Protocol not available (os error 92)
[2026-10-05--22-53-27 WARN hyper_util::client::legacy::connect::http] tcp set_tcp_user_timeout error: Protocol not available (os error 92)
[2026-10-05--22-53-27 WARN hyper_util::client::legacy::connect::http] tcp set_tcp_user_timeout error: Protocol not available (os error 92)
[2026-10-05--22-53-27 WARN hyper_util::client::legacy::connect::http] tcp set_tcp_user_timeout error: Protocol not available (os error 92)
[2026-10-05--22-53-27 WARN hyper_util::client::legacy::connect::http] tcp set_tcp_user_timeout error: Protocol not available (os error 92)
[2026-10-05--22-53-27 WARN hyper_util::client::legacy::connect::http] tcp set_tcp_user_timeout error: Protocol not available (os error 92)
[2026-10-05--22-53-27 WARN hyper_util::client::legacy::connect::http] tcp set_tcp_user_timeout error: Protocol not available (os error 92)
[2026-10-05--22-53-27 WARN hyper_util::client::legacy::connect::http] tcp set_tcp_user_timeout error: Protocol not available (os error 92)
[2026-10-05--22-53-27 WARN hyper_util::client::legacy::connect::http] tcp set_tcp_user_timeout error: Protocol not available (os error 92)
[2026-10-05--22-53-27 WARN hyper_util::client::legacy::connect::http] tcp set_tcp_user_timeout error: Protocol not available (os error 92)
[2026-10-05--22-53-27 WARN hyper_util::client::legacy::connect::http] tcp set_tcp_user_timeout error: Protocol not available (os error 92)
[2026-10-05--22-53-27 WARN hyper_util::client::legacy::connect::http] tcp set_tcp_user_timeout error: Protocol not available (os error 92)
[2026-10-05--22-53-27 WARN hyper_util::client::legacy::connect::http] tcp set_tcp_user_timeout error: Protocol not available (os error 92)
[2026-10-05--22-53-27 WARN hyper_util::client::legacy::connect::http] tcp set_tcp_user_timeout error: Protocol not available (os error 92)
[2026-10-05--22-53-27 WARN hyper_util::client::legacy::connect::http] tcp set_tcp_user_timeout error: Protocol not available (os error 92)
[2026-10-05--22-53-27 WARN hyper_util::client::legacy::connect::http] tcp set_tcp_user_timeout error: Protocol not available (os error 92)
[2026-10-05--22-53-27 WARN hyper_util::client::legacy::connect::http] tcp set_tcp_user_timeout error: Protocol not available (os error 92)
[2026-10-05--22-53-27 WARN hyper_util::client::legacy::connect::http] tcp set_tcp_user_timeout error: Protocol not available (os error 92)
[2026-10-05--22-53-27 WARN hyper_util::client::legacy::connect::http] tcp set_tcp_user_timeout error: Protocol not available (os error 92)
[2026-10-05--22-53-27 WARN hyper_util::client::legacy::connect::http] tcp set_tcp_user_timeout error: Protocol not available (os error 92)
[2026-10-05--22-53-27 WARN hyper_util::client::legacy::connect::http] tcp set_tcp_user_timeout error: Protocol not available (os error 92)
[2026-10-05--22-53-27 WARN hyper_util::client::legacy::connect::http] tcp set_tcp_user_timeout error: Protocol not available (os error 92)
[2026-10-05--22-53-27 WARN hyper_util::client::legacy::connect::http] tcp set_tcp_user_timeout error: Protocol not available (os error 92)
[2026-10-05--22-53-27 WARN hyper_util::client::legacy::connect::http] tcp set_tcp_user_timeout error: Protocol not available (os error 92)
[2026-10-05--22-53-27 WARN hyper_util::client::legacy::connect::http] tcp set_tcp_user_timeout error: Protocol not available (os error 92)
[2026-10-05--22-53-27 WARN hyper_util::client::legacy::connect::http] tcp set_tcp_user_timeout error: Protocol not available (os error 92)
[2026-10-05--22-53-27 WARN hyper_util::client::legacy::connect::http] tcp set_tcp_user_timeout error: Protocol not available (os error 92)
[2026-10-05--22-53-27 WARN hyper_util::client::legacy::connect::http] tcp set_tcp_user_timeout error: Protocol not available (os error 92)
[2026-10-05--22-53-27 WARN hyper_util::client::legacy::connect::http] tcp set_tcp_user_timeout error: Protocol not available (os error 92)
[2026-10-05--22-53-27 WARN hyper_util::client::legacy::connect::http] tcp set_tcp_user_timeout error: Protocol not available (os error 92)
[2026-10-05--22-53-27 WARN hyper_util::client::legacy::connect::http] tcp set_tcp_user_timeout error: Protocol not available (os error 92)
[2026-10-05--22-53-27 WARN hyper_util::client::legacy::connect::http] tcp set_tcp_user_timeout error: Protocol not available (os error 92)
[2026-10-05--22-53-27 WARN hyper_util::client::legacy::connect::http] tcp set_tcp_user_timeout error: Protocol not available (os error 92)
[2026-10-05--22-53-27 WARN hyper_util::client::legacy::connect::http] tcp set_tcp_user_timeout error: Protocol not available (os error 92)
[2026-10-05--22-53-27 WARN hyper_util::client::legacy::connect::http] tcp set_tcp_user_timeout error: Protocol not available (os error 92)
[2026-10-05--22-53-27 WARN hyper_util::client::legacy::connect::http] tcp set_tcp_user_timeout error: Protocol not available (os error 92)
[2026-10-05--22-53-27 WARN hyper_util::client::legacy::connect::http] tcp set_tcp_user_timeout error: Protocol not available (os error 92)
[2026-10-05--22-53-27 WARN hyper_util::client::legacy::connect::http] tcp set_tcp_user_timeout error: Protocol not available (os error 92)
[2026-10-05--22-53-27 WARN hyper_util::client::legacy::connect::http] tcp set_tcp_user_timeout error: Protocol not available (os error 92)
[2026-10-05--22-53-27 WARN hyper_util::client::legacy::connect::http] tcp set_tcp_user_timeout error: Protocol not available (os error 92)
[2026-10-05--22-53-27 WARN hyper_util::client::legacy::connect::http] tcp set_tcp_user_timeout error: Protocol not available (os error 92)
[2026-10-05--22-53-27 WARN hyper_util::client::legacy::connect::http] tcp set_tcp_user_timeout error: Protocol not available (os error 92)
[2026-10-05--22-53-28 WARN hyper_util::client::legacy::connect::http] tcp set_tcp_user_timeout error: Protocol not available (os error 92)
[2026-10-05--22-53-28 WARN hyper_util::client::legacy::connect::http] tcp set_tcp_user_timeout error: Protocol not available (os error 92)
[2026-10-05--22-53-28 WARN hyper_util::client::legacy::connect::http] tcp set_tcp_user_timeout error: Protocol not available (os error 92)
[2026-10-05--22-53-28 WARN hyper_util::client::legacy::connect::http] tcp set_tcp_user_timeout error: Protocol not available (os error 92)
[2026-10-05--22-53-28 WARN hyper_util::client::legacy::connect::http] tcp set_tcp_user_timeout error: Protocol not available (os error 92)
[2026-10-05--22-53-28 WARN hyper_util::client::legacy::connect::http] tcp set_tcp_user_timeout error: Protocol not available (os error 92)
[2026-10-05--22-53-28 WARN hyper_util::client::legacy::connect::http] tcp set_tcp_user_timeout error: Protocol not available (os error 92)
[2026-10-05--22-53-28 WARN hyper_util::client::legacy::connect::http] tcp set_tcp_user_timeout error: Protocol not available (os error 92)
[2026-10-05--22-53-28 WARN hyper_util::client::legacy::connect::http] tcp set_tcp_user_timeout error: Protocol not available (os error 92)
[2026-10-05--22-53-28 WARN hyper_util::client::legacy::connect::http] tcp set_tcp_user_timeout error: Protocol not available (os error 92)
[2026-10-05--22-53-28 WARN hyper_util::client::legacy::connect::http] tcp set_tcp_user_timeout error: Protocol not available (os error 92)
[2026-10-05--22-53-28 WARN hyper_util::client::legacy::connect::http] tcp set_tcp_user_timeout error: Protocol not available (os error 92)
[2026-10-05--22-53-28 WARN hyper_util::client::legacy::connect::http] tcp set_tcp_user_timeout error: Protocol not available (os error 92)
[2026-10-05--22-53-28 WARN hyper_util::client::legacy::connect::http] tcp set_tcp_user_timeout error: Protocol not available (os error 92)
[2026-10-05--22-53-28 WARN hyper_util::client::legacy::connect::http] tcp set_tcp_user_timeout error: Protocol not available (os error 92)
[2026-10-05--22-53-28 WARN hyper_util::client::legacy::connect::http] tcp set_tcp_user_timeout error: Protocol not available (os error 92)
[2026-10-05--22-53-28 WARN hyper_util::client::legacy::connect::http] tcp set_tcp_user_timeout error: Protocol not available (os error 92)
[2026-10-05--22-53-28 WARN hyper_util::client::legacy::connect::http] tcp set_tcp_user_timeout error: Protocol not available (os error 92)
[2026-10-05--22-53-28 WARN hyper_util::client::legacy::connect::http] tcp set_tcp_user_timeout error: Protocol not available (os error 92)
[2026-10-05--22-53-28 WARN hyper_util::client::legacy::connect::http] tcp set_tcp_user_timeout error: Protocol not available (os error 92)
[2026-10-05--22-53-28 WARN hyper_util::client::legacy::connect::http] tcp set_tcp_user_timeout error: Protocol not available (os error 92)
[2026-10-05--22-53-28 WARN hyper_util::client::legacy::connect::http] tcp set_tcp_user_timeout error: Protocol not available (os error 92)
[2026-10-05--22-53-28 WARN hyper_util::client::legacy::connect::http] tcp set_tcp_user_timeout error: Protocol not available (os error 92)
[2026-10-05--22-53-28 WARN hyper_util::client::legacy::connect::http] tcp set_tcp_user_timeout error: Protocol not available (os error 92)
[2026-10-05--22-53-28 WARN hyper_util::client::legacy::connect::http] tcp set_tcp_user_timeout error: Protocol not available (os error 92)
[2026-10-05--22-53-28 WARN hyper_util::client::legacy::connect::http] tcp set_tcp_user_timeout error: Protocol not available (os error 92)
[2026-10-05--22-53-28 WARN hyper_util::client::legacy::connect::http] tcp set_tcp_user_timeout error: Protocol not available (os error 92)
[2026-10-05--22-53-28 WARN hyper_util::client::legacy::connect::http] tcp set_tcp_user_timeout error: Protocol not available (os error 92)
[2026-10-05--22-53-28 WARN hyper_util::client::legacy::connect::http] tcp set_tcp_user_timeout error: Protocol not available (os error 92)
[2026-10-05--22-53-28 WARN hyper_util::client::legacy::connect::http] tcp set_tcp_user_timeout error: Protocol not available (os error 92)
[2026-10-05--22-53-28 WARN hyper_util::client::legacy::connect::http] tcp set_tcp_user_timeout error: Protocol not available (os error 92)
[2026-10-05--22-53-28 WARN hyper_util::client::legacy::connect::http] tcp set_tcp_user_timeout error: Protocol not available (os error 92)
[2026-10-05--22-53-28 WARN hyper_util::client::legacy::connect::http] tcp set_tcp_user_timeout error: Protocol not available (os error 92)
[2026-10-05--22-53-28 WARN hyper_util::client::legacy::connect::http] tcp set_tcp_user_timeout error: Protocol not available (os error 92)
[2026-10-05--22-53-28 WARN hyper_util::client::legacy::connect::http] tcp set_tcp_user_timeout error: Protocol not available (os error 92)
[2026-10-05--22-53-28 WARN hyper_util::client::legacy::connect::http] tcp set_tcp_user_timeout error: Protocol not available (os error 92)
[2026-10-05--22-53-28 WARN hyper_util::client::legacy::connect::http] tcp set_tcp_user_timeout error: Protocol not available (os error 92)
[2026-10-05--22-53-28 WARN hyper_util::client::legacy::connect::http] tcp set_tcp_user_timeout error: Protocol not available (os error 92)
[2026-10-05--22-53-28 WARN hyper_util::client::legacy::connect::http] tcp set_tcp_user_timeout error: Protocol not available (os error 92)
[2026-10-05--22-53-28 WARN hyper_util::client::legacy::connect::http] tcp set_tcp_user_timeout error: Protocol not available (os error 92)
[2026-10-05--22-53-28 WARN hyper_util::client::legacy::connect::http] tcp set_tcp_user_timeout error: Protocol not available (os error 92)
[2026-10-05--22-53-28 WARN hyper_util::client::legacy::connect::http] tcp set_tcp_user_timeout error: Protocol not available (os error 92)
[2026-10-05--22-53-28 WARN hyper_util::client::legacy::connect::http] tcp set_tcp_user_timeout error: Protocol not available (os error 92)
[2026-10-05--22-53-28 WARN hyper_util::client::legacy::connect::http] tcp set_tcp_user_timeout error: Protocol not available (os error 92)
[2026-10-05--22-53-28 WARN hyper_util::client::legacy::connect::http] tcp set_tcp_user_timeout error: Protocol not available (os error 92)
[2026-10-05--22-53-28 WARN hyper_util::client::legacy::connect::http] tcp set_tcp_user_timeout error: Protocol not available (os error 92)
[2026-10-05--22-53-28 WARN hyper_util::client::legacy::connect::http] tcp set_tcp_user_timeout error: Protocol not available (os error 92)
[2026-10-05--22-53-28 WARN hyper_util::client::legacy::connect::http] tcp set_tcp_user_timeout error: Protocol not available (os error 92)
[2026-10-05--22-53-28 WARN hyper_util::client::legacy::connect::http] tcp set_tcp_user_timeout error: Protocol not available (os error 92)
[2026-10-05--22-53-28 WARN hyper_util::client::legacy::connect::http] tcp set_tcp_user_timeout error: Protocol not available (os error 92)
[2026-10-05--22-53-28 WARN hyper_util::client::legacy::connect::http] tcp set_tcp_user_timeout error: Protocol not available (os error 92)
[2026-10-05--22-53-28 WARN hyper_util::client::legacy::connect::http] tcp set_tcp_user_timeout error: Protocol not available (os error 92)
[2026-10-05--22-53-28 WARN hyper_util::client::legacy::connect::http] tcp set_tcp_user_timeout error: Protocol not available (os error 92)
[2026-10-05--22-53-28 WARN hyper_util::client::legacy::connect::http] tcp set_tcp_user_timeout error: Protocol not available (os error 92)
[2026-10-05--22-53-28 WARN hyper_util::client::legacy::connect::http] tcp set_tcp_user_timeout error: Protocol not available (os error 92)
[2026-10-05--22-53-28 WARN hyper_util::client::legacy::connect::http] tcp set_tcp_user_timeout error: Protocol not available (os error 92)
[2026-10-05--22-53-28 WARN hyper_util::client::legacy::connect::http] tcp set_tcp_user_timeout error: Protocol not available (os error 92)
[2026-10-05--22-53-28 WARN hyper_util::client::legacy::connect::http] tcp set_tcp_user_timeout error: Protocol not available (os error 92)
[2026-10-05--22-53-28 WARN hyper_util::client::legacy::connect::http] tcp set_tcp_user_timeout error: Protocol not available (os error 92)
[2026-10-05--22-53-28 WARN hyper_util::client::legacy::connect::http] tcp set_tcp_user_timeout error: Protocol not available (os error 92)
[2026-10-05--22-53-28 WARN hyper_util::client::legacy::connect::http] tcp set_tcp_user_timeout error: Protocol not available (os error 92)
[2026-10-05--22-53-28 WARN hyper_util::client::legacy::connect::http] tcp set_tcp_user_timeout error: Protocol not available (os error 92)
[2026-10-05--22-53-28 WARN hyper_util::client::legacy::connect::http] tcp set_tcp_user_timeout error: Protocol not available (os error 92)
[2026-10-05--22-53-28 WARN hyper_util::client::legacy::connect::http] tcp set_tcp_user_timeout error: Protocol not available (os error 92)
[2026-10-05--22-53-28 WARN hyper_util::client::legacy::connect::http] tcp set_tcp_user_timeout error: Protocol not available (os error 92)
[2026-10-05--22-53-28 WARN hyper_util::client::legacy::connect::http] tcp set_tcp_user_timeout error: Protocol not available (os error 92)
[2026-10-05--22-53-28 WARN hyper_util::client::legacy::connect::http] tcp set_tcp_user_timeout error: Protocol not available (os error 92)
[2026-10-05--22-53-28 WARN hyper_util::client::legacy::connect::http] tcp set_tcp_user_timeout error: Protocol not available (os error 92)
[2026-10-05--22-53-28 WARN hyper_util::client::legacy::connect::http] tcp set_tcp_user_timeout error: Protocol not available (os error 92)
[2026-10-05--22-53-28 WARN hyper_util::client::legacy::connect::http] tcp set_tcp_user_timeout error: Protocol not available (os error 92)
[2026-10-05--22-53-28 WARN hyper_util::client::legacy::connect::http] tcp set_tcp_user_timeout error: Protocol not available (os error 92)
[2026-10-05--22-53-28 WARN hyper_util::client::legacy::connect::http] tcp set_tcp_user_timeout error: Protocol not available (os error 92)
[2026-10-05--22-53-28 WARN hyper_util::client::legacy::connect::http] tcp set_tcp_user_timeout error: Protocol not available (os error 92)
[2026-10-05--22-53-28 WARN hyper_util::client::legacy::connect::http] tcp set_tcp_user_timeout error: Protocol not available (os error 92)
[2026-10-05--22-53-28 WARN hyper_util::client::legacy::connect::http] tcp set_tcp_user_timeout error: Protocol not available (os error 92)
[2026-10-05--22-53-28 WARN hyper_util::client::legacy::connect::http] tcp set_tcp_user_timeout error: Protocol not available (os error 92)
[2026-10-05--22-53-28 WARN hyper_util::client::legacy::connect::http] tcp set_tcp_user_timeout error: Protocol not available (os error 92)
[2026-10-05--22-53-28 WARN hyper_util::client::legacy::connect::http] tcp set_tcp_user_timeout error: Protocol not available (os error 92)
[2026-10-05--22-53-28 WARN hyper_util::client::legacy::connect::http] tcp set_tcp_user_timeout error: Protocol not available (os error 92)
[2026-10-05--22-53-28 WARN hyper_util::client::legacy::connect::http] tcp set_tcp_user_timeout error: Protocol not available (os error 92)
[2026-10-05--22-53-28 WARN hyper_util::client::legacy::connect::http] tcp set_tcp_user_timeout error: Protocol not available (os error 92)
[2026-10-05--22-53-28 WARN hyper_util::client::legacy::connect::http] tcp set_tcp_user_timeout error: Protocol not available (os error 92)
[2026-10-05--22-53-28 WARN hyper_util::client::legacy::connect::http] tcp set_tcp_user_timeout error: Protocol not available (os error 92)
[2026-10-05--22-53-28 WARN hyper_util::client::legacy::connect::http] tcp set_tcp_user_timeout error: Protocol not available (os error 92)
[2026-10-05--22-53-28 WARN hyper_util::client::legacy::connect::http] tcp set_tcp_user_timeout error: Protocol not available (os error 92)
[2026-10-05--22-53-28 WARN hyper_util::client::legacy::connect::http] tcp set_tcp_user_timeout error: Protocol not available (os error 92)
[2026-10-05--22-53-28 WARN hyper_util::client::legacy::connect::http] tcp set_tcp_user_timeout error: Protocol not available (os error 92)
[2026-10-05--22-53-28 WARN hyper_util::client::legacy::connect::http] tcp set_tcp_user_timeout error: Protocol not available (os error 92)
[2026-10-05--22-53-28 WARN hyper_util::client::legacy::connect::http] tcp set_tcp_user_timeout error: Protocol not available (os error 92)
[2026-10-05--22-53-28 WARN hyper_util::client::legacy::connect::http] tcp set_tcp_user_timeout error: Protocol not available (os error 92)
[2026-10-05--22-53-28 WARN hyper_util::client::legacy::connect::http] tcp set_tcp_user_timeout error: Protocol not available (os error 92)
[2026-10-05--22-53-28 WARN hyper_util::client::legacy::connect::http] tcp set_tcp_user_timeout error: Protocol not available (os error 92)
[2026-10-05--22-53-28 WARN hyper_util::client::legacy::connect::http] tcp set_tcp_user_timeout error: Protocol not available (os error 92)
[2026-10-05--22-53-28 WARN hyper_util::client::legacy::connect::http] tcp set_tcp_user_timeout error: Protocol not available (os error 92)
[2026-10-05--22-53-28 WARN hyper_util::client::legacy::connect::http] tcp set_tcp_user_timeout error: Protocol not available (os error 92)
[2026-10-05--22-53-28 WARN hyper_util::client::legacy::connect::http] tcp set_tcp_user_timeout error: Protocol not available (os error 92)
[2026-10-05--22-53-28 WARN hyper_util::client::legacy::connect::http] tcp set_tcp_user_timeout error: Protocol not available (os error 92)
[2026-10-05--22-53-28 WARN hyper_util::client::legacy::connect::http] tcp set_tcp_user_timeout error: Protocol not available (os error 92)
[2026-10-05--22-53-28 WARN hyper_util::client::legacy::connect::http] tcp set_tcp_user_timeout error: Protocol not available (os error 92)
[2026-10-05--22-53-29 WARN hyper_util::client::legacy::connect::http] tcp set_tcp_user_timeout error: Protocol not available (os error 92)
[2026-10-05--22-53-29 WARN hyper_util::client::legacy::connect::http] tcp set_tcp_user_timeout error: Protocol not available (os error 92)
[2026-10-05--22-53-29 WARN hyper_util::client::legacy::connect::http] tcp set_tcp_user_timeout error: Protocol not available (os error 92)
[2026-10-05--22-53-29 WARN hyper_util::client::legacy::connect::http] tcp set_tcp_user_timeout error: Protocol not available (os error 92)
[2026-10-05--22-53-29 WARN hyper_util::client::legacy::connect::http] tcp set_tcp_user_timeout error: Protocol not available (os error 92)
[2026-10-05--22-53-29 WARN hyper_util::client::legacy::connect::http] tcp set_tcp_user_timeout error: Protocol not available (os error 92)
[2026-10-05--22-53-29 WARN hyper_util::client::legacy::connect::http] tcp set_tcp_user_timeout error: Protocol not available (os error 92)
[2026-10-05--22-53-29 WARN hyper_util::client::legacy::connect::http] tcp set_tcp_user_timeout error: Protocol not available (os error 92)
[2026-10-05--22-53-29 WARN hyper_util::client::legacy::connect::http] tcp set_tcp_user_timeout error: Protocol not available (os error 92)
[2026-10-05--22-53-29 WARN hyper_util::client::legacy::connect::http] tcp set_tcp_user_timeout error: Protocol not available (os error 92)
[2026-10-05--22-53-29 WARN hyper_util::client::legacy::connect::http] tcp set_tcp_user_timeout error: Protocol not available (os error 92)
[2026-10-05--22-53-29 WARN hyper_util::client::legacy::connect::http] tcp set_tcp_user_timeout error: Protocol not available (os error 92)
[2026-10-05--22-53-29 WARN hyper_util::client::legacy::connect::http] tcp set_tcp_user_timeout error: Protocol not available (os error 92)
[2026-10-05--22-53-29 WARN hyper_util::client::legacy::connect::http] tcp set_tcp_user_timeout error: Protocol not available (os error 92)
[2026-10-05--22-53-29 WARN hyper_util::client::legacy::connect::http] tcp set_tcp_user_timeout error: Protocol not available (os error 92)
[2026-10-05--22-53-29 WARN hyper_util::client::legacy::connect::http] tcp set_tcp_user_timeout error: Protocol not available (os error 92)
[2026-10-05--22-53-29 WARN hyper_util::client::legacy::connect::http] tcp set_tcp_user_timeout error: Protocol not available (os error 92)
[2026-10-05--22-53-29 WARN hyper_util::client::legacy::connect::http] tcp set_tcp_user_timeout error: Protocol not available (os error 92)
[2026-10-05--22-53-29 WARN hyper_util::client::legacy::connect::http] tcp set_tcp_user_timeout error: Protocol not available (os error 92)
[2026-10-05--22-53-29 WARN hyper_util::client::legacy::connect::http] tcp set_tcp_user_timeout error: Protocol not available (os error 92)
[2026-10-05--22-53-29 WARN hyper_util::client::legacy::connect::http] tcp set_tcp_user_timeout error: Protocol not available (os error 92)
[2026-10-05--22-53-29 WARN hyper_util::client::legacy::connect::http] tcp set_tcp_user_timeout error: Protocol not available (os error 92)
[2026-10-05--22-53-29 WARN hyper_util::client::legacy::connect::http] tcp set_tcp_user_timeout error: Protocol not available (os error 92)
[2026-10-05--22-53-29 WARN hyper_util::client::legacy::connect::http] tcp set_tcp_user_timeout error: Protocol not available (os error 92)
[2026-10-05--22-53-29 WARN hyper_util::client::legacy::connect::http] tcp set_tcp_user_timeout error: Protocol not available (os error 92)
[2026-10-05--22-53-29 WARN hyper_util::client::legacy::connect::http] tcp set_tcp_user_timeout error: Protocol not available (os error 92)
[2026-10-05--22-53-29 WARN hyper_util::client::legacy::connect::http] tcp set_tcp_user_timeout error: Protocol not available (os error 92)
[2026-10-05--22-53-29 WARN hyper_util::client::legacy::connect::http] tcp set_tcp_user_timeout error: Protocol not available (os error 92)
[2026-10-05--22-53-29 WARN hyper_util::client::legacy::connect::http] tcp set_tcp_user_timeout error: Protocol not available (os error 92)
[2026-10-05--22-53-29 WARN hyper_util::client::legacy::connect::http] tcp set_tcp_user_timeout error: Protocol not available (os error 92)
[2026-10-05--22-53-29 WARN hyper_util::client::legacy::connect::http] tcp set_tcp_user_timeout error: Protocol not available (os error 92)
[2026-10-05--22-53-29 WARN hyper_util::client::legacy::connect::http] tcp set_tcp_user_timeout error: Protocol not available (os error 92)
[2026-10-05--22-53-29 WARN hyper_util::client::legacy::connect::http] tcp set_tcp_user_timeout error: Protocol not available (os error 92)
[2026-10-05--22-53-29 WARN hyper_util::client::legacy::connect::http] tcp set_tcp_user_timeout error: Protocol not available (os error 92)
[2026-10-05--22-53-29 WARN hyper_util::client::legacy::connect::http] tcp set_tcp_user_timeout error: Protocol not available (os error 92)
[2026-10-05--22-53-29 WARN hyper_util::client::legacy::connect::http] tcp set_tcp_user_timeout error: Protocol not available (os error 92)
[2026-10-05--22-53-29 WARN hyper_util::client::legacy::connect::http] tcp set_tcp_user_timeout error: Protocol not available (os error 92)
[2026-10-05--22-53-29 WARN hyper_util::client::legacy::connect::http] tcp set_tcp_user_timeout error: Protocol not available (os error 92)
[2026-10-05--22-53-29 WARN hyper_util::client::legacy::connect::http] tcp set_tcp_user_timeout error: Protocol not available (os error 92)
[2026-10-05--22-53-29 WARN hyper_util::client::legacy::connect::http] tcp set_tcp_user_timeout error: Protocol not available (os error 92)
[2026-10-05--22-53-29 WARN hyper_util::client::legacy::connect::http] tcp set_tcp_user_timeout error: Protocol not available (os error 92)
[2026-10-05--22-53-29 WARN hyper_util::client::legacy::connect::http] tcp set_tcp_user_timeout error: Protocol not available (os error 92)
[2026-10-05--22-53-29 WARN hyper_util::client::legacy::connect::http] tcp set_tcp_user_timeout error: Protocol not available (os error 92)
[2026-10-05--22-53-29 WARN hyper_util::client::legacy::connect::http] tcp set_tcp_user_timeout error: Protocol not available (os error 92)
[2026-10-05--22-53-29 WARN hyper_util::client::legacy::connect::http] tcp set_tcp_user_timeout error: Protocol not available (os error 92)
[2026-10-05--22-53-29 WARN hyper_util::client::legacy::connect::http] tcp set_tcp_user_timeout error: Protocol not available (os error 92)
[2026-10-05--22-53-29 WARN hyper_util::client::legacy::connect::http] tcp set_tcp_user_timeout error: Protocol not available (os error 92)
[2026-10-05--22-53-29 WARN hyper_util::client::legacy::connect::http] tcp set_tcp_user_timeout error: Protocol not available (os error 92)
[2026-10-05--22-53-29 WARN hyper_util::client::legacy::connect::http] tcp set_tcp_user_timeout error: Protocol not available (os error 92)
[2026-10-05--22-53-29 WARN hyper_util::client::legacy::connect::http] tcp set_tcp_user_timeout error: Protocol not available (os error 92)
[2026-10-05--22-53-29 WARN hyper_util::client::legacy::connect::http] tcp set_tcp_user_timeout error: Protocol not available (os error 92)
[2026-10-05--22-53-29 WARN hyper_util::client::legacy::connect::http] tcp set_tcp_user_timeout error: Protocol not available (os error 92)
[2026-10-05--22-53-29 WARN hyper_util::client::legacy::connect::http] tcp set_tcp_user_timeout error: Protocol not available (os error 92)
[2026-10-05--22-53-29 WARN hyper_util::client::legacy::connect::http] tcp set_tcp_user_timeout error: Protocol not available (os error 92)
[2026-10-05--22-53-29 WARN hyper_util::client::legacy::connect::http] tcp set_tcp_user_timeout error: Protocol not available (os error 92)
[2026-10-05--22-53-29 WARN hyper_util::client::legacy::connect::http] tcp set_tcp_user_timeout error: Protocol not available (os error 92)
[2026-10-05--22-53-29 WARN hyper_util::client::legacy::connect::http] tcp set_tcp_user_timeout error: Protocol not available (os error 92)
[2026-10-05--22-53-29 WARN hyper_util::client::legacy::connect::http] tcp set_tcp_user_timeout error: Protocol not available (os error 92)
[2026-10-05--22-53-29 WARN hyper_util::client::legacy::connect::http] tcp set_tcp_user_timeout error: Protocol not available (os error 92)
[2026-10-05--22-53-29 WARN hyper_util::client::legacy::connect::http] tcp set_tcp_user_timeout error: Protocol not available (os error 92)
[2026-10-05--22-53-29 WARN hyper_util::client::legacy::connect::http] tcp set_tcp_user_timeout error: Protocol not available (os error 92)
[2026-10-05--22-53-29 WARN hyper_util::client::legacy::connect::http] tcp set_tcp_user_timeout error: Protocol not available (os error 92)
[2026-10-05--22-53-29 WARN hyper_util::client::legacy::connect::http] tcp set_tcp_user_timeout error: Protocol not available (os error 92)
[2026-10-05--22-53-29 WARN hyper_util::client::legacy::connect::http] tcp set_tcp_user_timeout error: Protocol not available (os error 92)
[2026-10-05--22-53-29 WARN hyper_util::client::legacy::connect::http] tcp set_tcp_user_timeout error: Protocol not available (os error 92)
[2026-10-05--22-53-29 WARN hyper_util::client::legacy::connect::http] tcp set_tcp_user_timeout error: Protocol not available (os error 92)
[2026-10-05--22-53-29 WARN hyper_util::client::legacy::connect::http] tcp set_tcp_user_timeout error: Protocol not available (os error 92)
[2026-10-05--22-53-29 WARN hyper_util::client::legacy::connect::http] tcp set_tcp_user_timeout error: Protocol not available (os error 92)
[2026-10-05--22-53-29 WARN hyper_util::client::legacy::connect::http] tcp set_tcp_user_timeout error: Protocol not available (os error 92)
[2026-10-05--22-53-29 WARN hyper_util::client::legacy::connect::http] tcp set_tcp_user_timeout error: Protocol not available (os error 92)
[2026-10-05--22-53-29 WARN hyper_util::client::legacy::connect::http] tcp set_tcp_user_timeout error: Protocol not available (os error 92)
[2026-10-05--22-53-29 WARN hyper_util::client::legacy::connect::http] tcp set_tcp_user_timeout error: Protocol not available (os error 92)
[2026-10-05--22-53-29 WARN hyper_util::client::legacy::connect::http] tcp set_tcp_user_timeout error: Protocol not available (os error 92)
[2026-10-05--22-53-29 WARN hyper_util::client::legacy::connect::http] tcp set_tcp_user_timeout error: Protocol not available (os error 92)
[2026-10-05--22-53-29 WARN hyper_util::client::legacy::connect::http] tcp set_tcp_user_timeout error: Protocol not available (os error 92)
[2026-10-05--22-53-29 WARN hyper_util::client::legacy::connect::http] tcp set_tcp_user_timeout error: Protocol not available (os error 92)
[2026-10-05--22-53-29 WARN hyper_util::client::legacy::connect::http] tcp set_tcp_user_timeout error: Protocol not available (os error 92)
[2026-10-05--22-53-29 WARN hyper_util::client::legacy::connect::http] tcp set_tcp_user_timeout error: Protocol not available (os error 92)
[2026-10-05--22-53-29 WARN hyper_util::client::legacy::connect::http] tcp set_tcp_user_timeout error: Protocol not available (os error 92)
[2026-10-05--22-53-29 WARN hyper_util::client::legacy::connect::http] tcp set_tcp_user_timeout error: Protocol not available (os error 92)
[2026-10-05--22-53-29 WARN hyper_util::client::legacy::connect::http] tcp set_tcp_user_timeout error: Protocol not available (os error 92)
[2026-10-05--22-53-29 WARN hyper_util::client::legacy::connect::http] tcp set_tcp_user_timeout error: Protocol not available (os error 92)
[2026-10-05--22-53-29 WARN hyper_util::client::legacy::connect::http] tcp set_tcp_user_timeout error: Protocol not available (os error 92)
[2026-10-05--22-53-29 WARN hyper_util::client::legacy::connect::http] tcp set_tcp_user_timeout error: Protocol not available (os error 92)
[2026-10-05--22-53-29 WARN hyper_util::client::legacy::connect::http] tcp set_tcp_user_timeout error: Protocol not available (os error 92)
[2026-10-05--22-53-29 WARN hyper_util::client::legacy::connect::http] tcp set_tcp_user_timeout error: Protocol not available (os error 92)
[2026-10-05--22-53-29 WARN hyper_util::client::legacy::connect::http] tcp set_tcp_user_timeout error: Protocol not available (os error 92)
[2026-10-05--22-53-29 WARN hyper_util::client::legacy::connect::http] tcp set_tcp_user_timeout error: Protocol not available (os error 92)
[2026-10-05--22-53-29 WARN hyper_util::client::legacy::connect::http] tcp set_tcp_user_timeout error: Protocol not available (os error 92)
[2026-10-05--22-53-29 WARN hyper_util::client::legacy::connect::http] tcp set_tcp_user_timeout error: Protocol not available (os error 92)
[2026-10-05--22-53-29 WARN hyper_util::client::legacy::connect::http] tcp set_tcp_user_timeout error: Protocol not available (os error 92)
[2026-10-05--22-53-29 WARN hyper_util::client::legacy::connect::http] tcp set_tcp_user_timeout error: Protocol not available (os error 92)
[2026-10-05--22-53-29 WARN hyper_util::client::legacy::connect::http] tcp set_tcp_user_timeout error: Protocol not available (os error 92)
[2026-10-05--22-53-29 WARN hyper_util::client::legacy::connect::http] tcp set_tcp_user_timeout error: Protocol not available (os error 92)
[2026-10-05--22-53-29 WARN hyper_util::client::legacy::connect::http] tcp set_tcp_user_timeout error: Protocol not available (os error 92)
[2026-10-05--22-53-29 WARN hyper_util::client::legacy::connect::http] tcp set_tcp_user_timeout error: Protocol not available (os error 92)
[2026-10-05--22-53-29 WARN hyper_util::client::legacy::connect::http] tcp set_tcp_user_timeout error: Protocol not available (os error 92)
[2026-10-05--22-53-29 WARN hyper_util::client::legacy::connect::http] tcp set_tcp_user_timeout error: Protocol not available (os error 92)
[2026-10-05--22-53-29 WARN hyper_util::client::legacy::connect::http] tcp set_tcp_user_timeout error: Protocol not available (os error 92)
[2026-10-05--22-53-29 WARN hyper_util::client::legacy::connect::http] tcp set_tcp_user_timeout error: Protocol not available (os error 92)
[2026-10-05--22-53-29 WARN hyper_util::client::legacy::connect::http] tcp set_tcp_user_timeout error: Protocol not available (os error 92)
[2026-10-05--22-53-29 WARN hyper_util::client::legacy::connect::http] tcp set_tcp_user_timeout error: Protocol not available (os error 92)
[2026-10-05--22-53-29 WARN hyper_util::client::legacy::connect::http] tcp set_tcp_user_timeout error: Protocol not available (os error 92)
[2026-10-05--22-53-29 WARN hyper_util::client::legacy::connect::http] tcp set_tcp_user_timeout error: Protocol not available (os error 92)
[2026-10-05--22-53-29 WARN hyper_util::client::legacy::connect::http] tcp set_tcp_user_timeout error: Protocol not available (os error 92)
[2026-10-05--22-53-29 WARN hyper_util::client::legacy::connect::http] tcp set_tcp_user_timeout error: Protocol not available (os error 92)
[2026-10-05--22-53-30 WARN hyper_util::client::legacy::connect::http] tcp set_tcp_user_timeout error: Protocol not available (os error 92)
[2026-10-05--22-53-30 WARN hyper_util::client::legacy::connect::http] tcp set_tcp_user_timeout error: Protocol not available (os error 92)
[2026-10-05--22-53-30 WARN hyper_util::client::legacy::connect::http] tcp set_tcp_user_timeout error: Protocol not available (os error 92)
[2026-10-05--22-53-30 WARN hyper_util::client::legacy::connect::http] tcp set_tcp_user_timeout error: Protocol not available (os error 92)
[2026-10-05--22-53-30 WARN hyper_util::client::legacy::connect::http] tcp set_tcp_user_timeout error: Protocol not available (os error 92)
[2026-10-05--22-53-30 WARN hyper_util::client::legacy::connect::http] tcp set_tcp_user_timeout error: Protocol not available (os error 92)
[2026-10-05--22-53-30 WARN hyper_util::client::legacy::connect::http] tcp set_tcp_user_timeout error: Protocol not available (os error 92)
[2026-10-05--22-53-30 WARN hyper_util::client::legacy::connect::http] tcp set_tcp_user_timeout error: Protocol not available (os error 92)
[2026-10-05--22-53-30 WARN hyper_util::client::legacy::connect::http] tcp set_tcp_user_timeout error: Protocol not available (os error 92)
[2026-10-05--22-53-30 WARN hyper_util::client::legacy::connect::http] tcp set_tcp_user_timeout error: Protocol not available (os error 92)
[2026-10-05--22-53-30 WARN hyper_util::client::legacy::connect::http] tcp set_tcp_user_timeout error: Protocol not available (os error 92)
[2026-10-05--22-53-30 WARN hyper_util::client::legacy::connect::http] tcp set_tcp_user_timeout error: Protocol not available (os error 92)
[2026-10-05--22-53-30 WARN hyper_util::client::legacy::connect::http] tcp set_tcp_user_timeout error: Protocol not available (os error 92)
[2026-10-05--22-53-30 WARN hyper_util::client::legacy::connect::http] tcp set_tcp_user_timeout error: Protocol not available (os error 92)
[2026-10-05--22-53-30 WARN hyper_util::client::legacy::connect::http] tcp set_tcp_user_timeout error: Protocol not available (os error 92)
[2026-10-05--22-53-30 WARN hyper_util::client::legacy::connect::http] tcp set_tcp_user_timeout error: Protocol not available (os error 92)
[2026-10-05--22-53-30 WARN hyper_util::client::legacy::connect::http] tcp set_tcp_user_timeout error: Protocol not available (os error 92)
[2026-10-05--22-53-30 WARN hyper_util::client::legacy::connect::http] tcp set_tcp_user_timeout error: Protocol not available (os error 92)
[2026-10-05--22-53-30 WARN hyper_util::client::legacy::connect::http] tcp set_tcp_user_timeout error: Protocol not available (os error 92)
[2026-10-05--22-53-30 WARN hyper_util::client::legacy::connect::http] tcp set_tcp_user_timeout error: Protocol not available (os error 92)
[2026-10-05--22-53-30 WARN hyper_util::client::legacy::connect::http] tcp set_tcp_user_timeout error: Protocol not available (os error 92)
[2026-10-05--22-53-30 WARN hyper_util::client::legacy::connect::http] tcp set_tcp_user_timeout error: Protocol not available (os error 92)
[2026-10-05--22-53-30 WARN hyper_util::client::legacy::connect::http] tcp set_tcp_user_timeout error: Protocol not available (os error 92)
[2026-10-05--22-53-30 WARN hyper_util::client::legacy::connect::http] tcp set_tcp_user_timeout error: Protocol not available (os error 92)
[2026-10-05--22-53-30 WARN hyper_util::client::legacy::connect::http] tcp set_tcp_user_timeout error: Protocol not available (os error 92)
[2026-10-05--22-53-30 WARN hyper_util::client::legacy::connect::http] tcp set_tcp_user_timeout error: Protocol not available (os error 92)
[2026-10-05--22-53-30 WARN hyper_util::client::legacy::connect::http] tcp set_tcp_user_timeout error: Protocol not available (os error 92)
[2026-10-05--22-53-30 WARN hyper_util::client::legacy::connect::http] tcp set_tcp_user_timeout error: Protocol not available (os error 92)
[2026-10-05--22-53-30 WARN hyper_util::client::legacy::connect::http] tcp set_tcp_user_timeout error: Protocol not available (os error 92)
[2026-10-05--22-53-30 WARN hyper_util::client::legacy::connect::http] tcp set_tcp_user_timeout error: Protocol not available (os error 92)
[2026-10-05--22-53-30 WARN hyper_util::client::legacy::connect::http] tcp set_tcp_user_timeout error: Protocol not available (os error 92)
[2026-10-05--22-53-30 WARN hyper_util::client::legacy::connect::http] tcp set_tcp_user_timeout error: Protocol not available (os error 92)
[2026-10-05--22-53-30 WARN hyper_util::client::legacy::connect::http] tcp set_tcp_user_timeout error: Protocol not available (os error 92)
[2026-10-05--22-53-30 WARN hyper_util::client::legacy::connect::http] tcp set_tcp_user_timeout error: Protocol not available (os error 92)
[2026-10-05--22-53-30 WARN hyper_util::client::legacy::connect::http] tcp set_tcp_user_timeout error: Protocol not available (os error 92)
[2026-10-05--22-53-30 WARN hyper_util::client::legacy::connect::http] tcp set_tcp_user_timeout error: Protocol not available (os error 92)
[2026-10-05--22-53-30 WARN hyper_util::client::legacy::connect::http] tcp set_tcp_user_timeout error: Protocol not available (os error 92)
[2026-10-05--22-53-30 WARN hyper_util::client::legacy::connect::http] tcp set_tcp_user_timeout error: Protocol not available (os error 92)
[2026-10-05--22-53-30 WARN hyper_util::client::legacy::connect::http] tcp set_tcp_user_timeout error: Protocol not available (os error 92)
[2026-10-05--22-53-30 WARN hyper_util::client::legacy::connect::http] tcp set_tcp_user_timeout error: Protocol not available (os error 92)
[2026-10-05--22-53-30 WARN hyper_util::client::legacy::connect::http] tcp set_tcp_user_timeout error: Protocol not available (os error 92)
[2026-10-05--22-53-30 WARN hyper_util::client::legacy::connect::http] tcp set_tcp_user_timeout error: Protocol not available (os error 92)
[2026-10-05--22-53-30 WARN hyper_util::client::legacy::connect::http] tcp set_tcp_user_timeout error: Protocol not available (os error 92)
[2026-10-05--22-53-30 WARN hyper_util::client::legacy::connect::http] tcp set_tcp_user_timeout error: Protocol not available (os error 92)
[2026-10-05--22-53-30 WARN hyper_util::client::legacy::connect::http] tcp set_tcp_user_timeout error: Protocol not available (os error 92)
[2026-10-05--22-53-30 WARN hyper_util::client::legacy::connect::http] tcp set_tcp_user_timeout error: Protocol not available (os error 92)
[2026-10-05--22-53-30 WARN hyper_util::client::legacy::connect::http] tcp set_tcp_user_timeout error: Protocol not available (os error 92)
[2026-10-05--22-53-30 WARN hyper_util::client::legacy::connect::http] tcp set_tcp_user_timeout error: Protocol not available (os error 92)
[2026-10-05--22-53-30 WARN hyper_util::client::legacy::connect::http] tcp set_tcp_user_timeout error: Protocol not available (os error 92)
[2026-10-05--22-53-30 WARN hyper_util::client::legacy::connect::http] tcp set_tcp_user_timeout error: Protocol not available (os error 92)
[2026-10-05--22-53-30 WARN hyper_util::client::legacy::connect::http] tcp set_tcp_user_timeout error: Protocol not available (os error 92)
[2026-10-05--22-53-30 WARN hyper_util::client::legacy::connect::http] tcp set_tcp_user_timeout error: Protocol not available (os error 92)
[2026-10-05--22-53-30 WARN hyper_util::client::legacy::connect::http] tcp set_tcp_user_timeout error: Protocol not available (os error 92)
[2026-10-05--22-53-30 WARN hyper_util::client::legacy::connect::http] tcp set_tcp_user_timeout error: Protocol not available (os error 92)
[2026-10-05--22-53-30 WARN hyper_util::client::legacy::connect::http] tcp set_tcp_user_timeout error: Protocol not available (os error 92)
[2026-10-05--22-53-30 WARN hyper_util::client::legacy::connect::http] tcp set_tcp_user_timeout error: Protocol not available (os error 92)
[2026-10-05--22-53-30 WARN hyper_util::client::legacy::connect::http] tcp set_tcp_user_timeout error: Protocol not available (os error 92)
[2026-10-05--22-53-30 WARN hyper_util::client::legacy::connect::http] tcp set_tcp_user_timeout error: Protocol not available (os error 92)
[2026-10-05--22-53-30 WARN hyper_util::client::legacy::connect::http] tcp set_tcp_user_timeout error: Protocol not available (os error 92)
[2026-10-05--22-53-30 WARN hyper_util::client::legacy::connect::http] tcp set_tcp_user_timeout error: Protocol not available (os error 92)
[2026-10-05--22-53-30 WARN hyper_util::client::legacy::connect::http] tcp set_tcp_user_timeout error: Protocol not available (os error 92)
[2026-10-05--22-53-30 WARN hyper_util::client::legacy::connect::http] tcp set_tcp_user_timeout error: Protocol not available (os error 92)
[2026-10-05--22-53-30 WARN hyper_util::client::legacy::connect::http] tcp set_tcp_user_timeout error: Protocol not available (os error 92)
[2026-10-05--22-53-30 WARN hyper_util::client::legacy::connect::http] tcp set_tcp_user_timeout error: Protocol not available (os error 92)
[2026-10-05--22-53-30 WARN hyper_util::client::legacy::connect::http] tcp set_tcp_user_timeout error: Protocol not available (os error 92)
[2026-10-05--22-53-30 WARN hyper_util::client::legacy::connect::http] tcp set_tcp_user_timeout error: Protocol not available (os error 92)
[2026-10-05--22-53-30 WARN hyper_util::client::legacy::connect::http] tcp set_tcp_user_timeout error: Protocol not available (os error 92)
[2026-10-05--22-53-30 WARN hyper_util::client::legacy::connect::http] tcp set_tcp_user_timeout error: Protocol not available (os error 92)
[2026-10-05--22-53-30 WARN hyper_util::client::legacy::connect::http] tcp set_tcp_user_timeout error: Protocol not available (os error 92)
[2026-10-05--22-53-30 WARN hyper_util::client::legacy::connect::http] tcp set_tcp_user_timeout error: Protocol not available (os error 92)
[2026-10-05--22-53-30 WARN hyper_util::client::legacy::connect::http] tcp set_tcp_user_timeout error: Protocol not available (os error 92)
[2026-10-05--22-53-30 WARN hyper_util::client::legacy::connect::http] tcp set_tcp_user_timeout error: Protocol not available (os error 92)
[2026-10-05--22-53-30 WARN hyper_util::client::legacy::connect::http] tcp set_tcp_user_timeout error: Protocol not available (os error 92)
[2026-10-05--22-53-30 WARN hyper_util::client::legacy::connect::http] tcp set_tcp_user_timeout error: Protocol not available (os error 92)
[2026-10-05--22-53-30 WARN hyper_util::client::legacy::connect::http] tcp set_tcp_user_timeout error: Protocol not available (os error 92)
[2026-10-05--22-53-30 WARN hyper_util::client::legacy::connect::http] tcp set_tcp_user_timeout error: Protocol not available (os error 92)
[2026-10-05--22-53-30 WARN hyper_util::client::legacy::connect::http] tcp set_tcp_user_timeout error: Protocol not available (os error 92)
[2026-10-05--22-53-30 WARN hyper_util::client::legacy::connect::http] tcp set_tcp_user_timeout error: Protocol not available (os error 92)
[2026-10-05--22-53-30 WARN hyper_util::client::legacy::connect::http] tcp set_tcp_user_timeout error: Protocol not available (os error 92)
[2026-10-05--22-53-30 WARN hyper_util::client::legacy::connect::http] tcp set_tcp_user_timeout error: Protocol not available (os error 92)
[2026-10-05--22-53-30 WARN hyper_util::client::legacy::connect::http] tcp set_tcp_user_timeout error: Protocol not available (os error 92)
[2026-10-05--22-53-30 WARN hyper_util::client::legacy::connect::http] tcp set_tcp_user_timeout error: Protocol not available (os error 92)
[2026-10-05--22-53-30 WARN hyper_util::client::legacy::connect::http] tcp set_tcp_user_timeout error: Protocol not available (os error 92)
[2026-10-05--22-53-30 WARN hyper_util::client::legacy::connect::http] tcp set_tcp_user_timeout error: Protocol not available (os error 92)
[2026-10-05--22-53-30 WARN hyper_util::client::legacy::connect::http] tcp set_tcp_user_timeout error: Protocol not available (os error 92)
[2026-10-05--22-53-30 WARN hyper_util::client::legacy::connect::http] tcp set_tcp_user_timeout error: Protocol not available (os error 92)
[2026-10-05--22-53-30 WARN hyper_util::client::legacy::connect::http] tcp set_tcp_user_timeout error: Protocol not available (os error 92)
[2026-10-05--22-53-30 WARN hyper_util::client::legacy::connect::http] tcp set_tcp_user_timeout error: Protocol not available (os error 92)
[2026-10-05--22-53-30 WARN hyper_util::client::legacy::connect::http] tcp set_tcp_user_timeout error: Protocol not available (os error 92)
[2026-10-05--22-53-30 WARN hyper_util::client::legacy::connect::http] tcp set_tcp_user_timeout error: Protocol not available (os error 92)
[2026-10-05--22-53-30 WARN hyper_util::client::legacy::connect::http] tcp set_tcp_user_timeout error: Protocol not available (os error 92)
[2026-10-05--22-53-30 WARN hyper_util::client::legacy::connect::http] tcp set_tcp_user_timeout error: Protocol not available (os error 92)
[2026-10-05--22-53-30 WARN hyper_util::client::legacy::connect::http] tcp set_tcp_user_timeout error: Protocol not available (os error 92)
[2026-10-05--22-53-30 WARN hyper_util::client::legacy::connect::http] tcp set_tcp_user_timeout error: Protocol not available (os error 92)
[2026-10-05--22-53-30 WARN hyper_util::client::legacy::connect::http] tcp set_tcp_user_timeout error: Protocol not available (os error 92)
[2026-10-05--22-53-30 WARN hyper_util::client::legacy::connect::http] tcp set_tcp_user_timeout error: Protocol not available (os error 92)
[2026-10-05--22-53-30 WARN hyper_util::client::legacy::connect::http] tcp set_tcp_user_timeout error: Protocol not available (os error 92)
[2026-10-05--22-53-30 WARN hyper_util::client::legacy::connect::http] tcp set_tcp_user_timeout error: Protocol not available (os error 92)
[2026-10-05--22-53-30 WARN hyper_util::client::legacy::connect::http] tcp set_tcp_user_timeout error: Protocol not available (os error 92)
[2026-10-05--22-53-30 WARN hyper_util::client::legacy::connect::http] tcp set_tcp_user_timeout error: Protocol not available (os error 92)
[2026-10-05--22-53-30 WARN hyper_util::client::legacy::connect::http] tcp set_tcp_user_timeout error: Protocol not available (os error 92)
[2026-10-05--22-53-30 WARN hyper_util::client::legacy::connect::http] tcp set_tcp_user_timeout error: Protocol not available (os error 92)
[2026-10-05--22-53-30 WARN hyper_util::client::legacy::connect::http] tcp set_tcp_user_timeout error: Protocol not available (os error 92)
[2026-10-05--22-53-30 WARN hyper_util::client::legacy::connect::http] tcp set_tcp_user_timeout error: Protocol not available (os error 92)
[2026-10-05--22-53-31 WARN hyper_util::client::legacy::connect::http] tcp set_tcp_user_timeout error: Protocol not available (os error 92)
[2026-10-05--22-53-31 WARN hyper_util::client::legacy::connect::http] tcp set_tcp_user_timeout error: Protocol not available (os error 92)
[2026-10-05--22-53-31 WARN hyper_util::client::legacy::connect::http] tcp set_tcp_user_timeout error: Protocol not available (os error 92)
[2026-10-05--22-53-31 WARN hyper_util::client::legacy::connect::http] tcp set_tcp_user_timeout error: Protocol not available (os error 92)
[2026-10-05--22-53-31 WARN hyper_util::client::legacy::connect::http] tcp set_tcp_user_timeout error: Protocol not available (os error 92)
[2026-10-05--22-53-31 WARN hyper_util::client::legacy::connect::http] tcp set_tcp_user_timeout error: Protocol not available (os error 92)
[2026-10-05--22-53-31 WARN hyper_util::client::legacy::connect::http] tcp set_tcp_user_timeout error: Protocol not available (os error 92)
[2026-10-05--22-53-31 WARN hyper_util::client::legacy::connect::http] tcp set_tcp_user_timeout error: Protocol not available (os error 92)
[2026-10-05--22-53-31 WARN hyper_util::client::legacy::connect::http] tcp set_tcp_user_timeout error: Protocol not available (os error 92)
[2026-10-05--22-53-31 WARN hyper_util::client::legacy::connect::http] tcp set_tcp_user_timeout error: Protocol not available (os error 92)
[2026-10-05--22-53-31 WARN hyper_util::client::legacy::connect::http] tcp set_tcp_user_timeout error: Protocol not available (os error 92)
[2026-10-05--22-53-31 WARN hyper_util::client::legacy::connect::http] tcp set_tcp_user_timeout error: Protocol not available (os error 92)
[2026-10-05--22-53-31 WARN hyper_util::client::legacy::connect::http] tcp set_tcp_user_timeout error: Protocol not available (os error 92)
[2026-10-05--22-53-31 WARN hyper_util::client::legacy::connect::http] tcp set_tcp_user_timeout error: Protocol not available (os error 92)
[2026-10-05--22-53-31 WARN hyper_util::client::legacy::connect::http] tcp set_tcp_user_timeout error: Protocol not available (os error 92)
[2026-10-05--22-53-31 WARN hyper_util::client::legacy::connect::http] tcp set_tcp_user_timeout error: Protocol not available (os error 92)
[2026-10-05--22-53-31 WARN hyper_util::client::legacy::connect::http] tcp set_tcp_user_timeout error: Protocol not available (os error 92)
[2026-10-05--22-53-31 WARN hyper_util::client::legacy::connect::http] tcp set_tcp_user_timeout error: Protocol not available (os error 92)
[2026-10-05--22-53-31 WARN hyper_util::client::legacy::connect::http] tcp set_tcp_user_timeout error: Protocol not available (os error 92)
[2026-10-05--22-53-31 WARN hyper_util::client::legacy::connect::http] tcp set_tcp_user_timeout error: Protocol not available (os error 92)
[2026-10-05--22-53-31 WARN hyper_util::client::legacy::connect::http] tcp set_tcp_user_timeout error: Protocol not available (os error 92)
[2026-10-05--22-53-31 WARN hyper_util::client::legacy::connect::http] tcp set_tcp_user_timeout error: Protocol not available (os error 92)
[2026-10-05--22-53-31 WARN hyper_util::client::legacy::connect::http] tcp set_tcp_user_timeout error: Protocol not available (os error 92)
[2026-10-05--22-53-31 WARN hyper_util::client::legacy::connect::http] tcp set_tcp_user_timeout error: Protocol not available (os error 92)
[2026-10-05--22-53-31 WARN hyper_util::client::legacy::connect::http] tcp set_tcp_user_timeout error: Protocol not available (os error 92)
[2026-10-05--22-53-31 WARN hyper_util::client::legacy::connect::http] tcp set_tcp_user_timeout error: Protocol not available (os error 92)
[2026-10-05--22-53-31 WARN hyper_util::client::legacy::connect::http] tcp set_tcp_user_timeout error: Protocol not available (os error 92)
[2026-10-05--22-53-31 WARN hyper_util::client::legacy::connect::http] tcp set_tcp_user_timeout error: Protocol not available (os error 92)
[2026-10-05--22-53-31 WARN hyper_util::client::legacy::connect::http] tcp set_tcp_user_timeout error: Protocol not available (os error 92)
[2026-10-05--22-53-31 WARN hyper_util::client::legacy::connect::http] tcp set_tcp_user_timeout error: Protocol not available (os error 92)
[2026-10-05--22-53-31 WARN hyper_util::client::legacy::connect::http] tcp set_tcp_user_timeout error: Protocol not available (os error 92)
[2026-10-05--22-53-31 WARN hyper_util::client::legacy::connect::http] tcp set_tcp_user_timeout error: Protocol not available (os error 92)
[2026-10-05--22-53-31 WARN hyper_util::client::legacy::connect::http] tcp set_tcp_user_timeout error: Protocol not available (os error 92)
[2026-10-05--22-53-31 WARN hyper_util::client::legacy::connect::http] tcp set_tcp_user_timeout error: Protocol not available (os error 92)
[2026-10-05--22-53-31 WARN hyper_util::client::legacy::connect::http] tcp set_tcp_user_timeout error: Protocol not available (os error 92)
[2026-10-05--22-53-31 WARN hyper_util::client::legacy::connect::http] tcp set_tcp_user_timeout error: Protocol not available (os error 92)
[2026-10-05--22-53-31 WARN hyper_util::client::legacy::connect::http] tcp set_tcp_user_timeout error: Protocol not available (os error 92)
[2026-10-05--22-53-31 WARN hyper_util::client::legacy::connect::http] tcp set_tcp_user_timeout error: Protocol not available (os error 92)
[2026-10-05--22-53-31 WARN hyper_util::client::legacy::connect::http] tcp set_tcp_user_timeout error: Protocol not available (os error 92)
[2026-10-05--22-53-31 WARN hyper_util::client::legacy::connect::http] tcp set_tcp_user_timeout error: Protocol not available (os error 92)
[2026-10-05--22-53-31 WARN hyper_util::client::legacy::connect::http] tcp set_tcp_user_timeout error: Protocol not available (os error 92)
[2026-10-05--22-53-31 WARN hyper_util::client::legacy::connect::http] tcp set_tcp_user_timeout error: Protocol not available (os error 92)
[2026-10-05--22-53-31 WARN hyper_util::client::legacy::connect::http] tcp set_tcp_user_timeout error: Protocol not available (os error 92)
[2026-10-05--22-53-31 WARN hyper_util::client::legacy::connect::http] tcp set_tcp_user_timeout error: Protocol not available (os error 92)
[2026-10-05--22-53-31 WARN hyper_util::client::legacy::connect::http] tcp set_tcp_user_timeout error: Protocol not available (os error 92)
[2026-10-05--22-53-31 WARN hyper_util::client::legacy::connect::http] tcp set_tcp_user_timeout error: Protocol not available (os error 92)
[2026-10-05--22-53-31 WARN hyper_util::client::legacy::connect::http] tcp set_tcp_user_timeout error: Protocol not available (os error 92)
[2026-10-05--22-53-31 WARN hyper_util::client::legacy::connect::http] tcp set_tcp_user_timeout error: Protocol not available (os error 92)
[2026-10-05--22-53-31 WARN hyper_util::client::legacy::connect::http] tcp set_tcp_user_timeout error: Protocol not available (os error 92)
[2026-10-05--22-53-31 WARN hyper_util::client::legacy::connect::http] tcp set_tcp_user_timeout error: Protocol not available (os error 92)
[2026-10-05--22-53-31 WARN hyper_util::client::legacy::connect::http] tcp set_tcp_user_timeout error: Protocol not available (os error 92)
[2026-10-05--22-53-31 WARN hyper_util::client::legacy::connect::http] tcp set_tcp_user_timeout error: Protocol not available (os error 92)
[2026-10-05--22-53-31 WARN hyper_util::client::legacy::connect::http] tcp set_tcp_user_timeout error: Protocol not available (os error 92)
[2026-10-05--22-53-31 WARN hyper_util::client::legacy::connect::http] tcp set_tcp_user_timeout error: Protocol not available (os error 92)
[2026-10-05--22-53-31 WARN hyper_util::client::legacy::connect::http] tcp set_tcp_user_timeout error: Protocol not available (os error 92)
[2026-10-05--22-53-31 WARN hyper_util::client::legacy::connect::http] tcp set_tcp_user_timeout error: Protocol not available (os error 92)
[2026-10-05--22-53-31 WARN hyper_util::client::legacy::connect::http] tcp set_tcp_user_timeout error: Protocol not available (os error 92)
[2026-10-05--22-53-31 WARN hyper_util::client::legacy::connect::http] tcp set_tcp_user_timeout error: Protocol not available (os error 92)
[2026-10-05--22-53-31 WARN hyper_util::client::legacy::connect::http] tcp set_tcp_user_timeout error: Protocol not available (os error 92)
[2026-10-05--22-53-31 WARN hyper_util::client::legacy::connect::http] tcp set_tcp_user_timeout error: Protocol not available (os error 92)
[2026-10-05--22-53-31 WARN hyper_util::client::legacy::connect::http] tcp set_tcp_user_timeout error: Protocol not available (os error 92)
[2026-10-05--22-53-31 WARN hyper_util::client::legacy::connect::http] tcp set_tcp_user_timeout error: Protocol not available (os error 92)
[2026-10-05--22-53-31 WARN hyper_util::client::legacy::connect::http] tcp set_tcp_user_timeout error: Protocol not available (os error 92)
[2026-10-05--22-53-31 WARN hyper_util::client::legacy::connect::http] tcp set_tcp_user_timeout error: Protocol not available (os error 92)
[2026-10-05--22-53-31 WARN hyper_util::client::legacy::connect::http] tcp set_tcp_user_timeout error: Protocol not available (os error 92)
[2026-10-05--22-53-31 WARN hyper_util::client::legacy::connect::http] tcp set_tcp_user_timeout error: Protocol not available (os error 92)
[2026-10-05--22-53-31 WARN hyper_util::client::legacy::connect::http] tcp set_tcp_user_timeout error: Protocol not available (os error 92)
[2026-10-05--22-53-31 WARN hyper_util::client::legacy::connect::http] tcp set_tcp_user_timeout error: Protocol not available (os error 92)
[2026-10-05--22-53-31 WARN hyper_util::client::legacy::connect::http] tcp set_tcp_user_timeout error: Protocol not available (os error 92)
[2026-10-05--22-53-31 WARN hyper_util::client::legacy::connect::http] tcp set_tcp_user_timeout error: Protocol not available (os error 92)
[2026-10-05--22-53-31 WARN hyper_util::client::legacy::connect::http] tcp set_tcp_user_timeout error: Protocol not available (os error 92)
[2026-10-05--22-53-31 WARN hyper_util::client::legacy::connect::http] tcp set_tcp_user_timeout error: Protocol not available (os error 92)
[2026-10-05--22-53-31 WARN hyper_util::client::legacy::connect::http] tcp set_tcp_user_timeout error: Protocol not available (os error 92)
[2026-10-05--22-53-31 WARN hyper_util::client::legacy::connect::http] tcp set_tcp_user_timeout error: Protocol not available (os error 92)
[2026-10-05--22-53-31 WARN hyper_util::client::legacy::connect::http] tcp set_tcp_user_timeout error: Protocol not available (os error 92)
[2026-10-05--22-53-31 WARN hyper_util::client::legacy::connect::http] tcp set_tcp_user_timeout error: Protocol not available (os error 92)
[2026-10-05--22-53-31 WARN hyper_util::client::legacy::connect::http] tcp set_tcp_user_timeout error: Protocol not available (os error 92)
[2026-10-05--22-53-31 WARN hyper_util::client::legacy::connect::http] tcp set_tcp_user_timeout error: Protocol not available (os error 92)
[2026-10-05--22-53-31 WARN hyper_util::client::legacy::connect::http] tcp set_tcp_user_timeout error: Protocol not available (os error 92)
[2026-10-05--22-53-31 WARN hyper_util::client::legacy::connect::http] tcp set_tcp_user_timeout error: Protocol not available (os error 92)
[2026-10-05--22-53-31 WARN hyper_util::client::legacy::connect::http] tcp set_tcp_user_timeout error: Protocol not available (os error 92)
[2026-10-05--22-53-31 WARN hyper_util::client::legacy::connect::http] tcp set_tcp_user_timeout error: Protocol not available (os error 92)
[2026-10-05--22-53-31 WARN hyper_util::client::legacy::connect::http] tcp set_tcp_user_timeout error: Protocol not available (os error 92)
[2026-10-05--22-53-31 WARN hyper_util::client::legacy::connect::http] tcp set_tcp_user_timeout error: Protocol not available (os error 92)
[2026-10-05--22-53-31 WARN hyper_util::client::legacy::connect::http] tcp set_tcp_user_timeout error: Protocol not available (os error 92)
[2026-10-05--22-53-31 WARN hyper_util::client::legacy::connect::http] tcp set_tcp_user_timeout error: Protocol not available (os error 92)
[2026-10-05--22-53-31 WARN hyper_util::client::legacy::connect::http] tcp set_tcp_user_timeout error: Protocol not available (os error 92)
[2026-10-05--22-53-31 WARN hyper_util::client::legacy::connect::http] tcp set_tcp_user_timeout error: Protocol not available (os error 92)
[2026-10-05--22-53-31 WARN hyper_util::client::legacy::connect::http] tcp set_tcp_user_timeout error: Protocol not available (os error 92)
[2026-10-05--22-53-31 WARN hyper_util::client::legacy::connect::http] tcp set_tcp_user_timeout error: Protocol not available (os error 92)
[2026-10-05--22-53-31 WARN hyper_util::client::legacy::connect::http] tcp set_tcp_user_timeout error: Protocol not available (os error 92)
[2026-10-05--22-53-31 WARN hyper_util::client::legacy::connect::http] tcp set_tcp_user_timeout error: Protocol not available (os error 92)
[2026-10-05--22-53-31 WARN hyper_util::client::legacy::connect::http] tcp set_tcp_user_timeout error: Protocol not available (os error 92)
[2026-10-05--22-53-31 WARN hyper_util::client::legacy::connect::http] tcp set_tcp_user_timeout error: Protocol not available (os error 92)
[2026-10-05--22-53-31 WARN hyper_util::client::legacy::connect::http] tcp set_tcp_user_timeout error: Protocol not available (os error 92)
[2026-10-05--22-53-31 WARN hyper_util::client::legacy::connect::http] tcp set_tcp_user_timeout error: Protocol not available (os error 92)
[2026-10-05--22-53-31 WARN hyper_util::client::legacy::connect::http] tcp set_tcp_user_timeout error: Protocol not available (os error 92)
[2026-10-05--22-53-31 WARN hyper_util::client::legacy::connect::http] tcp set_tcp_user_timeout error: Protocol not available (os error 92)
[2026-10-05--22-53-31 WARN hyper_util::client::legacy::connect::http] tcp set_tcp_user_timeout error: Protocol not available (os error 92)
[2026-10-05--22-53-31 WARN hyper_util::client::legacy::connect::http] tcp set_tcp_user_timeout error: Protocol not available (os error 92)
[2026-10-05--22-53-31 WARN hyper_util::client::legacy::connect::http] tcp set_tcp_user_timeout error: Protocol not available (os error 92)
[2026-10-05--22-53-31 WARN hyper_util::client::legacy::connect::http] tcp set_tcp_user_timeout error: Protocol not available (os error 92)
[2026-10-05--22-53-31 WARN hyper_util::client::legacy::connect::http] tcp set_tcp_user_timeout error: Protocol not available (os error 92)
[2026-10-05--22-53-31 WARN hyper_util::client::legacy::connect::http] tcp set_tcp_user_timeout error: Protocol not available (os error 92)
[2026-10-05--22-53-31 WARN hyper_util::client::legacy::connect::http] tcp set_tcp_user_timeout error: Protocol not available (os error 92)
[2026-10-05--22-53-32 WARN hyper_util::client::legacy::connect::http] tcp set_tcp_user_timeout error: Protocol not available (os error 92)
[2026-10-05--22-53-32 WARN hyper_util::client::legacy::connect::http] tcp set_tcp_user_timeout error: Protocol not available (os error 92)
[2026-10-05--22-53-32 WARN hyper_util::client::legacy::connect::http] tcp set_tcp_user_timeout error: Protocol not available (os error 92)
[2026-10-05--22-53-32 WARN hyper_util::client::legacy::connect::http] tcp set_tcp_user_timeout error: Protocol not available (os error 92)
[2026-10-05--22-53-32 WARN hyper_util::client::legacy::connect::http] tcp set_tcp_user_timeout error: Protocol not available (os error 92)
[2026-10-05--22-53-32 WARN hyper_util::client::legacy::connect::http] tcp set_tcp_user_timeout error: Protocol not available (os error 92)
[2026-10-05--22-53-32 WARN hyper_util::client::legacy::connect::http] tcp set_tcp_user_timeout error: Protocol not available (os error 92)
[2026-10-05--22-53-32 WARN hyper_util::client::legacy::connect::http] tcp set_tcp_user_timeout error: Protocol not available (os error 92)
[2026-10-05--22-53-32 WARN hyper_util::client::legacy::connect::http] tcp set_tcp_user_timeout error: Protocol not available (os error 92)
[2026-10-05--22-53-32 WARN hyper_util::client::legacy::connect::http] tcp set_tcp_user_timeout error: Protocol not available (os error 92)
[2026-10-05--22-53-32 WARN hyper_util::client::legacy::connect::http] tcp set_tcp_user_timeout error: Protocol not available (os error 92)
[2026-10-05--22-53-32 WARN hyper_util::client::legacy::connect::http] tcp set_tcp_user_timeout error: Protocol not available (os error 92)
[2026-10-05--22-53-32 WARN hyper_util::client::legacy::connect::http] tcp set_tcp_user_timeout error: Protocol not available (os error 92)
[2026-10-05--22-53-32 WARN hyper_util::client::legacy::connect::http] tcp set_tcp_user_timeout error: Protocol not available (os error 92)
[2026-10-05--22-53-32 WARN hyper_util::client::legacy::connect::http] tcp set_tcp_user_timeout error: Protocol not available (os error 92)
[2026-10-05--22-53-32 WARN hyper_util::client::legacy::connect::http] tcp set_tcp_user_timeout error: Protocol not available (os error 92)
[2026-10-05--22-53-32 WARN hyper_util::client::legacy::connect::http] tcp set_tcp_user_timeout error: Protocol not available (os error 92)
[2026-10-05--22-53-32 WARN hyper_util::client::legacy::connect::http] tcp set_tcp_user_timeout error: Protocol not available (os error 92)
[2026-10-05--22-53-32 WARN hyper_util::client::legacy::connect::http] tcp set_tcp_user_timeout error: Protocol not available (os error 92)
[2026-10-05--22-53-32 WARN hyper_util::client::legacy::connect::http] tcp set_tcp_user_timeout error: Protocol not available (os error 92)
[2026-10-05--22-53-32 WARN hyper_util::client::legacy::connect::http] tcp set_tcp_user_timeout error: Protocol not available (os error 92)
[2026-10-05--22-53-32 WARN hyper_util::client::legacy::connect::http] tcp set_tcp_user_timeout error: Protocol not available (os error 92)
[2026-10-05--22-53-32 WARN hyper_util::client::legacy::connect::http] tcp set_tcp_user_timeout error: Protocol not available (os error 92)
[2026-10-05--22-53-32 WARN hyper_util::client::legacy::connect::http] tcp set_tcp_user_timeout error: Protocol not available (os error 92)
[2026-10-05--22-53-32 WARN hyper_util::client::legacy::connect::http] tcp set_tcp_user_timeout error: Protocol not available (os error 92)
[2026-10-05--22-53-32 WARN hyper_util::client::legacy::connect::http] tcp set_tcp_user_timeout error: Protocol not available (os error 92)
[2026-10-05--22-53-32 WARN hyper_util::client::legacy::connect::http] tcp set_tcp_user_timeout error: Protocol not available (os error 92)
[2026-10-05--22-53-32 WARN hyper_util::client::legacy::connect::http] tcp set_tcp_user_timeout error: Protocol not available (os error 92)
[2026-10-05--22-53-32 WARN hyper_util::client::legacy::connect::http] tcp set_tcp_user_timeout error: Protocol not available (os error 92)
[2026-10-05--22-53-32 WARN hyper_util::client::legacy::connect::http] tcp set_tcp_user_timeout error: Protocol not available (os error 92)
[2026-10-05--22-53-32 WARN hyper_util::client::legacy::connect::http] tcp set_tcp_user_timeout error: Protocol not available (os error 92)
[2026-10-05--22-53-32 WARN hyper_util::client::legacy::connect::http] tcp set_tcp_user_timeout error: Protocol not available (os error 92)
[2026-10-05--22-53-32 WARN hyper_util::client::legacy::connect::http] tcp set_tcp_user_timeout error: Protocol not available (os error 92)
[2026-10-05--22-53-32 WARN hyper_util::client::legacy::connect::http] tcp set_tcp_user_timeout error: Protocol not available (os error 92)
[2026-10-05--22-53-32 WARN hyper_util::client::legacy::connect::http] tcp set_tcp_user_timeout error: Protocol not available (os error 92)
[2026-10-05--22-53-32 WARN hyper_util::client::legacy::connect::http] tcp set_tcp_user_timeout error: Protocol not available (os error 92)
[2026-10-05--22-53-32 WARN hyper_util::client::legacy::connect::http] tcp set_tcp_user_timeout error: Protocol not available (os error 92)
[2026-10-05--22-53-32 WARN hyper_util::client::legacy::connect::http] tcp set_tcp_user_timeout error: Protocol not available (os error 92)
[2026-10-05--22-53-32 WARN hyper_util::client::legacy::connect::http] tcp set_tcp_user_timeout error: Protocol not available (os error 92)
[2026-10-05--22-53-32 WARN hyper_util::client::legacy::connect::http] tcp set_tcp_user_timeout error: Protocol not available (os error 92)
[2026-10-05--22-53-32 WARN hyper_util::client::legacy::connect::http] tcp set_tcp_user_timeout error: Protocol not available (os error 92)
[2026-10-05--22-53-32 WARN hyper_util::client::legacy::connect::http] tcp set_tcp_user_timeout error: Protocol not available (os error 92)
[2026-10-05--22-53-32 WARN hyper_util::client::legacy::connect::http] tcp set_tcp_user_timeout error: Protocol not available (os error 92)
[2026-10-05--22-53-32 WARN hyper_util::client::legacy::connect::http] tcp set_tcp_user_timeout error: Protocol not available (os error 92)
[2026-10-05--22-53-32 WARN hyper_util::client::legacy::connect::http] tcp set_tcp_user_timeout error: Protocol not available (os error 92)
[2026-10-05--22-53-32 WARN hyper_util::client::legacy::connect::http] tcp set_tcp_user_timeout error: Protocol not available (os error 92)
[2026-10-05--22-53-32 WARN hyper_util::client::legacy::connect::http] tcp set_tcp_user_timeout error: Protocol not available (os error 92)
[2026-10-05--22-53-32 WARN hyper_util::client::legacy::connect::http] tcp set_tcp_user_timeout error: Protocol not available (os error 92)
[2026-10-05--22-53-32 WARN hyper_util::client::legacy::connect::http] tcp set_tcp_user_timeout error: Protocol not available (os error 92)
[2026-10-05--22-53-32 WARN hyper_util::client::legacy::connect::http] tcp set_tcp_user_timeout error: Protocol not available (os error 92)
[2026-10-05--22-53-32 WARN hyper_util::client::legacy::connect::http] tcp set_tcp_user_timeout error: Protocol not available (os error 92)
[2026-10-05--22-53-32 WARN hyper_util::client::legacy::connect::http] tcp set_tcp_user_timeout error: Protocol not available (os error 92)
[2026-10-05--22-53-32 WARN hyper_util::client::legacy::connect::http] tcp set_tcp_user_timeout error: Protocol not available (os error 92)
[2026-10-05--22-53-32 WARN hyper_util::client::legacy::connect::http] tcp set_tcp_user_timeout error: Protocol not available (os error 92)
[2026-10-05--22-53-32 WARN hyper_util::client::legacy::connect::http] tcp set_tcp_user_timeout error: Protocol not available (os error 92)
[2026-10-05--22-53-32 WARN hyper_util::client::legacy::connect::http] tcp set_tcp_user_timeout error: Protocol not available (os error 92)
[2026-10-05--22-53-32 WARN hyper_util::client::legacy::connect::http] tcp set_tcp_user_timeout error: Protocol not available (os error 92)
[2026-10-05--22-53-32 WARN hyper_util::client::legacy::connect::http] tcp set_tcp_user_timeout error: Protocol not available (os error 92)
[2026-10-05--22-53-32 WARN hyper_util::client::legacy::connect::http] tcp set_tcp_user_timeout error: Protocol not available (os error 92)
[2026-10-05--22-53-32 WARN hyper_util::client::legacy::connect::http] tcp set_tcp_user_timeout error: Protocol not available (os error 92)
[2026-10-05--22-53-32 WARN hyper_util::client::legacy::connect::http] tcp set_tcp_user_timeout error: Protocol not available (os error 92)
[2026-10-05--22-53-32 WARN hyper_util::client::legacy::connect::http] tcp set_tcp_user_timeout error: Protocol not available (os error 92)
[2026-10-05--22-53-32 WARN hyper_util::client::legacy::connect::http] tcp set_tcp_user_timeout error: Protocol not available (os error 92)
[2026-10-05--22-53-32 WARN hyper_util::client::legacy::connect::http] tcp set_tcp_user_timeout error: Protocol not available (os error 92)
[2026-10-05--22-53-32 WARN hyper_util::client::legacy::connect::http] tcp set_tcp_user_timeout error: Protocol not available (os error 92)
[2026-10-05--22-53-32 WARN hyper_util::client::legacy::connect::http] tcp set_tcp_user_timeout error: Protocol not available (os error 92)
[2026-10-05--22-53-32 WARN hyper_util::client::legacy::connect::http] tcp set_tcp_user_timeout error: Protocol not available (os error 92)
[2026-10-05--22-53-32 WARN hyper_util::client::legacy::connect::http] tcp set_tcp_user_timeout error: Protocol not available (os error 92)
[2026-10-05--22-53-32 WARN hyper_util::client::legacy::connect::http] tcp set_tcp_user_timeout error: Protocol not available (os error 92)
[2026-10-05--22-53-32 WARN hyper_util::client::legacy::connect::http] tcp set_tcp_user_timeout error: Protocol not available (os error 92)
[2026-10-05--22-53-32 WARN hyper_util::client::legacy::connect::http] tcp set_tcp_user_timeout error: Protocol not available (os error 92)
[2026-10-05--22-53-32 WARN hyper_util::client::legacy::connect::http] tcp set_tcp_user_timeout error: Protocol not available (os error 92)
[2026-10-05--22-53-32 WARN hyper_util::client::legacy::connect::http] tcp set_tcp_user_timeout error: Protocol not available (os error 92)
[2026-10-05--22-53-32 WARN hyper_util::client::legacy::connect::http] tcp set_tcp_user_timeout error: Protocol not available (os error 92)
[2026-10-05--22-53-32 WARN hyper_util::client::legacy::connect::http] tcp set_tcp_user_timeout error: Protocol not available (os error 92)
[2026-10-05--22-53-32 WARN hyper_util::client::legacy::connect::http] tcp set_tcp_user_timeout error: Protocol not available (os error 92)
[2026-10-05--22-53-32 WARN hyper_util::client::legacy::connect::http] tcp set_tcp_user_timeout error: Protocol not available (os error 92)
[2026-10-05--22-53-32 WARN hyper_util::client::legacy::connect::http] tcp set_tcp_user_timeout error: Protocol not available (os error 92)
[2026-10-05--22-53-32 WARN hyper_util::client::legacy::connect::http] tcp set_tcp_user_timeout error: Protocol not available (os error 92)
[2026-10-05--22-53-32 WARN hyper_util::client::legacy::connect::http] tcp set_tcp_user_timeout error: Protocol not available (os error 92)
[2026-10-05--22-53-32 WARN hyper_util::client::legacy::connect::http] tcp set_tcp_user_timeout error: Protocol not available (os error 92)
[2026-10-05--22-53-32 WARN hyper_util::client::legacy::connect::http] tcp set_tcp_user_timeout error: Protocol not available (os error 92)
[2026-10-05--22-53-32 WARN hyper_util::client::legacy::connect::http] tcp set_tcp_user_timeout error: Protocol not available (os error 92)
[2026-10-05--22-53-32 WARN hyper_util::client::legacy::connect::http] tcp set_tcp_user_timeout error: Protocol not available (os error 92)
[2026-10-05--22-53-32 WARN hyper_util::client::legacy::connect::http] tcp set_tcp_user_timeout error: Protocol not available (os error 92)
[2026-10-05--22-53-32 WARN hyper_util::client::legacy::connect::http] tcp set_tcp_user_timeout error: Protocol not available (os error 92)
[2026-10-05--22-53-32 WARN hyper_util::client::legacy::connect::http] tcp set_tcp_user_timeout error: Protocol not available (os error 92)
[2026-10-05--22-53-32 WARN hyper_util::client::legacy::connect::http] tcp set_tcp_user_timeout error: Protocol not available (os error 92)
[2026-10-05--22-53-32 WARN hyper_util::client::legacy::connect::http] tcp set_tcp_user_timeout error: Protocol not available (os error 92)
[2026-10-05--22-53-32 WARN hyper_util::client::legacy::connect::http] tcp set_tcp_user_timeout error: Protocol not available (os error 92)
[2026-10-05--22-53-32 WARN hyper_util::client::legacy::connect::http] tcp set_tcp_user_timeout error: Protocol not available (os error 92)
[2026-10-05--22-53-32 WARN hyper_util::client::legacy::connect::http] tcp set_tcp_user_timeout error: Protocol not available (os error 92)
[2026-10-05--22-53-32 WARN hyper_util::client::legacy::connect::http] tcp set_tcp_user_timeout error: Protocol not available (os error 92)
[2026-10-05--22-53-32 WARN hyper_util::client::legacy::connect::http] tcp set_tcp_user_timeout error: Protocol not available (os error 92)
[2026-10-05--22-53-33 WARN hyper_util::client::legacy::connect::http] tcp set_tcp_user_timeout error: Protocol not available (os error 92)
[2026-10-05--22-53-33 WARN hyper_util::client::legacy::connect::http] tcp set_tcp_user_timeout error: Protocol not available (os error 92)
[2026-10-05--22-53-33 WARN hyper_util::client::legacy::connect::http] tcp set_tcp_user_timeout error: Protocol not available (os error 92)
[2026-10-05--22-53-33 WARN hyper_util::client::legacy::connect::http] tcp set_tcp_user_timeout error: Protocol not available (os error 92)
[2026-10-05--22-53-33 WARN hyper_util::client::legacy::connect::http] tcp set_tcp_user_timeout error: Protocol not available (os error 92)
[2026-10-05--22-53-33 WARN hyper_util::client::legacy::connect::http] tcp set_tcp_user_timeout error: Protocol not available (os error 92)
[2026-10-05--22-53-33 WARN hyper_util::client::legacy::connect::http] tcp set_tcp_user_timeout error: Protocol not available (os error 92)
[2026-10-05--22-53-33 WARN hyper_util::client::legacy::connect::http] tcp set_tcp_user_timeout error: Protocol not available (os error 92)
[2026-10-05--22-53-33 WARN hyper_util::client::legacy::connect::http] tcp set_tcp_user_timeout error: Protocol not available (os error 92)
[2026-10-05--22-53-33 WARN hyper_util::client::legacy::connect::http] tcp set_tcp_user_timeout error: Protocol not available (os error 92)
[2026-10-05--22-53-33 WARN hyper_util::client::legacy::connect::http] tcp set_tcp_user_timeout error: Protocol not available (os error 92)
[2026-10-05--22-53-33 WARN hyper_util::client::legacy::connect::http] tcp set_tcp_user_timeout error: Protocol not available (os error 92)
[2026-10-05--22-53-33 WARN hyper_util::client::legacy::connect::http] tcp set_tcp_user_timeout error: Protocol not available (os error 92)
[2026-10-05--22-53-33 WARN hyper_util::client::legacy::connect::http] tcp set_tcp_user_timeout error: Protocol not available (os error 92)
[2026-10-05--22-53-33 WARN hyper_util::client::legacy::connect::http] tcp set_tcp_user_timeout error: Protocol not available (os error 92)
[2026-10-05--22-53-33 WARN hyper_util::client::legacy::connect::http] tcp set_tcp_user_timeout error: Protocol not available (os error 92)
[2026-10-05--22-53-33 WARN hyper_util::client::legacy::connect::http] tcp set_tcp_user_timeout error: Protocol not available (os error 92)
[2026-10-05--22-53-33 WARN hyper_util::client::legacy::connect::http] tcp set_tcp_user_timeout error: Protocol not available (os error 92)
[2026-10-05--22-53-33 WARN hyper_util::client::legacy::connect::http] tcp set_tcp_user_timeout error: Protocol not available (os error 92)
[2026-10-05--22-53-33 WARN hyper_util::client::legacy::connect::http] tcp set_tcp_user_timeout error: Protocol not available (os error 92)
[2026-10-05--22-53-33 WARN hyper_util::client::legacy::connect::http] tcp set_tcp_user_timeout error: Protocol not available (os error 92)
[2026-10-05--22-53-33 WARN hyper_util::client::legacy::connect::http] tcp set_tcp_user_timeout error: Protocol not available (os error 92)
[2026-10-05--22-53-33 WARN hyper_util::client::legacy::connect::http] tcp set_tcp_user_timeout error: Protocol not available (os error 92)
[2026-10-05--22-53-33 WARN hyper_util::client::legacy::connect::http] tcp set_tcp_user_timeout error: Protocol not available (os error 92)
[2026-10-05--22-53-33 WARN hyper_util::client::legacy::connect::http] tcp set_tcp_user_timeout error: Protocol not available (os error 92)
[2026-10-05--22-53-33 WARN hyper_util::client::legacy::connect::http] tcp set_tcp_user_timeout error: Protocol not available (os error 92)
[2026-10-05--22-53-33 WARN hyper_util::client::legacy::connect::http] tcp set_tcp_user_timeout error: Protocol not available (os error 92)
[2026-10-05--22-53-33 WARN hyper_util::client::legacy::connect::http] tcp set_tcp_user_timeout error: Protocol not available (os error 92)
[2026-10-05--22-53-33 WARN hyper_util::client::legacy::connect::http] tcp set_tcp_user_timeout error: Protocol not available (os error 92)
[2026-10-05--22-53-33 WARN hyper_util::client::legacy::connect::http] tcp set_tcp_user_timeout error: Protocol not available (os error 92)
[2026-10-05--22-53-33 WARN hyper_util::client::legacy::connect::http] tcp set_tcp_user_timeout error: Protocol not available (os error 92)
[2026-10-05--22-53-33 WARN hyper_util::client::legacy::connect::http] tcp set_tcp_user_timeout error: Protocol not available (os error 92)
[2026-10-05--22-53-33 WARN hyper_util::client::legacy::connect::http] tcp set_tcp_user_timeout error: Protocol not available (os error 92)
[2026-10-05--22-53-33 WARN hyper_util::client::legacy::connect::http] tcp set_tcp_user_timeout error: Protocol not available (os error 92)
[2026-10-05--22-53-33 WARN hyper_util::client::legacy::connect::http] tcp set_tcp_user_timeout error: Protocol not available (os error 92)
[2026-10-05--22-53-33 WARN hyper_util::client::legacy::connect::http] tcp set_tcp_user_timeout error: Protocol not available (os error 92)
[2026-10-05--22-53-33 WARN hyper_util::client::legacy::connect::http] tcp set_tcp_user_timeout error: Protocol not available (os error 92)
[2026-10-05--22-53-33 WARN hyper_util::client::legacy::connect::http] tcp set_tcp_user_timeout error: Protocol not available (os error 92)
[2026-10-05--22-53-33 WARN hyper_util::client::legacy::connect::http] tcp set_tcp_user_timeout error: Protocol not available (os error 92)
[2026-10-05--22-53-33 WARN hyper_util::client::legacy::connect::http] tcp set_tcp_user_timeout error: Protocol not available (os error 92)
[2026-10-05--22-53-33 WARN hyper_util::client::legacy::connect::http] tcp set_tcp_user_timeout error: Protocol not available (os error 92)
[2026-10-05--22-53-33 WARN hyper_util::client::legacy::connect::http] tcp set_tcp_user_timeout error: Protocol not available (os error 92)
[2026-10-05--22-53-33 WARN hyper_util::client::legacy::connect::http] tcp set_tcp_user_timeout error: Protocol not available (os error 92)
[2026-10-05--22-53-33 WARN hyper_util::client::legacy::connect::http] tcp set_tcp_user_timeout error: Protocol not available (os error 92)
[2026-10-05--22-53-33 WARN hyper_util::client::legacy::connect::http] tcp set_tcp_user_timeout error: Protocol not available (os error 92)
[2026-10-05--22-53-33 WARN hyper_util::client::legacy::connect::http] tcp set_tcp_user_timeout error: Protocol not available (os error 92)
[2026-10-05--22-53-33 WARN hyper_util::client::legacy::connect::http] tcp set_tcp_user_timeout error: Protocol not available (os error 92)
[2026-10-05--22-53-33 WARN hyper_util::client::legacy::connect::http] tcp set_tcp_user_timeout error: Protocol not available (os error 92)
[2026-10-05--22-53-33 WARN hyper_util::client::legacy::connect::http] tcp set_tcp_user_timeout error: Protocol not available (os error 92)
[2026-10-05--22-53-33 WARN hyper_util::client::legacy::connect::http] tcp set_tcp_user_timeout error: Protocol not available (os error 92)
[2026-10-05--22-53-33 WARN hyper_util::client::legacy::connect::http] tcp set_tcp_user_timeout error: Protocol not available (os error 92)
[2026-10-05--22-53-33 WARN hyper_util::client::legacy::connect::http] tcp set_tcp_user_timeout error: Protocol not available (os error 92)
[2026-10-05--22-53-33 WARN hyper_util::client::legacy::connect::http] tcp set_tcp_user_timeout error: Protocol not available (os error 92)
[2026-10-05--22-53-33 WARN hyper_util::client::legacy::connect::http] tcp set_tcp_user_timeout error: Protocol not available (os error 92)
[2026-10-05--22-53-33 WARN hyper_util::client::legacy::connect::http] tcp set_tcp_user_timeout error: Protocol not available (os error 92)
[2026-10-05--22-53-33 WARN hyper_util::client::legacy::connect::http] tcp set_tcp_user_timeout error: Protocol not available (os error 92)
[2026-10-05--22-53-33 WARN hyper_util::client::legacy::connect::http] tcp set_tcp_user_timeout error: Protocol not available (os error 92)
[2026-10-05--22-53-33 WARN hyper_util::client::legacy::connect::http] tcp set_tcp_user_timeout error: Protocol not available (os error 92)
[2026-10-05--22-53-33 WARN hyper_util::client::legacy::connect::http] tcp set_tcp_user_timeout error: Protocol not available (os error 92)
[2026-10-05--22-53-33 WARN hyper_util::client::legacy::connect::http] tcp set_tcp_user_timeout error: Protocol not available (os error 92)
[2026-10-05--22-53-33 WARN hyper_util::client::legacy::connect::http] tcp set_tcp_user_timeout error: Protocol not available (os error 92)
[2026-10-05--22-53-33 WARN hyper_util::client::legacy::connect::http] tcp set_tcp_user_timeout error: Protocol not available (os error 92)
[2026-10-05--22-53-33 WARN hyper_util::client::legacy::connect::http] tcp set_tcp_user_timeout error: Protocol not available (os error 92)
[2026-10-05--22-53-33 WARN hyper_util::client::legacy::connect::http] tcp set_tcp_user_timeout error: Protocol not available (os error 92)
[2026-10-05--22-53-33 WARN hyper_util::client::legacy::connect::http] tcp set_tcp_user_timeout error: Protocol not available (os error 92)
[2026-10-05--22-53-33 WARN hyper_util::client::legacy::connect::http] tcp set_tcp_user_timeout error: Protocol not available (os error 92)
[2026-10-05--22-53-33 WARN hyper_util::client::legacy::connect::http] tcp set_tcp_user_timeout error: Protocol not available (os error 92)
[2026-10-05--22-53-33 WARN hyper_util::client::legacy::connect::http] tcp set_tcp_user_timeout error: Protocol not available (os error 92)
[2026-10-05--22-53-33 WARN hyper_util::client::legacy::connect::http] tcp set_tcp_user_timeout error: Protocol not available (os error 92)
[2026-10-05--22-53-33 WARN hyper_util::client::legacy::connect::http] tcp set_tcp_user_timeout error: Protocol not available (os error 92)
[2026-10-05--22-53-33 WARN hyper_util::client::legacy::connect::http] tcp set_tcp_user_timeout error: Protocol not available (os error 92)
[2026-10-05--22-53-33 WARN hyper_util::client::legacy::connect::http] tcp set_tcp_user_timeout error: Protocol not available (os error 92)
[2026-10-05--22-53-33 WARN hyper_util::client::legacy::connect::http] tcp set_tcp_user_timeout error: Protocol not available (os error 92)
[2026-10-05--22-53-33 WARN hyper_util::client::legacy::connect::http] tcp set_tcp_user_timeout error: Protocol not available (os error 92)
[2026-10-05--22-53-33 WARN hyper_util::client::legacy::connect::http] tcp set_tcp_user_timeout error: Protocol not available (os error 92)
[2026-10-05--22-53-33 WARN hyper_util::client::legacy::connect::http] tcp set_tcp_user_timeout error: Protocol not available (os error 92)
[2026-10-05--22-53-33 WARN hyper_util::client::legacy::connect::http] tcp set_tcp_user_timeout error: Protocol not available (os error 92)
[2026-10-05--22-53-33 WARN hyper_util::client::legacy::connect::http] tcp set_tcp_user_timeout error: Protocol not available (os error 92)
[2026-10-05--22-53-33 WARN hyper_util::client::legacy::connect::http] tcp set_tcp_user_timeout error: Protocol not available (os error 92)
[2026-10-05--22-53-33 WARN hyper_util::client::legacy::connect::http] tcp set_tcp_user_timeout error: Protocol not available (os error 92)
[2026-10-05--22-53-33 WARN hyper_util::client::legacy::connect::http] tcp set_tcp_user_timeout error: Protocol not available (os error 92)
[2026-10-05--22-53-33 WARN hyper_util::client::legacy::connect::http] tcp set_tcp_user_timeout error: Protocol not available (os error 92)
[2026-10-05--22-53-33 WARN hyper_util::client::legacy::connect::http] tcp set_tcp_user_timeout error: Protocol not available (os error 92)
[2026-10-05--22-53-33 WARN hyper_util::client::legacy::connect::http] tcp set_tcp_user_timeout error: Protocol not available (os error 92)
[2026-10-05--22-53-33 WARN hyper_util::client::legacy::connect::http] tcp set_tcp_user_timeout error: Protocol not available (os error 92)
[2026-10-05--22-53-33 WARN hyper_util::client::legacy::connect::http] tcp set_tcp_user_timeout error: Protocol not available (os error 92)
[2026-10-05--22-53-33 WARN hyper_util::client::legacy::connect::http] tcp set_tcp_user_timeout error: Protocol not available (os error 92)
[2026-10-05--22-53-33 WARN hyper_util::client::legacy::connect::http] tcp set_tcp_user_timeout error: Protocol not available (os error 92)
[2026-10-05--22-53-33 WARN hyper_util::client::legacy::connect::http] tcp set_tcp_user_timeout error: Protocol not available (os error 92)
[2026-10-05--22-53-33 WARN hyper_util::client::legacy::connect::http] tcp set_tcp_user_timeout error: Protocol not available (os error 92)
[2026-10-05--22-53-34 WARN hyper_util::client::legacy::connect::http] tcp set_tcp_user_timeout error: Protocol not available (os error 92)
[2026-10-05--22-53-34 WARN hyper_util::client::legacy::connect::http] tcp set_tcp_user_timeout error: Protocol not available (os error 92)
[2026-10-05--22-53-34 WARN hyper_util::client::legacy::connect::http] tcp set_tcp_user_timeout error: Protocol not available (os error 92)
[2026-10-05--22-53-34 WARN hyper_util::client::legacy::connect::http] tcp set_tcp_user_timeout error: Protocol not available (os error 92)
[2026-10-05--22-53-34 WARN hyper_util::client::legacy::connect::http] tcp set_tcp_user_timeout error: Protocol not available (os error 92)
[2026-10-05--22-53-34 WARN hyper_util::client::legacy::connect::http] tcp set_tcp_user_timeout error: Protocol not available (os error 92)
[2026-10-05--22-53-34 WARN hyper_util::client::legacy::connect::http] tcp set_tcp_user_timeout error: Protocol not available (os error 92)
[2026-10-05--22-53-34 WARN hyper_util::client::legacy::connect::http] tcp set_tcp_user_timeout error: Protocol not available (os error 92)
[2026-10-05--22-53-34 WARN hyper_util::client::legacy::connect::http] tcp set_tcp_user_timeout error: Protocol not available (os error 92)
[2026-10-05--22-53-34 WARN hyper_util::client::legacy::connect::http] tcp set_tcp_user_timeout error: Protocol not available (os error 92)
[2026-10-05--22-53-34 WARN hyper_util::client::legacy::connect::http] tcp set_tcp_user_timeout error: Protocol not available (os error 92)
[2026-10-05--22-53-34 WARN hyper_util::client::legacy::connect::http] tcp set_tcp_user_timeout error: Protocol not available (os error 92)
[2026-10-05--22-53-34 WARN hyper_util::client::legacy::connect::http] tcp set_tcp_user_timeout error: Protocol not available (os error 92)
[2026-10-05--22-53-34 WARN hyper_util::client::legacy::connect::http] tcp set_tcp_user_timeout error: Protocol not available (os error 92)
[2026-10-05--22-53-34 WARN hyper_util::client::legacy::connect::http] tcp set_tcp_user_timeout error: Protocol not available (os error 92)
[2026-10-05--22-53-34 WARN hyper_util::client::legacy::connect::http] tcp set_tcp_user_timeout error: Protocol not available (os error 92)
[2026-10-05--22-53-34 WARN hyper_util::client::legacy::connect::http] tcp set_tcp_user_timeout error: Protocol not available (os error 92)
[2026-10-05--22-53-34 WARN hyper_util::client::legacy::connect::http] tcp set_tcp_user_timeout error: Protocol not available (os error 92)
[2026-10-05--22-53-34 WARN hyper_util::client::legacy::connect::http] tcp set_tcp_user_timeout error: Protocol not available (os error 92)
[2026-10-05--22-53-34 WARN hyper_util::client::legacy::connect::http] tcp set_tcp_user_timeout error: Protocol not available (os error 92)
[2026-10-05--22-53-34 WARN hyper_util::client::legacy::connect::http] tcp set_tcp_user_timeout error: Protocol not available (os error 92)
[2026-10-05--22-53-34 WARN hyper_util::client::legacy::connect::http] tcp set_tcp_user_timeout error: Protocol not available (os error 92)
[2026-10-05--22-53-34 WARN hyper_util::client::legacy::connect::http] tcp set_tcp_user_timeout error: Protocol not available (os error 92)
[2026-10-05--22-53-34 WARN hyper_util::client::legacy::connect::http] tcp set_tcp_user_timeout error: Protocol not available (os error 92)
[2026-10-05--22-53-34 WARN hyper_util::client::legacy::connect::http] tcp set_tcp_user_timeout error: Protocol not available (os error 92)
[2026-10-05--22-53-34 WARN hyper_util::client::legacy::connect::http] tcp set_tcp_user_timeout error: Protocol not available (os error 92)
[2026-10-05--22-53-34 WARN hyper_util::client::legacy::connect::http] tcp set_tcp_user_timeout error: Protocol not available (os error 92)
[2026-10-05--22-53-34 WARN hyper_util::client::legacy::connect::http] tcp set_tcp_user_timeout error: Protocol not available (os error 92)
[2026-10-05--22-53-34 WARN hyper_util::client::legacy::connect::http] tcp set_tcp_user_timeout error: Protocol not available (os error 92)
[2026-10-05--22-53-34 WARN hyper_util::client::legacy::connect::http] tcp set_tcp_user_timeout error: Protocol not available (os error 92)
[2026-10-05--22-53-34 WARN hyper_util::client::legacy::connect::http] tcp set_tcp_user_timeout error: Protocol not available (os error 92)
[2026-10-05--22-53-34 WARN hyper_util::client::legacy::connect::http] tcp set_tcp_user_timeout error: Protocol not available (os error 92)
[2026-10-05--22-53-34 WARN hyper_util::client::legacy::connect::http] tcp set_tcp_user_timeout error: Protocol not available (os error 92)
[2026-10-05--22-53-34 WARN hyper_util::client::legacy::connect::http] tcp set_tcp_user_timeout error: Protocol not available (os error 92)
[2026-10-05--22-53-34 WARN hyper_util::client::legacy::connect::http] tcp set_tcp_user_timeout error: Protocol not available (os error 92)
[2026-10-05--22-53-34 WARN hyper_util::client::legacy::connect::http] tcp set_tcp_user_timeout error: Protocol not available (os error 92)
[2026-10-05--22-53-34 WARN hyper_util::client::legacy::connect::http] tcp set_tcp_user_timeout error: Protocol not available (os error 92)
[2026-10-05--22-53-34 WARN hyper_util::client::legacy::connect::http] tcp set_tcp_user_timeout error: Protocol not available (os error 92)
[2026-10-05--22-53-34 WARN hyper_util::client::legacy::connect::http] tcp set_tcp_user_timeout error: Protocol not available (os error 92)
[2026-10-05--22-53-34 WARN hyper_util::client::legacy::connect::http] tcp set_tcp_user_timeout error: Protocol not available (os error 92)
[2026-10-05--22-53-34 WARN hyper_util::client::legacy::connect::http] tcp set_tcp_user_timeout error: Protocol not available (os error 92)
[2026-10-05--22-53-34 WARN hyper_util::client::legacy::connect::http] tcp set_tcp_user_timeout error: Protocol not available (os error 92)
[2026-10-05--22-53-34 WARN hyper_util::client::legacy::connect::http] tcp set_tcp_user_timeout error: Protocol not available (os error 92)
[2026-10-05--22-53-34 WARN hyper_util::client::legacy::connect::http] tcp set_tcp_user_timeout error: Protocol not available (os error 92)
[2026-10-05--22-53-34 WARN hyper_util::client::legacy::connect::http] tcp set_tcp_user_timeout error: Protocol not available (os error 92)
[2026-10-05--22-53-34 WARN hyper_util::client::legacy::connect::http] tcp set_tcp_user_timeout error: Protocol not available (os error 92)
[2026-10-05--22-53-34 WARN hyper_util::client::legacy::connect::http] tcp set_tcp_user_timeout error: Protocol not available (os error 92)
[2026-10-05--22-53-34 WARN hyper_util::client::legacy::connect::http] tcp set_tcp_user_timeout error: Protocol not available (os error 92)
[2026-10-05--22-53-34 WARN hyper_util::client::legacy::connect::http] tcp set_tcp_user_timeout error: Protocol not available (os error 92)
[2026-10-05--22-53-34 WARN hyper_util::client::legacy::connect::http] tcp set_tcp_user_timeout error: Protocol not available (os error 92)
[2026-10-05--22-53-34 WARN hyper_util::client::legacy::connect::http] tcp set_tcp_user_timeout error: Protocol not available (os error 92)
[2026-10-05--22-53-34 WARN hyper_util::client::legacy::connect::http] tcp set_tcp_user_timeout error: Protocol not available (os error 92)
[2026-10-05--22-53-34 WARN hyper_util::client::legacy::connect::http] tcp set_tcp_user_timeout error: Protocol not available (os error 92)
[2026-10-05--22-53-34 WARN hyper_util::client::legacy::connect::http] tcp set_tcp_user_timeout error: Protocol not available (os error 92)
[2026-10-05--22-53-34 WARN hyper_util::client::legacy::connect::http] tcp set_tcp_user_timeout error: Protocol not available (os error 92)
[2026-10-05--22-53-34 WARN hyper_util::client::legacy::connect::http] tcp set_tcp_user_timeout error: Protocol not available (os error 92)
[2026-10-05--22-53-34 WARN hyper_util::client::legacy::connect::http] tcp set_tcp_user_timeout error: Protocol not available (os error 92)
[2026-10-05--22-53-34 WARN hyper_util::client::legacy::connect::http] tcp set_tcp_user_timeout error: Protocol not available (os error 92)
[2026-10-05--22-53-34 WARN hyper_util::client::legacy::connect::http] tcp set_tcp_user_timeout error: Protocol not available (os error 92)
[2026-10-05--22-53-34 WARN hyper_util::client::legacy::connect::http] tcp set_tcp_user_timeout error: Protocol not available (os error 92)
[2026-10-05--22-53-34 WARN hyper_util::client::legacy::connect::http] tcp set_tcp_user_timeout error: Protocol not available (os error 92)
[2026-10-05--22-53-34 WARN hyper_util::client::legacy::connect::http] tcp set_tcp_user_timeout error: Protocol not available (os error 92)
[2026-10-05--22-53-34 WARN hyper_util::client::legacy::connect::http] tcp set_tcp_user_timeout error: Protocol not available (os error 92)
[2026-10-05--22-53-34 WARN hyper_util::client::legacy::connect::http] tcp set_tcp_user_timeout error: Protocol not available (os error 92)
[2026-10-05--22-53-34 WARN hyper_util::client::legacy::connect::http] tcp set_tcp_user_timeout error: Protocol not available (os error 92)
[2026-10-05--22-53-34 WARN hyper_util::client::legacy::connect::http] tcp set_tcp_user_timeout error: Protocol not available (os error 92)
[2026-10-05--22-53-34 WARN hyper_util::client::legacy::connect::http] tcp set_tcp_user_timeout error: Protocol not available (os error 92)
[2026-10-05--22-53-34 WARN hyper_util::client::legacy::connect::http] tcp set_tcp_user_timeout error: Protocol not available (os error 92)
[2026-10-05--22-53-34 WARN hyper_util::client::legacy::connect::http] tcp set_tcp_user_timeout error: Protocol not available (os error 92)
[2026-10-05--22-53-34 WARN hyper_util::client::legacy::connect::http] tcp set_tcp_user_timeout error: Protocol not available (os error 92)
[2026-10-05--22-53-34 WARN hyper_util::client::legacy::connect::http] tcp set_tcp_user_timeout error: Protocol not available (os error 92)
[2026-10-05--22-53-34 WARN hyper_util::client::legacy::connect::http] tcp set_tcp_user_timeout error: Protocol not available (os error 92)
[2026-10-05--22-53-34 WARN hyper_util::client::legacy::connect::http] tcp set_tcp_user_timeout error: Protocol not available (os error 92)
[2026-10-05--22-53-34 WARN hyper_util::client::legacy::connect::http] tcp set_tcp_user_timeout error: Protocol not available (os error 92)
[2026-10-05--22-53-35 WARN hyper_util::client::legacy::connect::http] tcp set_tcp_user_timeout error: Protocol not available (os error 92)
[2026-10-05--22-53-35 INFO txtx::svm::deploy_program] Buffer Ready - Writing to buffer account is complete
[2026-10-05--22-53-35 WARN hyper_util::client::legacy::connect::http] tcp set_tcp_user_timeout error: Protocol not available (os error 92)
[2026-10-05--22-53-35 WARN hyper_util::client::legacy::connect::http] tcp set_tcp_user_timeout error: Protocol not available (os error 92)
[2026-10-05--22-53-35 WARN hyper_util::client::legacy::connect::http] tcp set_tcp_user_timeout error: Protocol not available (os error 92)
[2026-10-05--22-53-40 WARN hyper_util::client::legacy::connect::http] tcp set_tcp_user_timeout error: Protocol not available (os error 92)
[2026-10-05--22-53-40 WARN hyper_util::client::legacy::connect::http] tcp set_tcp_user_timeout error: Protocol not available (os error 92)
[2026-10-05--22-53-40 INFO txtx::svm::deploy_program] Program Created - Program GVtfTnNDsgcFB89yvS3E98iwWqKeRAx2XHfPQ5GVgZU4 has been deployed
[2026-10-05--22-53-40 WARN hyper_util::client::legacy::connect::http] tcp set_tcp_user_timeout error: Protocol not available (os error 92)
[2026-10-05--22-53-40 WARN hyper_util::client::legacy::connect::http] tcp set_tcp_user_timeout error: Protocol not available (os error 92)
[2026-10-05--22-53-41 WARN hyper_util::client::legacy::connect::http] tcp set_tcp_user_timeout error: Protocol not available (os error 92)
[2026-10-05--22-53-41 WARN hyper_util::client::legacy::connect::http] tcp set_tcp_user_timeout error: Protocol not available (os error 92)
[2026-10-05--22-53-41 WARN hyper_util::client::legacy::connect::http] tcp set_tcp_user_timeout error: Protocol not available (os error 92)
[2026-10-05--22-53-41 WARN hyper_util::client::legacy::connect::http] tcp set_tcp_user_timeout error: Protocol not available (os error 92)
[2026-10-05--22-53-41 WARN hyper_util::client::legacy::connect::http] tcp set_tcp_user_timeout error: Protocol not available (os error 92)
[2026-10-05--22-53-41 WARN hyper_util::client::legacy::connect::http] tcp set_tcp_user_timeout error: Protocol not available (os error 92)
[2026-10-05--22-53-41 WARN hyper_util::client::legacy::connect::http] tcp set_tcp_user_timeout error: Protocol not available (os error 92)
[2026-10-05--22-53-41 WARN hyper_util::client::legacy::connect::http] tcp set_tcp_user_timeout error: Protocol not available (os error 92)
[2026-10-05--22-53-41 INFO txtx::svm::deploy_program] Complete - Ephemeral authority account closed and leftover funds returned to payer
[2026-10-05--22-54-44 WARN hyper_util::client::legacy::connect::http] tcp set_tcp_user_timeout error: Protocol not available (os error 92)
[2026-10-05--22-54-49 WARN hyper_util::client::legacy::connect::http] tcp set_tcp_user_timeout error: Protocol not available (os error 92)
[2026-10-05--22-54-49 INFO parity_ws::io] Accepted a new tcp connection from 127.0.0.1:51002.
[2026-10-05--22-54-57 INFO parity_ws::io] Accepted a new tcp connection from 127.0.0.1:51006.
[2026-10-05--22-55-07 WARN hyper_util::client::legacy::connect::http] tcp set_tcp_user_timeout error: Protocol not available (os error 92)
[2026-10-05--22-55-07 WARN hyper_util::client::legacy::connect::http] tcp set_tcp_user_timeout error: Protocol not available (os error 92)
[2026-10-05--22-55-08 WARN hyper_util::client::legacy::connect::http] tcp set_tcp_user_timeout error: Protocol not available (os error 92)
[2026-10-05--22-57-29 WARN hyper_util::client::legacy::connect::http] tcp set_tcp_user_timeout error: Protocol not available (os error 92)
[2026-10-05--22-57-33 INFO parity_ws::io] Accepted a new tcp connection from 127.0.0.1:51073.
[2026-10-05--22-57-44 WARN hyper_util::client::legacy::connect::http] tcp set_tcp_user_timeout error: Protocol not available (os error 92)
[2026-10-05--22-58-02 WARN hyper_util::client::legacy::connect::http] tcp set_tcp_user_timeout error: Protocol not available (os error 92)
[2026-10-05--22-58-03 INFO parity_ws::io] Accepted a new tcp connection from 127.0.0.1:51078.
[2026-10-05--22-58-03 WARN hyper_util::client::legacy::connect::http] tcp set_tcp_user_timeout error: Protocol not available (os error 92)
[2026-10-05--23-00-29 WARN hyper_util::client::legacy::connect::http] tcp set_tcp_user_timeout error: Protocol not available (os error 92)
[2026-10-05--23-00-31 INFO parity_ws::io] Accepted a new tcp connection from 127.0.0.1:51129.
[2026-10-05--23-00-42 WARN hyper_util::client::legacy::connect::http] tcp set_tcp_user_timeout error: Protocol not available (os error 92)
[2026-10-05--23-01-00 INFO parity_ws::io] Accepted a new tcp connection from 127.0.0.1:51133.
[2026-10-05--23-01-02 WARN hyper_util::client::legacy::connect::http] tcp set_tcp_user_timeout error: Protocol not available (os error 92)
[2026-10-05--23-01-02 INFO parity_ws::io] Accepted a new tcp connection from 127.0.0.1:51135.
[2026-10-05--23-01-07 WARN hyper_util::client::legacy::connect::http] tcp set_tcp_user_timeout error: Protocol not available (os error 92)
[2026-10-05--23-01-07 INFO parity_ws::io] Accepted a new tcp connection from 127.0.0.1:51140.
[2026-10-05--23-01-08 WARN hyper_util::client::legacy::connect::http] tcp set_tcp_user_timeout error: Protocol not available (os error 92)
[2026-10-05--23-01-13 WARN hyper_util::client::legacy::connect::http] tcp set_tcp_user_timeout error: Protocol not available (os error 92)
[2026-10-05--23-01-14 INFO parity_ws::io] Accepted a new tcp connection from 127.0.0.1:51144.
[2026-10-05--23-01-14 WARN hyper_util::client::legacy::connect::http] tcp set_tcp_user_timeout error: Protocol not available (os error 92)
[2026-10-05--23-01-19 WARN hyper_util::client::legacy::connect::http] tcp set_tcp_user_timeout error: Protocol not available (os error 92)
[2026-10-05--23-01-20 INFO parity_ws::io] Accepted a new tcp connection from 127.0.0.1:51147.
[2026-10-05--23-01-26 WARN hyper_util::client::legacy::connect::http] tcp set_tcp_user_timeout error: Protocol not available (os error 92)
[2026-10-05--23-01-26 INFO parity_ws::io] Accepted a new tcp connection from 127.0.0.1:51153.
[2026-10-05--23-01-26 WARN hyper_util::client::legacy::connect::http] tcp set_tcp_user_timeout error: Protocol not available (os error 92)
[2026-10-05--23-01-27 WARN hyper_util::client::legacy::connect::http] tcp set_tcp_user_timeout error: Protocol not available (os error 92)
[2026-10-05--23-01-27 INFO parity_ws::io] Accepted a new tcp connection from 127.0.0.1:51161.
[2026-10-05--23-08-38 WARN hyper_util::client::legacy::connect::http] tcp set_tcp_user_timeout error: Protocol not available (os error 92)
[2026-10-05--23-08-38 WARN hyper_util::client::legacy::connect::http] tcp set_tcp_user_timeout error: Protocol not available (os error 92)
[2026-10-05--23-08-44 WARN hyper_util::client::legacy::connect::http] tcp set_tcp_user_timeout error: Protocol not available (os error 92)
